/*
Navicat MySQL Data Transfer

Source Server         : localhost
Source Server Version : 50505
Source Host           : localhost:3306
Source Database       : shop

Target Server Type    : MYSQL
Target Server Version : 50505
File Encoding         : 65001

Date: 2019-03-28 19:05:24
*/

SET FOREIGN_KEY_CHECKS=0;

-- ----------------------------
-- Table structure for mc_address
-- ----------------------------
DROP TABLE IF EXISTS `mc_address`;
CREATE TABLE `mc_address` (
  `address_id` int(11) NOT NULL AUTO_INCREMENT,
  `customer_id` int(11) NOT NULL,
  `firstname` varchar(32) NOT NULL,
  `lastname` varchar(32) NOT NULL,
  `company` varchar(40) NOT NULL,
  `address_1` varchar(128) NOT NULL,
  `address_2` varchar(128) NOT NULL,
  `city` varchar(128) NOT NULL,
  `postcode` varchar(10) NOT NULL,
  `country_id` int(11) NOT NULL DEFAULT '0',
  `zone_id` int(11) NOT NULL DEFAULT '0',
  `custom_field` text NOT NULL,
  `city_id` int(11) NOT NULL,
  `district_id` int(11) NOT NULL,
  `telephone` varchar(32) NOT NULL,
  PRIMARY KEY (`address_id`),
  KEY `customer_id` (`customer_id`)
) ENGINE=MyISAM DEFAULT CHARSET=utf8;

-- ----------------------------
-- Records of mc_address
-- ----------------------------

-- ----------------------------
-- Table structure for mc_api
-- ----------------------------
DROP TABLE IF EXISTS `mc_api`;
CREATE TABLE `mc_api` (
  `api_id` int(11) NOT NULL AUTO_INCREMENT,
  `username` varchar(64) NOT NULL,
  `key` text NOT NULL,
  `status` tinyint(1) NOT NULL,
  `date_added` datetime NOT NULL,
  `date_modified` datetime NOT NULL,
  PRIMARY KEY (`api_id`)
) ENGINE=MyISAM AUTO_INCREMENT=3 DEFAULT CHARSET=utf8;

-- ----------------------------
-- Records of mc_api
-- ----------------------------
INSERT INTO `mc_api` VALUES ('1', 'Default', '4dIXlZnOHIlcjkij6KGB7PHJxQETxLaQWwHBERzD7zCTfnxHBUPOjuFjNPRv5PQF2LedXCQVxlT1uzyYEiZYAHcLBE72FXB4P0ArleMeFnLck4EZOfG5uuVOmHbuFYLegLORfdL0z0sPASgMabVnguVnNEdS00NhxpMdJUMKPP1UGoOUBXwXweGHV2QcurN1ijTVoDzPL0TCrqmijk04VFz3e4PS4DnLUfl0TgTbXCMuNhVP74XzrwaYxQLdWSn4', '1', '2017-09-05 05:47:06', '2017-09-05 05:47:47');
INSERT INTO `mc_api` VALUES ('2', 'Default', '3biCZghnPg035CB0jXwG0p5TcoLA4MuSlOsqtalaAelGWnKbblLFIF4pcoxlIrK0XNsUA0VXiyjiYSC1akgWsSRDl9o0c9Y9g10wOcyrF6YIIJQ0vzqugXoMxf8bQ1lFfl8TRwQ38u6A6XnfonrR6WKki3rCjSGmLSbHzfcYPDLU3g99wkFiritqMtXzfYLeSNxCpH3gwT5XCJa3gm7vduIeiX2E097o4eFmRRIQJNTSP80tS8sH2ZIfU7HgUewO', '1', '2019-03-26 09:27:36', '2019-03-26 09:27:36');

-- ----------------------------
-- Table structure for mc_api_ip
-- ----------------------------
DROP TABLE IF EXISTS `mc_api_ip`;
CREATE TABLE `mc_api_ip` (
  `api_ip_id` int(11) NOT NULL AUTO_INCREMENT,
  `api_id` int(11) NOT NULL,
  `ip` varchar(40) NOT NULL,
  PRIMARY KEY (`api_ip_id`)
) ENGINE=MyISAM AUTO_INCREMENT=2 DEFAULT CHARSET=utf8;

-- ----------------------------
-- Records of mc_api_ip
-- ----------------------------
INSERT INTO `mc_api_ip` VALUES ('1', '2', '127.0.0.1');

-- ----------------------------
-- Table structure for mc_api_session
-- ----------------------------
DROP TABLE IF EXISTS `mc_api_session`;
CREATE TABLE `mc_api_session` (
  `api_session_id` int(11) NOT NULL AUTO_INCREMENT,
  `api_id` int(11) NOT NULL,
  `session_id` varchar(32) NOT NULL,
  `ip` varchar(40) NOT NULL,
  `date_added` datetime NOT NULL,
  `date_modified` datetime NOT NULL,
  PRIMARY KEY (`api_session_id`)
) ENGINE=MyISAM AUTO_INCREMENT=13 DEFAULT CHARSET=utf8;

-- ----------------------------
-- Records of mc_api_session
-- ----------------------------
INSERT INTO `mc_api_session` VALUES ('1', '2', '41403e4d5514048160796d03af', '127.0.0.1', '2019-03-26 11:34:44', '2019-03-26 11:34:44');
INSERT INTO `mc_api_session` VALUES ('2', '2', '9b959657fc460485839153999a', '127.0.0.1', '2019-03-26 11:35:45', '2019-03-26 11:35:45');
INSERT INTO `mc_api_session` VALUES ('3', '2', '761708b5dea965b11b7205a101', '127.0.0.1', '2019-03-26 14:24:31', '2019-03-26 14:24:31');
INSERT INTO `mc_api_session` VALUES ('4', '2', 'acb8f0e6b7bfb40c49b8ad964b', '127.0.0.1', '2019-03-26 15:58:59', '2019-03-26 15:58:59');
INSERT INTO `mc_api_session` VALUES ('5', '2', '99300c7e33fd9bff8b07ad45f6', '127.0.0.1', '2019-03-27 16:22:34', '2019-03-27 16:22:34');
INSERT INTO `mc_api_session` VALUES ('6', '2', '56d330b9661bc516d1cc4eb9ef', '127.0.0.1', '2019-03-27 16:28:52', '2019-03-27 16:28:52');
INSERT INTO `mc_api_session` VALUES ('7', '2', '4cf9f0acfbc897e402002d0da8', '127.0.0.1', '2019-03-27 16:41:31', '2019-03-27 16:41:31');
INSERT INTO `mc_api_session` VALUES ('8', '2', 'e004f02b2a0d03d90cad8552cf', '127.0.0.1', '2019-03-27 16:47:32', '2019-03-27 16:47:32');
INSERT INTO `mc_api_session` VALUES ('9', '2', '24698c0b8d1bf8999d441fa49a', '127.0.0.1', '2019-03-27 16:48:20', '2019-03-27 16:48:20');
INSERT INTO `mc_api_session` VALUES ('10', '2', '14cbe8c11a1a16d789b8bd6225', '127.0.0.1', '2019-03-28 17:19:17', '2019-03-28 17:19:17');
INSERT INTO `mc_api_session` VALUES ('11', '2', '4fba0b3dcd2ae3e2df244bd6a1', '127.0.0.1', '2019-03-28 17:28:52', '2019-03-28 17:28:52');
INSERT INTO `mc_api_session` VALUES ('12', '2', '4fbef6f953c2c24b756a976121', '127.0.0.1', '2019-03-28 17:29:17', '2019-03-28 17:29:17');

-- ----------------------------
-- Table structure for mc_attribute
-- ----------------------------
DROP TABLE IF EXISTS `mc_attribute`;
CREATE TABLE `mc_attribute` (
  `attribute_id` int(11) NOT NULL AUTO_INCREMENT,
  `attribute_group_id` int(11) NOT NULL,
  `sort_order` int(3) NOT NULL,
  PRIMARY KEY (`attribute_id`)
) ENGINE=MyISAM AUTO_INCREMENT=12 DEFAULT CHARSET=utf8;

-- ----------------------------
-- Records of mc_attribute
-- ----------------------------
INSERT INTO `mc_attribute` VALUES ('1', '6', '1');
INSERT INTO `mc_attribute` VALUES ('2', '6', '5');
INSERT INTO `mc_attribute` VALUES ('3', '6', '3');
INSERT INTO `mc_attribute` VALUES ('4', '3', '1');
INSERT INTO `mc_attribute` VALUES ('5', '3', '2');
INSERT INTO `mc_attribute` VALUES ('6', '3', '3');
INSERT INTO `mc_attribute` VALUES ('7', '3', '4');
INSERT INTO `mc_attribute` VALUES ('8', '3', '5');
INSERT INTO `mc_attribute` VALUES ('9', '3', '6');
INSERT INTO `mc_attribute` VALUES ('10', '3', '7');
INSERT INTO `mc_attribute` VALUES ('11', '3', '8');

-- ----------------------------
-- Table structure for mc_attribute_description
-- ----------------------------
DROP TABLE IF EXISTS `mc_attribute_description`;
CREATE TABLE `mc_attribute_description` (
  `attribute_id` int(11) NOT NULL,
  `language_id` int(11) NOT NULL,
  `name` varchar(64) NOT NULL,
  PRIMARY KEY (`attribute_id`,`language_id`)
) ENGINE=MyISAM DEFAULT CHARSET=utf8;

-- ----------------------------
-- Records of mc_attribute_description
-- ----------------------------
INSERT INTO `mc_attribute_description` VALUES ('4', '3', '测试 1');
INSERT INTO `mc_attribute_description` VALUES ('5', '3', '测试 2');
INSERT INTO `mc_attribute_description` VALUES ('6', '3', '测试 3');
INSERT INTO `mc_attribute_description` VALUES ('7', '3', '测试 4');
INSERT INTO `mc_attribute_description` VALUES ('8', '3', '测试 5');
INSERT INTO `mc_attribute_description` VALUES ('9', '3', '测试 6');
INSERT INTO `mc_attribute_description` VALUES ('10', '3', '测试 7');
INSERT INTO `mc_attribute_description` VALUES ('11', '3', '测试 8');
INSERT INTO `mc_attribute_description` VALUES ('1', '2', 'Description');
INSERT INTO `mc_attribute_description` VALUES ('2', '2', 'No. of Cores');
INSERT INTO `mc_attribute_description` VALUES ('4', '2', 'test 1');
INSERT INTO `mc_attribute_description` VALUES ('5', '2', 'test  2');
INSERT INTO `mc_attribute_description` VALUES ('6', '2', 'test 3');
INSERT INTO `mc_attribute_description` VALUES ('7', '2', 'test 4');
INSERT INTO `mc_attribute_description` VALUES ('8', '2', 'test 5');
INSERT INTO `mc_attribute_description` VALUES ('9', '2', 'test 6');
INSERT INTO `mc_attribute_description` VALUES ('10', '2', 'test 7');
INSERT INTO `mc_attribute_description` VALUES ('11', '2', 'test 8');
INSERT INTO `mc_attribute_description` VALUES ('3', '2', 'Clockspeed');
INSERT INTO `mc_attribute_description` VALUES ('1', '1', '描述');
INSERT INTO `mc_attribute_description` VALUES ('2', '1', '核数');
INSERT INTO `mc_attribute_description` VALUES ('4', '1', '测试 1');
INSERT INTO `mc_attribute_description` VALUES ('5', '1', '测试 2');
INSERT INTO `mc_attribute_description` VALUES ('6', '1', '测试 3');
INSERT INTO `mc_attribute_description` VALUES ('7', '1', '测试 4');
INSERT INTO `mc_attribute_description` VALUES ('8', '1', '测试 5');
INSERT INTO `mc_attribute_description` VALUES ('9', '1', '测试 6');
INSERT INTO `mc_attribute_description` VALUES ('10', '1', '测试 7');
INSERT INTO `mc_attribute_description` VALUES ('11', '1', '测试 8');
INSERT INTO `mc_attribute_description` VALUES ('3', '1', '时钟');
INSERT INTO `mc_attribute_description` VALUES ('3', '3', '时钟');
INSERT INTO `mc_attribute_description` VALUES ('1', '3', '描述');
INSERT INTO `mc_attribute_description` VALUES ('2', '3', '核数');

-- ----------------------------
-- Table structure for mc_attribute_group
-- ----------------------------
DROP TABLE IF EXISTS `mc_attribute_group`;
CREATE TABLE `mc_attribute_group` (
  `attribute_group_id` int(11) NOT NULL AUTO_INCREMENT,
  `sort_order` int(3) NOT NULL,
  PRIMARY KEY (`attribute_group_id`)
) ENGINE=MyISAM AUTO_INCREMENT=7 DEFAULT CHARSET=utf8;

-- ----------------------------
-- Records of mc_attribute_group
-- ----------------------------
INSERT INTO `mc_attribute_group` VALUES ('3', '2');
INSERT INTO `mc_attribute_group` VALUES ('4', '1');
INSERT INTO `mc_attribute_group` VALUES ('5', '3');
INSERT INTO `mc_attribute_group` VALUES ('6', '4');

-- ----------------------------
-- Table structure for mc_attribute_group_description
-- ----------------------------
DROP TABLE IF EXISTS `mc_attribute_group_description`;
CREATE TABLE `mc_attribute_group_description` (
  `attribute_group_id` int(11) NOT NULL,
  `language_id` int(11) NOT NULL,
  `name` varchar(64) NOT NULL,
  PRIMARY KEY (`attribute_group_id`,`language_id`)
) ENGINE=MyISAM DEFAULT CHARSET=utf8;

-- ----------------------------
-- Records of mc_attribute_group_description
-- ----------------------------
INSERT INTO `mc_attribute_group_description` VALUES ('3', '3', '内存');
INSERT INTO `mc_attribute_group_description` VALUES ('6', '3', '处理器');
INSERT INTO `mc_attribute_group_description` VALUES ('4', '3', '技术参数');
INSERT INTO `mc_attribute_group_description` VALUES ('3', '2', 'Memory');
INSERT INTO `mc_attribute_group_description` VALUES ('4', '2', 'Technical');
INSERT INTO `mc_attribute_group_description` VALUES ('5', '2', 'Motherboard');
INSERT INTO `mc_attribute_group_description` VALUES ('6', '2', 'Processor');
INSERT INTO `mc_attribute_group_description` VALUES ('3', '1', '内存');
INSERT INTO `mc_attribute_group_description` VALUES ('4', '1', '技术参数');
INSERT INTO `mc_attribute_group_description` VALUES ('5', '3', '主板');
INSERT INTO `mc_attribute_group_description` VALUES ('6', '1', '处理器');
INSERT INTO `mc_attribute_group_description` VALUES ('5', '1', '主板');

-- ----------------------------
-- Table structure for mc_banner
-- ----------------------------
DROP TABLE IF EXISTS `mc_banner`;
CREATE TABLE `mc_banner` (
  `banner_id` int(11) NOT NULL AUTO_INCREMENT,
  `name` varchar(64) NOT NULL,
  `status` tinyint(1) NOT NULL,
  PRIMARY KEY (`banner_id`)
) ENGINE=MyISAM AUTO_INCREMENT=9 DEFAULT CHARSET=utf8;

-- ----------------------------
-- Records of mc_banner
-- ----------------------------
INSERT INTO `mc_banner` VALUES ('6', '侧边广告图片', '1');
INSERT INTO `mc_banner` VALUES ('7', '首页幻灯片', '1');
INSERT INTO `mc_banner` VALUES ('8', '品牌展示', '1');

-- ----------------------------
-- Table structure for mc_banner_image
-- ----------------------------
DROP TABLE IF EXISTS `mc_banner_image`;
CREATE TABLE `mc_banner_image` (
  `banner_image_id` int(11) NOT NULL AUTO_INCREMENT,
  `banner_id` int(11) NOT NULL,
  `language_id` int(11) NOT NULL,
  `title` varchar(64) NOT NULL,
  `link` varchar(255) NOT NULL,
  `image` varchar(255) NOT NULL,
  `sort_order` int(3) NOT NULL DEFAULT '0',
  PRIMARY KEY (`banner_image_id`)
) ENGINE=MyISAM AUTO_INCREMENT=260 DEFAULT CHARSET=utf8;

-- ----------------------------
-- Records of mc_banner_image
-- ----------------------------
INSERT INTO `mc_banner_image` VALUES ('179', '6', '3', 'HP Banner', 'index.php?route=product/manufacturer/info&amp;manufacturer_id=7', 'catalog/demo/compaq_presario.jpg', '0');
INSERT INTO `mc_banner_image` VALUES ('259', '7', '3', '客廳 2', 'index.php?route=product/product&amp;path=34_43&amp;product_id=34', 'catalog/demo/slider/slide2.jpg', '2');
INSERT INTO `mc_banner_image` VALUES ('258', '7', '3', '客廳 1', 'index.php?route=product/product&amp;path=57&amp;product_id=49', 'catalog/demo/slider/slide1.jpg', '1');
INSERT INTO `mc_banner_image` VALUES ('178', '6', '2', 'HP Banner', 'index.php?route=product/manufacturer/info&amp;manufacturer_id=7', 'catalog/demo/compaq_presario.jpg', '0');
INSERT INTO `mc_banner_image` VALUES ('252', '8', '3', 'Starbucks', '', '', '0');
INSERT INTO `mc_banner_image` VALUES ('253', '8', '3', 'Nintendo', '', '', '0');
INSERT INTO `mc_banner_image` VALUES ('251', '8', '3', 'Disney', '', '', '0');
INSERT INTO `mc_banner_image` VALUES ('248', '8', '3', 'Canon', '', '', '0');
INSERT INTO `mc_banner_image` VALUES ('249', '8', '3', 'Harley Davidson', '', '', '0');
INSERT INTO `mc_banner_image` VALUES ('250', '8', '3', 'Dell', '', '', '0');
INSERT INTO `mc_banner_image` VALUES ('247', '8', '3', 'Burger King', '', '', '0');
INSERT INTO `mc_banner_image` VALUES ('257', '7', '2', 'Living Room 2', 'index.php?route=product/product&amp;path=34_43&amp;product_id=34', 'catalog/demo/slider/slide2.jpg', '2');
INSERT INTO `mc_banner_image` VALUES ('177', '6', '1', 'HP Banner', 'index.php?route=product/manufacturer/info&amp;manufacturer_id=7', 'catalog/demo/banners/banner_left.jpg', '0');
INSERT INTO `mc_banner_image` VALUES ('246', '8', '3', 'NFL', '', '', '0');
INSERT INTO `mc_banner_image` VALUES ('245', '8', '3', 'RedBull', '', '', '0');
INSERT INTO `mc_banner_image` VALUES ('243', '8', '3', 'Coca Cola', '', '', '0');
INSERT INTO `mc_banner_image` VALUES ('244', '8', '3', 'Sony', '', '', '0');
INSERT INTO `mc_banner_image` VALUES ('242', '8', '2', 'Nintendo', '', '', '0');
INSERT INTO `mc_banner_image` VALUES ('241', '8', '2', 'Starbucks', '', '', '0');
INSERT INTO `mc_banner_image` VALUES ('240', '8', '2', 'Disney', '', '', '0');
INSERT INTO `mc_banner_image` VALUES ('256', '7', '2', 'Living Room 1', 'index.php?route=product/product&amp;path=57&amp;product_id=49', 'catalog/demo/slider/slide1.jpg', '1');
INSERT INTO `mc_banner_image` VALUES ('237', '8', '2', 'Canon', '', '', '0');
INSERT INTO `mc_banner_image` VALUES ('238', '8', '2', 'Harley Davidson', '', '', '0');
INSERT INTO `mc_banner_image` VALUES ('239', '8', '2', 'Dell', '', '', '0');
INSERT INTO `mc_banner_image` VALUES ('255', '7', '1', '客厅 2', 'index.php?route=product/product&amp;path=34_43&amp;product_id=34', 'catalog/demo/slider/slide2.jpg', '2');
INSERT INTO `mc_banner_image` VALUES ('234', '8', '2', 'Sony', '', '', '0');
INSERT INTO `mc_banner_image` VALUES ('235', '8', '2', 'Coca Cola', '', '', '0');
INSERT INTO `mc_banner_image` VALUES ('236', '8', '2', 'Burger King', '', '', '0');
INSERT INTO `mc_banner_image` VALUES ('232', '8', '2', 'NFL', '', '', '0');
INSERT INTO `mc_banner_image` VALUES ('233', '8', '2', 'RedBull', '', '', '0');
INSERT INTO `mc_banner_image` VALUES ('231', '8', '1', 'Nintendo', '', 'catalog/demo/manufacturer/brand_1.png', '0');
INSERT INTO `mc_banner_image` VALUES ('229', '8', '1', 'Disney', '', 'catalog/demo/manufacturer/brand_2.png', '0');
INSERT INTO `mc_banner_image` VALUES ('230', '8', '1', 'Starbucks', '', 'catalog/demo/manufacturer/brand_4.png', '0');
INSERT INTO `mc_banner_image` VALUES ('227', '8', '1', 'Harley Davidson', '', 'catalog/demo/manufacturer/brand_4.png', '0');
INSERT INTO `mc_banner_image` VALUES ('228', '8', '1', 'Dell', '', 'catalog/demo/manufacturer/brand_1.png', '0');
INSERT INTO `mc_banner_image` VALUES ('254', '7', '1', '客厅 1', 'index.php?route=product/product&amp;path=57&amp;product_id=49', 'catalog/demo/slider/slide1.jpg', '1');
INSERT INTO `mc_banner_image` VALUES ('226', '8', '1', 'Canon', '', 'catalog/demo/manufacturer/brand_3.png', '0');
INSERT INTO `mc_banner_image` VALUES ('225', '8', '1', 'Burger King', '', 'catalog/demo/manufacturer/brand_2.png', '0');
INSERT INTO `mc_banner_image` VALUES ('224', '8', '1', 'Coca Cola', '', 'catalog/demo/manufacturer/brand_1.png', '0');
INSERT INTO `mc_banner_image` VALUES ('223', '8', '1', 'Sony', '', 'catalog/demo/manufacturer/brand_4.png', '0');
INSERT INTO `mc_banner_image` VALUES ('222', '8', '1', 'RedBull', '', 'catalog/demo/manufacturer/brand_2.png', '0');
INSERT INTO `mc_banner_image` VALUES ('221', '8', '1', 'NFL', '', 'catalog/demo/manufacturer/brand_1.png', '0');

-- ----------------------------
-- Table structure for mc_blog
-- ----------------------------
DROP TABLE IF EXISTS `mc_blog`;
CREATE TABLE `mc_blog` (
  `blog_id` int(11) NOT NULL AUTO_INCREMENT,
  `blog_category_id` int(11) NOT NULL,
  `created` date NOT NULL,
  `status` tinyint(1) NOT NULL,
  `user_id` int(11) NOT NULL,
  `hits` int(11) NOT NULL,
  `image` varchar(255) NOT NULL,
  `video_code` text NOT NULL,
  `featured` tinyint(1) NOT NULL,
  `keyword` varchar(255) NOT NULL,
  `sort_order` tinyint(4) NOT NULL,
  `date_added` datetime NOT NULL,
  `date_modified` datetime NOT NULL,
  PRIMARY KEY (`blog_id`)
) ENGINE=MyISAM AUTO_INCREMENT=18 DEFAULT CHARSET=utf8;

-- ----------------------------
-- Records of mc_blog
-- ----------------------------
INSERT INTO `mc_blog` VALUES ('1', '0', '2016-01-15', '1', '2', '34', 'catalog/demo/blog/blog-1.jpg', '0', '0', '', '1', '2016-01-13 21:25:09', '2016-03-13 14:59:00');
INSERT INTO `mc_blog` VALUES ('2', '0', '2016-01-13', '1', '2', '71', 'catalog/demo/blog/blog-2.jpg', '', '0', '', '2', '2016-01-14 09:36:37', '2016-08-22 12:07:16');
INSERT INTO `mc_blog` VALUES ('3', '0', '2016-01-17', '1', '2', '17', 'catalog/demo/blog/blog-3.jpg', '', '0', '', '1', '2016-01-19 14:00:48', '2016-03-13 16:29:40');
INSERT INTO `mc_blog` VALUES ('4', '0', '2016-01-18', '1', '2', '17', 'catalog/demo/blog/blog-4.jpg', '', '0', '', '1', '2016-01-19 14:01:28', '2016-08-10 15:43:19');
INSERT INTO `mc_blog` VALUES ('5', '0', '2016-01-14', '1', '2', '6', 'catalog/demo/blog/blog-5.jpg', '', '0', '', '1', '2016-01-19 14:02:13', '2016-03-13 16:29:59');
INSERT INTO `mc_blog` VALUES ('6', '0', '2016-03-13', '1', '1', '5', 'catalog/demo/blog/blog-6.jpg', ' ', '0', '', '1', '2016-03-13 15:31:33', '2017-09-04 08:07:04');
INSERT INTO `mc_blog` VALUES ('7', '0', '2016-03-13', '1', '2', '4', 'catalog/demo/blog/blog-7.jpg', '', '0', '', '1', '2016-03-13 15:34:49', '2016-03-13 16:28:08');
INSERT INTO `mc_blog` VALUES ('8', '0', '2016-03-13', '1', '2', '5', 'catalog/demo/blog/blog-8.jpg', '', '0', '', '1', '2016-03-13 15:42:11', '2016-03-13 16:28:23');
INSERT INTO `mc_blog` VALUES ('9', '0', '2016-03-13', '1', '2', '5', 'catalog/demo/blog/blog-9.jpg', '', '0', '', '1', '2016-03-13 15:45:35', '2016-03-13 16:30:13');
INSERT INTO `mc_blog` VALUES ('10', '0', '2016-03-13', '1', '2', '10', 'catalog/demo/blog/blog-10.jpg', '', '0', '', '1', '2016-03-13 15:47:42', '2016-03-13 16:27:53');
INSERT INTO `mc_blog` VALUES ('11', '0', '2016-03-13', '1', '2', '4', 'catalog/demo/blog/blog-11.jpg', '', '0', '', '1', '2016-03-13 15:50:51', '2016-03-13 16:28:55');
INSERT INTO `mc_blog` VALUES ('12', '0', '2016-03-13', '1', '2', '8', 'catalog/demo/blog/blog-12.jpg', '', '0', '', '1', '2016-03-13 15:56:30', '2016-03-13 16:27:38');
INSERT INTO `mc_blog` VALUES ('13', '0', '2016-03-13', '1', '2', '9', 'catalog/demo/blog/blog-13.jpg', '', '0', '', '1', '2016-03-13 16:02:28', '2016-03-13 16:29:23');
INSERT INTO `mc_blog` VALUES ('14', '0', '2016-03-13', '1', '2', '9', 'catalog/demo/blog/blog-14.jpg', '', '0', '', '1', '2016-03-13 16:06:05', '2016-03-13 16:28:42');
INSERT INTO `mc_blog` VALUES ('15', '0', '2016-03-13', '1', '2', '15', 'catalog/demo/blog/blog-15.jpg', '', '0', '', '1', '2016-03-13 16:08:21', '2016-08-22 12:17:15');
INSERT INTO `mc_blog` VALUES ('16', '0', '2017-08-31', '1', '1', '0', 'catalog/demo/blog/blog-23.jpg', '  ', '0', '', '1', '2017-08-31 08:11:46', '2017-08-31 08:12:51');
INSERT INTO `mc_blog` VALUES ('17', '0', '2017-09-04', '1', '1', '1', '', '  ', '0', '', '1', '2017-09-04 09:48:28', '0000-00-00 00:00:00');

-- ----------------------------
-- Table structure for mc_blog_category
-- ----------------------------
DROP TABLE IF EXISTS `mc_blog_category`;
CREATE TABLE `mc_blog_category` (
  `blog_category_id` int(11) unsigned NOT NULL AUTO_INCREMENT,
  `image` varchar(255) NOT NULL DEFAULT '',
  `parent_id` int(11) NOT NULL DEFAULT '0',
  `is_group` smallint(6) NOT NULL DEFAULT '2',
  `width` varchar(255) DEFAULT NULL,
  `submenu_width` varchar(255) DEFAULT NULL,
  `colum_width` varchar(255) DEFAULT NULL,
  `submenu_colum_width` varchar(255) DEFAULT NULL,
  `item` varchar(255) DEFAULT NULL,
  `colums` varchar(255) DEFAULT '1',
  `type` varchar(255) NOT NULL,
  `is_content` smallint(6) NOT NULL DEFAULT '2',
  `show_title` smallint(6) NOT NULL DEFAULT '1',
  `level_depth` smallint(6) NOT NULL DEFAULT '0',
  `published` smallint(6) NOT NULL DEFAULT '1',
  `store_id` smallint(5) unsigned NOT NULL DEFAULT '0',
  `position` int(11) unsigned NOT NULL DEFAULT '0',
  `show_sub` smallint(6) NOT NULL DEFAULT '0',
  `url` varchar(255) DEFAULT NULL,
  `target` varchar(25) DEFAULT NULL,
  `privacy` smallint(5) unsigned NOT NULL DEFAULT '0',
  `position_type` varchar(25) DEFAULT 'top',
  `menu_class` varchar(25) DEFAULT NULL,
  `left` int(11) NOT NULL,
  `right` int(11) NOT NULL,
  `keyword` varchar(255) NOT NULL,
  `sort_order` tinyint(4) NOT NULL,
  `status` tinyint(1) NOT NULL,
  `date_added` datetime NOT NULL,
  `date_modified` datetime NOT NULL,
  PRIMARY KEY (`blog_category_id`)
) ENGINE=MyISAM AUTO_INCREMENT=12 DEFAULT CHARSET=utf8;

-- ----------------------------
-- Records of mc_blog_category
-- ----------------------------
INSERT INTO `mc_blog_category` VALUES ('1', '', '0', '2', null, null, null, null, null, '1', '', '2', '1', '0', '1', '0', '0', '0', null, null, '0', 'top', null, '0', '0', '', '1', '1', '2016-01-13 21:18:53', '2017-08-31 14:58:41');
INSERT INTO `mc_blog_category` VALUES ('2', '', '0', '2', null, null, null, null, null, '1', '', '2', '1', '0', '1', '0', '0', '0', null, null, '0', 'top', null, '0', '0', '', '2', '1', '2016-01-21 11:30:13', '2017-08-31 14:30:50');
INSERT INTO `mc_blog_category` VALUES ('8', '', '0', '2', null, null, null, null, null, '1', '', '2', '1', '0', '1', '0', '0', '0', null, null, '0', 'top', null, '0', '0', '', '7', '1', '2017-08-31 14:34:03', '2017-08-31 15:01:02');
INSERT INTO `mc_blog_category` VALUES ('9', '', '0', '2', null, null, null, null, null, '1', '', '2', '1', '0', '1', '0', '0', '0', null, null, '0', 'top', null, '0', '0', '', '4', '1', '2017-08-31 14:52:44', '2017-08-31 14:59:12');
INSERT INTO `mc_blog_category` VALUES ('6', 'catalog/demo/canon_logo.jpg', '0', '2', null, null, null, null, null, '1', '', '2', '1', '0', '1', '0', '0', '0', null, null, '0', 'top', null, '0', '0', '', '3', '1', '2016-01-21 11:33:00', '2017-08-31 14:58:55');
INSERT INTO `mc_blog_category` VALUES ('10', '', '0', '2', null, null, null, null, null, '1', '', '2', '1', '0', '1', '0', '0', '0', null, null, '0', 'top', null, '0', '0', '', '5', '1', '2017-08-31 14:54:18', '2017-08-31 14:59:24');
INSERT INTO `mc_blog_category` VALUES ('11', '', '0', '2', null, null, null, null, null, '1', '', '2', '1', '0', '1', '0', '0', '0', null, null, '0', 'top', null, '0', '0', '', '6', '1', '2017-08-31 14:58:25', '2017-08-31 14:59:33');

-- ----------------------------
-- Table structure for mc_blog_category_description
-- ----------------------------
DROP TABLE IF EXISTS `mc_blog_category_description`;
CREATE TABLE `mc_blog_category_description` (
  `blog_category_id` int(11) NOT NULL,
  `language_id` int(11) NOT NULL,
  `name` varchar(255) NOT NULL,
  `description` text NOT NULL,
  `meta_title` varchar(255) NOT NULL,
  `meta_keyword` varchar(255) NOT NULL,
  `meta_description` text NOT NULL,
  PRIMARY KEY (`blog_category_id`,`language_id`),
  KEY `name` (`name`)
) ENGINE=MyISAM DEFAULT CHARSET=utf8;

-- ----------------------------
-- Records of mc_blog_category_description
-- ----------------------------
INSERT INTO `mc_blog_category_description` VALUES ('1', '1', '与神对话1', '&lt;p&gt;与神对话1&lt;br&gt;&lt;/p&gt;', '与神对话1', '与神对话1', '与神对话1');
INSERT INTO `mc_blog_category_description` VALUES ('1', '3', '与神对话1', '&lt;p&gt;与神对话1&lt;br&gt;&lt;/p&gt;', '与神对话1', '与神对话1', '与神对话1');
INSERT INTO `mc_blog_category_description` VALUES ('2', '2', 'Conversation With God 2', '&lt;p&gt;Conversation With God 2&lt;br&gt;&lt;/p&gt;', 'Conversation With God 2', 'Conversation With God 2', 'Conversation With God 2');
INSERT INTO `mc_blog_category_description` VALUES ('2', '1', '与神对话2', '&lt;p&gt;与神对话2&lt;br&gt;&lt;/p&gt;', '与神对话2', '与神对话2', '与神对话2');
INSERT INTO `mc_blog_category_description` VALUES ('2', '3', '与神对话2', '&lt;p&gt;与神对话2&lt;br&gt;&lt;/p&gt;', '与神对话2', '与神对话2', '与神对话2');
INSERT INTO `mc_blog_category_description` VALUES ('6', '2', 'Conversation With God 3', '&lt;p&gt;Conversation With God 3&lt;br&gt;&lt;/p&gt;', 'Conversation With God 3', 'Conversation With God 3', 'Conversation With God 3');
INSERT INTO `mc_blog_category_description` VALUES ('8', '3', '唤醒人类', '&lt;p&gt;唤醒人类&lt;br&gt;&lt;/p&gt;', '唤醒人类', '唤醒人类', '唤醒人类');
INSERT INTO `mc_blog_category_description` VALUES ('8', '2', 'Awake the species', '&lt;p&gt;Awake the species&lt;br&gt;&lt;/p&gt;', 'Awake the species', 'Awake the species', 'Awake the species');
INSERT INTO `mc_blog_category_description` VALUES ('8', '1', '唤醒人类', '&lt;p&gt;唤醒人类&lt;br&gt;&lt;/p&gt;', '唤醒人类', '唤醒人类', '唤醒人类');
INSERT INTO `mc_blog_category_description` VALUES ('9', '3', '与神为友', '&lt;p&gt;与神为友&lt;br&gt;&lt;/p&gt;', '与神为友', '与神为友', '与神为友');
INSERT INTO `mc_blog_category_description` VALUES ('6', '1', '与神对话3', '&lt;p&gt;与神对话3&lt;br&gt;&lt;/p&gt;', '与神对话3', '与神对话3', '与神对话3');
INSERT INTO `mc_blog_category_description` VALUES ('6', '3', '与神对话3', '&lt;p&gt;与神对话3&lt;br&gt;&lt;/p&gt;', '与神对话3', '与神对话3', '与神对话3');
INSERT INTO `mc_blog_category_description` VALUES ('1', '2', 'Conversation With God 1', '&lt;p&gt;Conversation With God 1&lt;br&gt;&lt;/p&gt;', 'Conversation With God 1', 'Conversation With God 1', 'Conversation With God 1');
INSERT INTO `mc_blog_category_description` VALUES ('9', '1', '与神为友', '&lt;p&gt;与神为友&lt;br&gt;&lt;/p&gt;', '与神为友', '与神为友', '与神为友');
INSERT INTO `mc_blog_category_description` VALUES ('9', '2', 'Be Friend With God', '&lt;p&gt;Be Friend With God&lt;br&gt;&lt;/p&gt;', 'Be Friend With God', 'Be Friend With God', 'Be Friend With God');
INSERT INTO `mc_blog_category_description` VALUES ('10', '1', '与神合一', '&lt;p&gt;与神合一&lt;br&gt;&lt;/p&gt;', '与神合一', '与神合一', '与神合一');
INSERT INTO `mc_blog_category_description` VALUES ('10', '3', '与神合一', '&lt;p&gt;与神合一&lt;br&gt;&lt;/p&gt;', '与神合一', '与神合一', '与神合一');
INSERT INTO `mc_blog_category_description` VALUES ('10', '2', 'Oneness with God', '&lt;p&gt;Oneness with God&lt;br&gt;&lt;/p&gt;', 'Oneness with God', 'Oneness with God', 'Oneness with God');
INSERT INTO `mc_blog_category_description` VALUES ('11', '1', '与神回家', '&lt;p&gt;与神回家&lt;br&gt;&lt;/p&gt;', '与神回家', '与神回家', '与神回家');
INSERT INTO `mc_blog_category_description` VALUES ('11', '3', '与神回家', '&lt;p&gt;与神回家&lt;br&gt;&lt;/p&gt;', '与神回家', '与神回家', '与神回家');
INSERT INTO `mc_blog_category_description` VALUES ('11', '2', 'Home With God', '&lt;p&gt;Home With God&lt;br&gt;&lt;/p&gt;', 'Home With God', 'Home With God', 'Home With God');

-- ----------------------------
-- Table structure for mc_blog_category_path
-- ----------------------------
DROP TABLE IF EXISTS `mc_blog_category_path`;
CREATE TABLE `mc_blog_category_path` (
  `blog_category_id` int(11) NOT NULL,
  `path_id` int(11) NOT NULL,
  `level` int(11) NOT NULL,
  PRIMARY KEY (`blog_category_id`,`path_id`)
) ENGINE=MyISAM DEFAULT CHARSET=utf8;

-- ----------------------------
-- Records of mc_blog_category_path
-- ----------------------------
INSERT INTO `mc_blog_category_path` VALUES ('1', '1', '0');
INSERT INTO `mc_blog_category_path` VALUES ('2', '2', '0');
INSERT INTO `mc_blog_category_path` VALUES ('11', '11', '0');
INSERT INTO `mc_blog_category_path` VALUES ('10', '10', '0');
INSERT INTO `mc_blog_category_path` VALUES ('9', '9', '0');
INSERT INTO `mc_blog_category_path` VALUES ('8', '8', '0');
INSERT INTO `mc_blog_category_path` VALUES ('6', '6', '0');

-- ----------------------------
-- Table structure for mc_blog_category_to_layout
-- ----------------------------
DROP TABLE IF EXISTS `mc_blog_category_to_layout`;
CREATE TABLE `mc_blog_category_to_layout` (
  `blog_category_id` int(11) NOT NULL,
  `store_id` int(11) NOT NULL,
  `layout_id` int(11) NOT NULL,
  PRIMARY KEY (`blog_category_id`,`store_id`)
) ENGINE=MyISAM DEFAULT CHARSET=utf8;

-- ----------------------------
-- Records of mc_blog_category_to_layout
-- ----------------------------
INSERT INTO `mc_blog_category_to_layout` VALUES ('1', '0', '0');
INSERT INTO `mc_blog_category_to_layout` VALUES ('2', '0', '0');
INSERT INTO `mc_blog_category_to_layout` VALUES ('8', '0', '0');
INSERT INTO `mc_blog_category_to_layout` VALUES ('9', '0', '0');
INSERT INTO `mc_blog_category_to_layout` VALUES ('10', '0', '0');
INSERT INTO `mc_blog_category_to_layout` VALUES ('6', '0', '0');
INSERT INTO `mc_blog_category_to_layout` VALUES ('11', '0', '0');

-- ----------------------------
-- Table structure for mc_blog_category_to_store
-- ----------------------------
DROP TABLE IF EXISTS `mc_blog_category_to_store`;
CREATE TABLE `mc_blog_category_to_store` (
  `blog_category_id` int(11) NOT NULL,
  `store_id` int(11) NOT NULL,
  PRIMARY KEY (`blog_category_id`,`store_id`)
) ENGINE=MyISAM DEFAULT CHARSET=utf8;

-- ----------------------------
-- Records of mc_blog_category_to_store
-- ----------------------------
INSERT INTO `mc_blog_category_to_store` VALUES ('1', '0');
INSERT INTO `mc_blog_category_to_store` VALUES ('2', '0');
INSERT INTO `mc_blog_category_to_store` VALUES ('6', '0');
INSERT INTO `mc_blog_category_to_store` VALUES ('8', '0');
INSERT INTO `mc_blog_category_to_store` VALUES ('9', '0');
INSERT INTO `mc_blog_category_to_store` VALUES ('10', '0');
INSERT INTO `mc_blog_category_to_store` VALUES ('11', '0');

-- ----------------------------
-- Table structure for mc_blog_comment
-- ----------------------------
DROP TABLE IF EXISTS `mc_blog_comment`;
CREATE TABLE `mc_blog_comment` (
  `blog_comment_id` int(11) unsigned NOT NULL AUTO_INCREMENT,
  `blog_id` int(11) unsigned NOT NULL,
  `customer_id` int(11) NOT NULL,
  `author` varchar(255) NOT NULL,
  `text` text NOT NULL,
  `status` tinyint(1) NOT NULL DEFAULT '0',
  `email` varchar(255) NOT NULL,
  `date_added` datetime NOT NULL,
  `date_modified` datetime NOT NULL,
  PRIMARY KEY (`blog_comment_id`),
  KEY `FK_blog_comment` (`blog_id`)
) ENGINE=MyISAM AUTO_INCREMENT=35 DEFAULT CHARSET=utf8;

-- ----------------------------
-- Records of mc_blog_comment
-- ----------------------------
INSERT INTO `mc_blog_comment` VALUES ('4', '2', '0', 'yyy', 'hhhh', '1', '', '2016-01-27 09:02:37', '2017-07-17 09:02:58');
INSERT INTO `mc_blog_comment` VALUES ('3', '2', '0', 'eeee', 'dddd', '1', '', '2016-01-27 09:00:23', '2017-07-17 09:02:58');
INSERT INTO `mc_blog_comment` VALUES ('5', '2', '0', 'fff', 'ggg', '1', '', '2016-01-27 19:06:02', '2017-07-17 09:02:58');
INSERT INTO `mc_blog_comment` VALUES ('6', '2', '0', 'aaa', 'bbb', '1', '', '2016-01-27 19:10:22', '2017-07-17 09:02:58');
INSERT INTO `mc_blog_comment` VALUES ('7', '2', '0', 'sss', 'ddd', '1', '', '2016-01-27 19:10:37', '2017-07-17 09:02:58');
INSERT INTO `mc_blog_comment` VALUES ('8', '2', '0', 'eee', 'rrr', '1', '', '2016-01-27 19:11:05', '2017-07-17 09:02:58');
INSERT INTO `mc_blog_comment` VALUES ('9', '2', '0', 'iii', 'kkk', '1', '', '2016-01-27 19:11:22', '2017-07-17 09:02:58');
INSERT INTO `mc_blog_comment` VALUES ('10', '2', '0', 'vvv', 'bbb', '1', '', '2016-01-27 19:11:37', '2017-07-17 09:02:58');
INSERT INTO `mc_blog_comment` VALUES ('11', '2', '0', 'ggg', 'hhh', '1', '', '2016-01-27 19:11:50', '2017-07-17 09:02:58');
INSERT INTO `mc_blog_comment` VALUES ('12', '2', '0', 'uuu', 'kkk', '1', '', '2016-01-27 19:11:57', '2017-07-17 09:02:58');
INSERT INTO `mc_blog_comment` VALUES ('13', '2', '0', 'ooo', 'ppp', '1', '', '2016-01-27 19:12:10', '2017-07-17 09:02:58');
INSERT INTO `mc_blog_comment` VALUES ('14', '2', '0', 'dfg', 'jhff', '1', '', '2016-01-27 19:12:17', '2017-07-17 09:02:58');
INSERT INTO `mc_blog_comment` VALUES ('15', '2', '0', 'tytyt', 'fsdfsdfs', '1', '', '2016-01-27 19:12:22', '2017-07-17 09:02:58');
INSERT INTO `mc_blog_comment` VALUES ('16', '2', '0', 'frfr', 'ffff', '1', '', '2016-01-27 19:15:46', '2017-07-17 09:02:58');
INSERT INTO `mc_blog_comment` VALUES ('17', '1', '0', '測試ing', '測試評論內容', '1', '', '2016-02-09 20:17:23', '2017-07-17 09:02:58');
INSERT INTO `mc_blog_comment` VALUES ('18', '1', '0', 'testone', 'tesing now', '1', '', '2016-02-09 20:17:53', '2017-07-17 09:02:58');
INSERT INTO `mc_blog_comment` VALUES ('19', '2', '0', 'tesdfdfd', 'dsfsdfsfsd', '1', '', '2016-02-13 14:17:50', '2017-07-17 09:02:58');
INSERT INTO `mc_blog_comment` VALUES ('20', '1', '0', 'testtwo', 'testing ok ', '1', '', '2016-02-13 14:51:27', '2017-07-17 09:02:58');
INSERT INTO `mc_blog_comment` VALUES ('21', '1', '0', 'testing yang', 'testing now', '1', '', '2016-03-13 16:32:38', '2017-07-17 09:02:58');
INSERT INTO `mc_blog_comment` VALUES ('22', '1', '2', '测试一', 'Testing by Yang', '0', '', '2016-08-10 19:19:30', '2017-07-17 09:02:58');
INSERT INTO `mc_blog_comment` VALUES ('23', '1', '2', '测试一', 'Testing by Yang', '0', '', '2016-08-10 19:19:46', '2017-07-17 09:02:58');
INSERT INTO `mc_blog_comment` VALUES ('24', '1', '2', '测试一', 'Testing by Yang 2016', '0', '', '2016-08-10 19:25:17', '2017-07-17 09:02:58');
INSERT INTO `mc_blog_comment` VALUES ('25', '1', '2', '测试一', 'Testing by Yang 2016', '0', '', '2016-08-10 19:27:11', '2017-07-17 09:02:58');
INSERT INTO `mc_blog_comment` VALUES ('26', '1', '2', '测试一', 'Testing by Yang 2016', '0', '', '2016-08-10 19:35:37', '2017-07-17 09:02:58');
INSERT INTO `mc_blog_comment` VALUES ('27', '1', '2', '测试一', 'Testing by Yang 2016', '1', '', '2016-08-10 19:37:15', '2016-08-10 19:38:47');
INSERT INTO `mc_blog_comment` VALUES ('28', '1', '2', '测试一', 'ceshiing', '1', '', '2016-08-10 19:39:38', '2017-07-17 09:02:58');
INSERT INTO `mc_blog_comment` VALUES ('29', '4', '2', '测试一', '测试登陆才可以评论', '1', '', '2016-08-10 19:40:43', '2017-07-17 09:02:58');
INSERT INTO `mc_blog_comment` VALUES ('30', '15', '1', '杨兆锋', '测试中评论', '1', '', '2016-08-22 14:45:07', '2017-07-17 09:02:58');
INSERT INTO `mc_blog_comment` VALUES ('31', '15', '1', 'testone', '再次测试', '1', '', '2016-08-22 14:46:49', '2016-08-22 14:47:03');
INSERT INTO `mc_blog_comment` VALUES ('32', '10', '6', '11111', 'mmmmm', '1', '', '2016-08-26 23:21:50', '2017-07-17 09:02:58');
INSERT INTO `mc_blog_comment` VALUES ('33', '15', '1', '杨兆锋', '测试邮件发送内容', '1', '', '2016-09-02 14:58:31', '2017-07-17 09:02:58');
INSERT INTO `mc_blog_comment` VALUES ('34', '15', '1', '杨兆锋', '再次测试邮件发送标题', '1', '', '2016-09-02 15:02:18', '2017-07-17 09:02:58');

-- ----------------------------
-- Table structure for mc_blog_description
-- ----------------------------
DROP TABLE IF EXISTS `mc_blog_description`;
CREATE TABLE `mc_blog_description` (
  `blog_id` int(11) NOT NULL,
  `language_id` int(11) NOT NULL,
  `title` varchar(255) NOT NULL,
  `brief` text NOT NULL,
  `description` text NOT NULL,
  `meta_title` varchar(255) NOT NULL,
  `meta_keyword` varchar(255) NOT NULL,
  `meta_description` varchar(255) NOT NULL,
  `tag` text NOT NULL
) ENGINE=MyISAM DEFAULT CHARSET=utf8;

-- ----------------------------
-- Records of mc_blog_description
-- ----------------------------
INSERT INTO `mc_blog_description` VALUES ('1', '2', '神在每一时刻、与每一个人说话', '我跟每个人说话，一向就是如此。问题不是在我跟谁说，而是谁在听？就拿基督为例，为什么有一些人，仿佛比别的人更能听到神的讯息？那因为有些人愿意真正倾听。他们愿意听，纵使当讯息看起来似乎是可怕，或疯狂，或根本就错误时，他们仍愿对这样的通讯保持开放的心态。 除非你不再告诉我你的真理，否则我无法告诉你我的真理。所有的人都是特别的，而所有的片刻也都珍贵如黄金。并没有哪一个人或哪一个时刻比其他的更特别。', '&lt;p&gt;我跟每个人说话，一向就是如此。问题不是在我跟谁说，而是谁在听？就拿基督为例，为什么有一些人，仿佛比别的人更能听到神的讯息？那因为有些人愿意真正倾听。他们愿意听，纵使当讯息看起来似乎是可怕，或疯狂，或根本就错误时，他们仍愿对这样的通讯保持开放的心态。 除非你不再告诉我你的真理，否则我无法告诉你我的真理。所有的人都是特别的，而所有的片刻也都珍贵如黄金。并没有哪一个人或哪一个时刻比其他的更特别。&lt;br&gt;&lt;br&gt;让我们以沟通这个字来取代说话这个字。沟通是个好得多、充实得多、正确得多的字眼。我邀请你来参加与神的一种新型的沟通。一个双向沟通。事实上，是你邀请了我。我最常用的沟通方式是透过感受（又译为“感觉”）。感受是灵魂的语言。我也以思维来沟通。我最强而有力的讯息是体验，但这个你们也忽略了。你们尤其是忽略了这个。而最后，如果感受、思维及体验全都失效时，我才用语言。它们最容易招致错误的诠释，最容易被误解。然而，最大的讽刺是，你们全都将神的话语视为如此重要，反而轻视体验。倾听你的感受。倾听你最高的思维。倾听你的体验。一旦有任何与你的老师们告诉你的，或与你在书里读到的话不同时，就忘掉那些话。话语是最不可靠的真理供应商。&lt;/p&gt;', 'MyCnCart - 神在每一时刻、与每一个人说话', 'MyCnCart - 神在每一时刻、与每一个人说话', 'MyCnCart - 神在每一时刻、与每一个人说话', '1,2,3');
INSERT INTO `mc_blog_description` VALUES ('1', '1', '神在每一时刻、与每一个人说话', '我跟每个人说话，一向就是如此。问题不是在我跟谁说，而是谁在听？就拿基督为例，为什么有一些人，仿佛比别的人更能听到神的讯息？那因为有些人愿意真正倾听。他们愿意听，纵使当讯息看起来似乎是可怕，或疯狂，或根本就错误时，他们仍愿对这样的通讯保持开放的心态。 除非你不再告诉我你的真理，否则我无法告诉你我的真理。所有的人都是特别的，而所有的片刻也都珍贵如黄金。并没有哪一个人或哪一个时刻比其他的更特别。', '&lt;p&gt;我跟每个人说话，一向就是如此。问题不是在我跟谁说，而是谁在听？就拿基督为例，为什么有一些人，仿佛比别的人更能听到神的讯息？那因为有些人愿意真正倾听。他们愿意听，纵使当讯息看起来似乎是可怕，或疯狂，或根本就错误时，他们仍愿对这样的通讯保持开放的心态。 除非你不再告诉我你的真理，否则我无法告诉你我的真理。所有的人都是特别的，而所有的片刻也都珍贵如黄金。并没有哪一个人或哪一个时刻比其他的更特别。&lt;br&gt;&lt;br&gt;让我们以沟通这个字来取代说话这个字。沟通是个好得多、充实得多、正确得多的字眼。我邀请你来参加与神的一种新型的沟通。一个双向沟通。事实上，是你邀请了我。我最常用的沟通方式是透过感受（又译为“感觉”）。感受是灵魂的语言。我也以思维来沟通。我最强而有力的讯息是体验，但这个你们也忽略了。你们尤其是忽略了这个。而最后，如果感受、思维及体验全都失效时，我才用语言。它们最容易招致错误的诠释，最容易被误解。然而，最大的讽刺是，你们全都将神的话语视为如此重要，反而轻视体验。倾听你的感受。倾听你最高的思维。倾听你的体验。一旦有任何与你的老师们告诉你的，或与你在书里读到的话不同时，就忘掉那些话。话语是最不可靠的真理供应商。&lt;/p&gt;', 'MyCnCart - 神在每一时刻、与每一个人说话', 'MyCnCart - 神在每一时刻、与每一个人说话', 'MyCnCart - 神在每一时刻、与每一个人说话', '1,2,3');
INSERT INTO `mc_blog_description` VALUES ('2', '3', '你对自己的意愿也即是神对你的意愿，每件事都是神圣的存在', '在神的眼里，每件事都“可以接受”。它们是生命，而生命就是礼物；无法形容的宝藏；神圣中的神圣。每件事背后都有一个神圣的目的――因而在每个东西里都有一个神圣的存在。我即生命，因为我是生命所是。其每个面向都有一个神圣的目的。', '&lt;p&gt;神以神的肖像创造了你们。透过神给你们的力量，你们又创造了其余的。神创造了如你们所知的生命过程和生命本身。但是神也给了你们自由选择权，你们可\r\n以随心所欲的去过生活。以这种说法来看，你对自己的意愿也即是神对你的意愿。你就以你自己的方式过你的人生，我在这件事上并没有什么偏好。&lt;/p&gt;&lt;p&gt;&lt;br&gt;&lt;/p&gt;&lt;p&gt;神\r\n的计划，是让你们去创造任何东西――每样东西――不论你们想要的是什么东西。在这种自由里，存在着神之为神的体验――而就是为了这个体验，我才创造你们，\r\n以及生命本身。（神赋予了人选择的自由、创造的自由，人的自由选择、创造，就是一种上帝的状态。）我什么都不轻视。神在悲伤和欢笑里，在苦与甜里。&lt;/p&gt;&lt;p&gt;&lt;br&gt;&lt;/p&gt;&lt;p&gt;在神的眼里，每件事都“可以接受”。它们是生命，而生命就是礼物；无法形容的宝藏；神圣中的神圣。每件事背后都有一个神圣的目的――因而在每个东西里都有一个神圣的存在。我即生命，因为我是生命所是。其每个面向都有一个神圣的目的。&lt;/p&gt;&lt;p&gt;&lt;br&gt;&lt;/p&gt;', 'MyCnCart - 你对自己的意愿也即是神对你的意愿，每件事都是神圣的存在', 'MyCnCart - 你对自己的意愿也即是神对你的意愿，每件事都是神圣的存在', 'MyCnCart - 你对自己的意愿也即是神对你的意愿，每件事都是神圣的存在', '2,3,4');
INSERT INTO `mc_blog_description` VALUES ('2', '2', '你对自己的意愿也即是神对你的意愿，每件事都是神圣的存在', '在神的眼里，每件事都“可以接受”。它们是生命，而生命就是礼物；无法形容的宝藏；神圣中的神圣。每件事背后都有一个神圣的目的――因而在每个东西里都有一个神圣的存在。我即生命，因为我是生命所是。其每个面向都有一个神圣的目的。', '&lt;p&gt;神以神的肖像创造了你们。透过神给你们的力量，你们又创造了其余的。神创造了如你们所知的生命过程和生命本身。但是神也给了你们自由选择权，你们可\r\n以随心所欲的去过生活。以这种说法来看，你对自己的意愿也即是神对你的意愿。你就以你自己的方式过你的人生，我在这件事上并没有什么偏好。&lt;/p&gt;&lt;p&gt;&lt;br&gt;&lt;/p&gt;&lt;p&gt;神\r\n的计划，是让你们去创造任何东西――每样东西――不论你们想要的是什么东西。在这种自由里，存在着神之为神的体验――而就是为了这个体验，我才创造你们，\r\n以及生命本身。（神赋予了人选择的自由、创造的自由，人的自由选择、创造，就是一种上帝的状态。）我什么都不轻视。神在悲伤和欢笑里，在苦与甜里。&lt;/p&gt;&lt;p&gt;&lt;br&gt;&lt;/p&gt;&lt;p&gt;在神的眼里，每件事都“可以接受”。它们是生命，而生命就是礼物；无法形容的宝藏；神圣中的神圣。每件事背后都有一个神圣的目的――因而在每个东西里都有一个神圣的存在。我即生命，因为我是生命所是。其每个面向都有一个神圣的目的。&lt;/p&gt;&lt;p&gt;&lt;br&gt;&lt;/p&gt;', 'MyCnCart - 你对自己的意愿也即是神对你的意愿，每件事都是神圣的存在', 'MyCnCart - 你对自己的意愿也即是神对你的意愿，每件事都是神圣的存在', 'MyCnCart - 你对自己的意愿也即是神对你的意愿，每件事都是神圣的存在', '2,3,4');
INSERT INTO `mc_blog_description` VALUES ('3', '2', '生命并非一个发现的过程，而是一个创造的过程', '你们会在这儿，为的是忆起，并且重新创造你是谁。', '&lt;p&gt;生命只有一个目的，那就是让你和所有活着的东西体验最完满的荣耀。这个目的的神奇是在于它是永无结束的。一个结束是一个局限，而神的目的没有这样的\r\n界限。一个最深的秘密就是：生命并非一个发现的过程，而是一个创造的过程。你并不是在发现你自己，而是在重新创造你自己。所以，不（仅）要去弄清你是谁，\r\n而（更）要去确定你想成为谁。&lt;/p&gt;&lt;p&gt;你们会在这儿，为的是忆起，并且重新创造你是谁。&lt;/p&gt;&lt;p&gt;&lt;br&gt;&lt;/p&gt;', 'MyCnCart - 生命并非一个发现的过程，而是一个创造的过程', 'MyCnCart - 生命并非一个发现的过程，而是一个创造的过程', 'MyCnCart - 生命并非一个发现的过程，而是一个创造的过程', '3,4,5');
INSERT INTO `mc_blog_description` VALUES ('3', '3', '生命并非一个发现的过程，而是一个创造的过程', '你们会在这儿，为的是忆起，并且重新创造你是谁。', '&lt;p&gt;生命只有一个目的，那就是让你和所有活着的东西体验最完满的荣耀。这个目的的神奇是在于它是永无结束的。一个结束是一个局限，而神的目的没有这样的\r\n界限。一个最深的秘密就是：生命并非一个发现的过程，而是一个创造的过程。你并不是在发现你自己，而是在重新创造你自己。所以，不（仅）要去弄清你是谁，\r\n而（更）要去确定你想成为谁。&lt;/p&gt;&lt;p&gt;你们会在这儿，为的是忆起，并且重新创造你是谁。&lt;/p&gt;&lt;p&gt;&lt;br&gt;&lt;/p&gt;&lt;p&gt;&lt;br&gt;&lt;/p&gt;&lt;p&gt;&lt;br&gt;&lt;/p&gt;', 'MyCnCart - 生命并非一个发现的过程，而是一个创造的过程', 'MyCnCart - 生命并非一个发现的过程，而是一个创造的过程', 'MyCnCart - 生命并非一个发现的过程，而是一个创造的过程', '3,4,5');
INSERT INTO `mc_blog_description` VALUES ('4', '3', '神创造了相对性，你藉由你不是的东西来界定你自己是什么', '就最终的逻辑而言，就是除非你面对了你不是的东西，否则你无法经验自己以为你是的东西。这乃是相对论及所有具体生命的目的。你得藉由你不是的东西来界定你自己是什么。', '&lt;p&gt;我是一切东西（All Things）――可见与不可见的。一切万有（All That Is）无法认识他自己――因为一切万有是所有的一切，而没有任何其他的东西。因此，一切万有……是不在的。（于是，为了认识自己，）神创造了相对性――是神给他自己的最大礼物。因此，关系就是神给你们的最大礼物，这主题后面会再详加讨论。我创造你们――我的心灵儿女――的目的，是为了要体认我自己为神。除了经由你们，我没有其他办法做到这一点。所以可以说（并且也已说过许多次）我要你们做到的是：你们该体认到自己为我。这看似如此令人惊异的简单，然而却变得非常复杂――因为你们只有一个方法得以体认你们自己为我――那就是，首先，你们要先体认自己不是我。就最终的逻辑而言，就是除非你面对了你不是的东西，否则你无法经验自己以为你是的东西。这乃是相对论及所有具体生命的目的。你得藉由你不是的东西来界定你自己是什么。&lt;/p&gt;', 'MyCnCart  - 神创造了相对性，你藉由你不是的东西来界定你自己是什么', 'MyCnCart  - 神创造了相对性，你藉由你不是的东西来界定你自己是什么', 'MyCnCart  - 神创造了相对性，你藉由你不是的东西来界定你自己是什么', '4,5,6');
INSERT INTO `mc_blog_description` VALUES ('1', '3', '神在每一时刻、与每一个人说话', '我跟每个人说话，一向就是如此。问题不是在我跟谁说，而是谁在听？就拿基督为例，为什么有一些人，仿佛比别的人更能听到神的讯息？那因为有些人愿意真正倾听。他们愿意听，纵使当讯息看起来似乎是可怕，或疯狂，或根本就错误时，他们仍愿对这样的通讯保持开放的心态。 除非你不再告诉我你的真理，否则我无法告诉你我的真理。所有的人都是特别的，而所有的片刻也都珍贵如黄金。并没有哪一个人或哪一个时刻比其他的更特别。', '&lt;p&gt;我跟每个人说话，一向就是如此。问题不是在我跟谁说，而是谁在听？就拿基督为例，为什么有一些人，仿佛比别的人更能听到神的讯息？那因为有些人愿意真正倾听。他们愿意听，纵使当讯息看起来似乎是可怕，或疯狂，或根本就错误时，他们仍愿对这样的通讯保持开放的心态。 除非你不再告诉我你的真理，否则我无法告诉你我的真理。所有的人都是特别的，而所有的片刻也都珍贵如黄金。并没有哪一个人或哪一个时刻比其他的更特别。&lt;br&gt;&lt;br&gt;让我们以沟通这个字来取代说话这个字。沟通是个好得多、充实得多、正确得多的字眼。我邀请你来参加与神的一种新型的沟通。一个双向沟通。事实上，是你邀请了我。我最常用的沟通方式是透过感受（又译为“感觉”）。感受是灵魂的语言。我也以思维来沟通。我最强而有力的讯息是体验，但这个你们也忽略了。你们尤其是忽略了这个。而最后，如果感受、思维及体验全都失效时，我才用语言。它们最容易招致错误的诠释，最容易被误解。然而，最大的讽刺是，你们全都将神的话语视为如此重要，反而轻视体验。倾听你的感受。倾听你最高的思维。倾听你的体验。一旦有任何与你的老师们告诉你的，或与你在书里读到的话不同时，就忘掉那些话。话语是最不可靠的真理供应商。&lt;/p&gt;', 'MyCnCart - 神在每一时刻、与每一个人说话', 'MyCnCart - 神在每一时刻、与每一个人说话', 'MyCnCart - 神在每一时刻、与每一个人说话', '1,2,3');
INSERT INTO `mc_blog_description` VALUES ('2', '1', '你对自己的意愿也即是神对你的意愿，每件事都是神圣的存在', '在神的眼里，每件事都“可以接受”。它们是生命，而生命就是礼物；无法形容的宝藏；神圣中的神圣。每件事背后都有一个神圣的目的――因而在每个东西里都有一个神圣的存在。我即生命，因为我是生命所是。其每个面向都有一个神圣的目的。', '&lt;p&gt;神以神的肖像创造了你们。透过神给你们的力量，你们又创造了其余的。神创造了如你们所知的生命过程和生命本身。但是神也给了你们自由选择权，你们可\r\n以随心所欲的去过生活。以这种说法来看，你对自己的意愿也即是神对你的意愿。你就以你自己的方式过你的人生，我在这件事上并没有什么偏好。&lt;/p&gt;&lt;p&gt;&lt;br&gt;&lt;/p&gt;&lt;p&gt;神\r\n的计划，是让你们去创造任何东西――每样东西――不论你们想要的是什么东西。在这种自由里，存在着神之为神的体验――而就是为了这个体验，我才创造你们，\r\n以及生命本身。（神赋予了人选择的自由、创造的自由，人的自由选择、创造，就是一种上帝的状态。）我什么都不轻视。神在悲伤和欢笑里，在苦与甜里。&lt;/p&gt;&lt;p&gt;&lt;br&gt;&lt;/p&gt;&lt;p&gt;在神的眼里，每件事都“可以接受”。它们是生命，而生命就是礼物；无法形容的宝藏；神圣中的神圣。每件事背后都有一个神圣的目的――因而在每个东西里都有一个神圣的存在。我即生命，因为我是生命所是。其每个面向都有一个神圣的目的。&lt;/p&gt;&lt;p&gt;&lt;br&gt;&lt;/p&gt;', 'MyCnCart - 你对自己的意愿也即是神对你的意愿，每件事都是神圣的存在', 'MyCnCart - 你对自己的意愿也即是神对你的意愿，每件事都是神圣的存在', 'MyCnCart - 你对自己的意愿也即是神对你的意愿，每件事都是神圣的存在', '2,3,4');
INSERT INTO `mc_blog_description` VALUES ('3', '1', '生命并非一个发现的过程，而是一个创造的过程', '你们会在这儿，为的是忆起，并且重新创造你是谁。', '&lt;p&gt;生命只有一个目的，那就是让你和所有活着的东西体验最完满的荣耀。这个目的的神奇是在于它是永无结束的。一个结束是一个局限，而神的目的没有这样的\r\n界限。一个最深的秘密就是：生命并非一个发现的过程，而是一个创造的过程。你并不是在发现你自己，而是在重新创造你自己。所以，不（仅）要去弄清你是谁，\r\n而（更）要去确定你想成为谁。&lt;/p&gt;&lt;p&gt;你们会在这儿，为的是忆起，并且重新创造你是谁。&lt;/p&gt;&lt;p&gt;&lt;br&gt;&lt;/p&gt;&lt;p&gt;&lt;br&gt;&lt;/p&gt;&lt;p&gt;&lt;br&gt;&lt;/p&gt;', 'MyCnCart - 生命并非一个发现的过程，而是一个创造的过程', 'MyCnCart - 生命并非一个发现的过程，而是一个创造的过程', 'MyCnCart - 生命并非一个发现的过程，而是一个创造的过程', '3,4,5');
INSERT INTO `mc_blog_description` VALUES ('4', '2', '神创造了相对性，你藉由你不是的东西来界定你自己是什么', '就最终的逻辑而言，就是除非你面对了你不是的东西，否则你无法经验自己以为你是的东西。这乃是相对论及所有具体生命的目的。你得藉由你不是的东西来界定你自己是什么。', '&lt;p&gt;我是一切东西（All Things）――可见与不可见的。一切万有（All That Is）无法认识他自己――因为一切万有是所有的一切，而没有任何其他的东西。因此，一切万有……是不在的。（于是，为了认识自己，）神创造了相对性――是神给他自己的最大礼物。因此，关系就是神给你们的最大礼物，这主题后面会再详加讨论。我创造你们――我的心灵儿女――的目的，是为了要体认我自己为神。除了经由你们，我没有其他办法做到这一点。所以可以说（并且也已说过许多次）我要你们做到的是：你们该体认到自己为我。这看似如此令人惊异的简单，然而却变得非常复杂――因为你们只有一个方法得以体认你们自己为我――那就是，首先，你们要先体认自己不是我。就最终的逻辑而言，就是除非你面对了你不是的东西，否则你无法经验自己以为你是的东西。这乃是相对论及所有具体生命的目的。你得藉由你不是的东西来界定你自己是什么。&lt;/p&gt;', 'MyCnCart  - 神创造了相对性，你藉由你不是的东西来界定你自己是什么', 'MyCnCart  - 神创造了相对性，你藉由你不是的东西来界定你自己是什么', 'MyCnCart  - 神创造了相对性，你藉由你不是的东西来界定你自己是什么', '4,5,6');
INSERT INTO `mc_blog_description` VALUES ('4', '1', '神创造了相对性，你藉由你不是的东西来界定你自己是什么', '就最终的逻辑而言，就是除非你面对了你不是的东西，否则你无法经验自己以为你是的东西。这乃是相对论及所有具体生命的目的。你得藉由你不是的东西来界定你自己是什么。', '&lt;p&gt;我是一切东西（All Things）――可见与不可见的。一切万有（All That Is）无法认识他自己――因为一切万有是所有的一切，而没有任何其他的东西。因此，一切万有……是不在的。（于是，为了认识自己，）神创造了相对性――是神给他自己的最大礼物。因此，关系就是神给你们的最大礼物，这主题后面会再详加讨论。我创造你们――我的心灵儿女――的目的，是为了要体认我自己为神。除了经由你们，我没有其他办法做到这一点。所以可以说（并且也已说过许多次）我要你们做到的是：你们该体认到自己为我。这看似如此令人惊异的简单，然而却变得非常复杂――因为你们只有一个方法得以体认你们自己为我――那就是，首先，你们要先体认自己不是我。就最终的逻辑而言，就是除非你面对了你不是的东西，否则你无法经验自己以为你是的东西。这乃是相对论及所有具体生命的目的。你得藉由你不是的东西来界定你自己是什么。&lt;/p&gt;', 'MyCnCart  - 神创造了相对性，你藉由你不是的东西来界定你自己是什么', 'MyCnCart  - 神创造了相对性，你藉由你不是的东西来界定你自己是什么', 'MyCnCart  - 神创造了相对性，你藉由你不是的东西来界定你自己是什么', '4,5,6');
INSERT INTO `mc_blog_description` VALUES ('5', '3', '痛苦是错误思想的结果，是你自己创造了这经验', '地狱是你的选择、决定和创造所可能产生的最糟结果的经验。', '&lt;p&gt;你无法改变外在事件（因为那是你们许多人创造的，而你的意识还没成长到你能个别地改变集体创造出来的东西），所以你必须改变内在的经验。这是在生活\r\n中到达主控权之路。没有一件事其本身是痛苦的。痛苦是错误思想的结果。它是思维里的一个谬误。痛苦来自你对一件事的批判。去掉批判，痛苦便消失了。在神的\r\n世界里，没有什么“该”或“不该”。做你想做的事。但不要去批判，也不要去指责，因为你并不知道事情为何发生，也不知是为了什么目的。要祝福一切――因为\r\n一切都是神透过活生生的生命所创造的，而那就是最高的创造。&lt;/p&gt;&lt;p&gt;地狱是你的选择、决定和创造所可能产生的最糟结果的经验。它是否定我或对与我有\r\n关联的你之为谁说“不”的任何思维之自然后果。它是你因为错误的思想而遭受的痛苦。然而，即使“错误思想”这个词也是个误称，因为根本没有错的事。地狱是\r\n喜悦的反面。它是不圆满。它是知道你是谁和是什么，却无法去经验。它是逊于你的本质。那就是地狱，对你的灵魂而言，不可能有的更大痛苦。我告诉你，在死\r\n后，根本没有你们在以恐惧为基础的理论里所建构的那种经验。然而，灵魂有一种经验，会是很不快乐、很不完全、很不完整，而且让你远离神的最大喜悦，以致对\r\n你的灵魂而言会是地狱一般的。但我告诉你，不是我要送你去那儿，也不是我导致你有这经验。而是每当你以任何方式，将你自己与对你自己之最高想法分开时；每\r\n当你排斥你真的是谁或是什么时，是你，你自己，创造了这经验。&lt;/p&gt;&lt;p&gt;你们是你们自己的规则判定者，而你是唯一可评估你做的多好的人。你可以照你希\r\n望的去做而不必害怕报应。不过，事先觉知其后果对你却是有用的。后果只是后果。这些和报应或惩罚完全不同。那些在你看来象是惩罚的事――或你称之为邪恶或\r\n恶运的事――只不过是自然律在维护它自己而已。&lt;/p&gt;&lt;p&gt;&lt;br&gt;&lt;/p&gt;', 'MyCnCart  - 痛苦是错误思想的结果，是你自己创造了这经验', 'MyCnCart  - 痛苦是错误思想的结果，是你自己创造了这经验', 'MyCnCart  - 痛苦是错误思想的结果，是你自己创造了这经验', '');
INSERT INTO `mc_blog_description` VALUES ('5', '1', '痛苦是错误思想的结果，是你自己创造了这经验', '地狱是你的选择、决定和创造所可能产生的最糟结果的经验。', '&lt;p&gt;你无法改变外在事件（因为那是你们许多人创造的，而你的意识还没成长到你能个别地改变集体创造出来的东西），所以你必须改变内在的经验。这是在生活中到达主控权之路。没有一件事其本身是痛苦的。痛苦是错误思想的结果。它是思维里的一个谬误。痛苦来自你对一件事的批判。去掉批判，痛苦便消失了。在神的世界里，没有什么“该”或“不该”。做你想做的事。但不要去批判，也不要去指责，因为你并不知道事情为何发生，也不知是为了什么目的。要祝福一切――因为一切都是神透过活生生的生命所创造的，而那就是最高的创造。&lt;/p&gt;&lt;p&gt;地狱是你的选择、决定和创造所可能产生的最糟结果的经验。它是否定我或对与我有关联的你之为谁说“不”的任何思维之自然后果。它是你因为错误的思想而遭受的痛苦。然而，即使“错误思想”这个词也是个误称，因为根本没有错的事。地狱是喜悦的反面。它是不圆满。它是知道你是谁和是什么，却无法去经验。它是逊于你的本质。那就是地狱，对你的灵魂而言，不可能有的更大痛苦。我告诉你，在死后，根本没有你们在以恐惧为基础的理论里所建构的那种经验。然而，灵魂有一种经验，会是很不快乐、很不完全、很不完整，而且让你远离神的最大喜悦，以致对你的灵魂而言会是地狱一般的。但我告诉你，不是我要送你去那儿，也不是我导致你有这经验。而是每当你以任何方式，将你自己与对你自己之最高想法分开时；每当你排斥你真的是谁或是什么时，是你，你自己，创造了这经验。&lt;/p&gt;&lt;p&gt;你们是你们自己的规则判定者，而你是唯一可评估你做的多好的人。你可以照你希望的去做而不必害怕报应。不过，事先觉知其后果对你却是有用的。后果只是后果。这些和报应或惩罚完全不同。那些在你看来象是惩罚的事――或你称之为邪恶或恶运的事――只不过是自然律在维护它自己而已。&lt;/p&gt;', 'MyCnCart  - 痛苦是错误思想的结果，是你自己创造了这经验', 'MyCnCart  - 痛苦是错误思想的结果，是你自己创造了这经验', 'MyCnCart  - 痛苦是错误思想的结果，是你自己创造了这经验', '');
INSERT INTO `mc_blog_description` VALUES ('5', '2', '痛苦是错误思想的结果，是你自己创造了这经验', '地狱是你的选择、决定和创造所可能产生的最糟结果的经验。', '&lt;p&gt;你无法改变外在事件（因为那是你们许多人创造的，而你的意识还没成长到你能个别地改变集体创造出来的东西），所以你必须改变内在的经验。这是在生活\r\n中到达主控权之路。没有一件事其本身是痛苦的。痛苦是错误思想的结果。它是思维里的一个谬误。痛苦来自你对一件事的批判。去掉批判，痛苦便消失了。在神的\r\n世界里，没有什么“该”或“不该”。做你想做的事。但不要去批判，也不要去指责，因为你并不知道事情为何发生，也不知是为了什么目的。要祝福一切――因为\r\n一切都是神透过活生生的生命所创造的，而那就是最高的创造。&lt;/p&gt;&lt;p&gt;地狱是你的选择、决定和创造所可能产生的最糟结果的经验。它是否定我或对与我有\r\n关联的你之为谁说“不”的任何思维之自然后果。它是你因为错误的思想而遭受的痛苦。然而，即使“错误思想”这个词也是个误称，因为根本没有错的事。地狱是\r\n喜悦的反面。它是不圆满。它是知道你是谁和是什么，却无法去经验。它是逊于你的本质。那就是地狱，对你的灵魂而言，不可能有的更大痛苦。我告诉你，在死\r\n后，根本没有你们在以恐惧为基础的理论里所建构的那种经验。然而，灵魂有一种经验，会是很不快乐、很不完全、很不完整，而且让你远离神的最大喜悦，以致对\r\n你的灵魂而言会是地狱一般的。但我告诉你，不是我要送你去那儿，也不是我导致你有这经验。而是每当你以任何方式，将你自己与对你自己之最高想法分开时；每\r\n当你排斥你真的是谁或是什么时，是你，你自己，创造了这经验。&lt;/p&gt;&lt;p&gt;你们是你们自己的规则判定者，而你是唯一可评估你做的多好的人。你可以照你希\r\n望的去做而不必害怕报应。不过，事先觉知其后果对你却是有用的。后果只是后果。这些和报应或惩罚完全不同。那些在你看来象是惩罚的事――或你称之为邪恶或\r\n恶运的事――只不过是自然律在维护它自己而已。&lt;/p&gt;&lt;p&gt;&lt;br&gt;&lt;/p&gt;', 'MyCnCart  - 痛苦是错误思想的结果，是你自己创造了这经验', 'MyCnCart  - 痛苦是错误思想的结果，是你自己创造了这经验', 'MyCnCart  - 痛苦是错误思想的结果，是你自己创造了这经验', '');
INSERT INTO `mc_blog_description` VALUES ('17', '2', '如果我犯下了不可原谅的大错，我如何能够原谅自己？', '', '&lt;p&gt;不可原谅的东西是不存在的。没有任何罪行严重到我会拒绝原谅你。哪怕人类最严厉的宗教也传播这个道理。&lt;/p&gt;&lt;p&gt;这些宗教也许在救赎的方式上有争议，也许在救赎的道路上有争议，但他们全都同意的是，这样的方式和道路是有的。&lt;/p&gt;&lt;p&gt;在你成为死亡的时刻，你自然会得到补赎的机会。&lt;/p&gt;&lt;p&gt;所谓补赎，就是意识到你和所有其他人是一体。那就是明白你和万物——包括我——是合一的。&lt;/p&gt;&lt;p&gt;死亡之后，当你和你的肉体分开之后，你将会立刻拥有——忆起——这种经验。&lt;/p&gt;&lt;p&gt;所有灵魂都以最有意思的方式经验到他们的“合一”。它们将得到机会再次经历他们刚完成的人生的每个时刻——不仅是从它们的角度去经验它，而且也从所有受该时刻影响的人角度去经验它。他们将会重新思考每个思维，重新说出每句话，重新做出每件事，去经验那对每个受牵涉的人的影响，仿佛它们是别人一样——而它们确实就是别人。&lt;/p&gt;&lt;p&gt;它们将会经验地认识到它们的身份。在这个时刻，“我们所有人是一体”这句话不再是概念，它将会变成经验。&lt;/p&gt;&lt;p&gt;让你们承受无尽的折磨和诅咒的地方并不存在，那是你们的神学理论杜撰出来的。但你们——你们所有人——将会经验到你们的选择和决定造成的影响、后果和结局。然而这关乎成长，而非“正义”。这是进化的过程，而非神佛的“惩罚”。&lt;/p&gt;&lt;p&gt;在你进行“人生回顾”——有些人这么称呼它——过程中，你不会受到任何人的审判，而只是有机会去经验你的整体在生活的每时每刻所经验到的东西，而非你那寄居在当前肉身中的个体所经验到的东西。&lt;/p&gt;&lt;p&gt;你经验到的不是痛苦，而是觉悟。你将会深深地理解、深深地省悟每个时刻的总体和它蕴含的意义。然而这不会令你痛苦，这会让你进入光明的境界。&lt;br&gt;&lt;/p&gt;', '如果我犯下了不可原谅的大错，我如何能够原谅自己？', '如果我犯下了不可原谅的大错，我如何能够原谅自己？', '如果我犯下了不可原谅的大错，我如何能够原谅自己？', '');
INSERT INTO `mc_blog_description` VALUES ('6', '3', '每件事和每件冒险，都是你的灵魂召来你自己身边的', '', '&lt;p&gt;没有什么是你不能成为的，没有什么是你不能做的。没有什么是你不能拥有的。你可以是、可以做、并可以拥有任何你能想象的东西。相信神就是相信神最伟大的礼物――无条件的爱，及神最大的允诺――无限的潜能。你并不事先选择你将经验的人生。不过，你可以选择用以创造你的经验的任务、地点和事件――条件和情境、挑战和障碍、机会和选择。在你所有选择去做的事里，你的潜能是无限的。所以不要先肯定说，一个投生在你所谓受限的肉体里的灵魂，是无法达到它完全的潜能的，因为你并不知道那个灵魂想做些什么。你并不了解他的生命议程（agenda）。你对他的意图并不清楚。因此，祝福并感谢每个人和每个情况吧！如此，你就是肯定了神的创造之完美――并且表示出你对他的信心。因为在神的世界里是没有意外的，没有一件事是巧合，也没有什么事是“因意外”而发生的。每件事和每件冒险，都是你的灵魂召来你自己身边的，以使你能创造并经验你真的是谁。世界会是这样的现状，是由于你及你做过――或没有做――的选择。（不做决定也是决定。）&lt;br&gt;&lt;/p&gt;', 'MyCnCart  - 每件事和每件冒险，都是你的灵魂召来你自己身边的', 'MyCnCart  - 每件事和每件冒险，都是你的灵魂召来你自己身边的', 'MyCnCart  - 每件事和每件冒险，都是你的灵魂召来你自己身边的', '');
INSERT INTO `mc_blog_description` VALUES ('6', '2', '每件事和每件冒险，都是你的灵魂召来你自己身边的', '', '&lt;p&gt;没有什么是你不能成为的，没有什么是你不能做的。没有什么是你不能拥有的。你可以是、可以做、并可以拥有任何你能想象的东西。相信神就是相信神最伟大的礼物――无条件的爱，及神最大的允诺――无限的潜能。你并不事先选择你将经验的人生。不过，你可以选择用以创造你的经验的任务、地点和事件――条件和情境、挑战和障碍、机会和选择。在你所有选择去做的事里，你的潜能是无限的。所以不要先肯定说，一个投生在你所谓受限的肉体里的灵魂，是无法达到它完全的潜能的，因为你并不知道那个灵魂想做些什么。你并不了解他的生命议程（agenda）。你对他的意图并不清楚。因此，祝福并感谢每个人和每个情况吧！如此，你就是肯定了神的创造之完美――并且表示出你对他的信心。因为在神的世界里是没有意外的，没有一件事是巧合，也没有什么事是“因意外”而发生的。每件事和每件冒险，都是你的灵魂召来你自己身边的，以使你能创造并经验你真的是谁。世界会是这样的现状，是由于你及你做过――或没有做――的选择。（不做决定也是决定。）&lt;br&gt;&lt;/p&gt;', 'MyCnCart  - 每件事和每件冒险，都是你的灵魂召来你自己身边的', 'MyCnCart  - 每件事和每件冒险，都是你的灵魂召来你自己身边的', 'MyCnCart  - 每件事和每件冒险，都是你的灵魂召来你自己身边的', '');
INSERT INTO `mc_blog_description` VALUES ('6', '1', '每件事和每件冒险，都是你的灵魂召来你自己身边的', '', '&lt;p&gt;没有什么是你不能成为的，没有什么是你不能做的。没有什么是你不能拥有的。你可以是、可以做、并可以拥有任何你能想象的东西。相信神就是相信神最伟大的礼物――无条件的爱，及神最大的允诺――无限的潜能。你并不事先选择你将经验的人生。不过，你可以选择用以创造你的经验的任务、地点和事件――条件和情境、挑战和障碍、机会和选择。在你所有选择去做的事里，你的潜能是无限的。所以不要先肯定说，一个投生在你所谓受限的肉体里的灵魂，是无法达到它完全的潜能的，因为你并不知道那个灵魂想做些什么。你并不了解他的生命议程（agenda）。你对他的意图并不清楚。因此，祝福并感谢每个人和每个情况吧！如此，你就是肯定了神的创造之完美――并且表示出你对他的信心。因为在神的世界里是没有意外的，没有一件事是巧合，也没有什么事是“因意外”而发生的。每件事和每件冒险，都是你的灵魂召来你自己身边的，以使你能创造并经验你真的是谁。世界会是这样的现状，是由于你及你做过――或没有做――的选择。（不做决定也是决定。）&lt;br&gt;&lt;/p&gt;', 'MyCnCart  - 每件事和每件冒险，都是你的灵魂召来你自己身边的', 'MyCnCart  - 每件事和每件冒险，都是你的灵魂召来你自己身边的', 'MyCnCart  - 每件事和每件冒险，都是你的灵魂召来你自己身边的', '');
INSERT INTO `mc_blog_description` VALUES ('7', '3', '在宇宙里没有巧合，神在所有的路途上', '你认为是什么将你带到这资料里来的？你怎么会将它拿在你手上的？你认为我不知道我在做什么吗？在宇宙里没有巧合。', '&lt;p&gt;你认为是什么将你带到这资料里来的？你怎么会将它拿在你手上的？你认为我不知道我在做什么吗？在宇宙里没有巧合。我听到了你心的哭喊。我看到了你灵魂的追求。我明白你对真理的渴望有多深。你在痛苦中，也在喜悦中召唤它。你不停不休的恳求我显示我自己，解释我自己，透露我自己。我现在就在这样做，以如此浅白的文字，使你不会误解。以如此简单的语言，让你不会搞混。以如此平凡的语汇，让你不致迷失在冗词中。所以就来吧，问我任何事。任何事！我会设法给你答案。我会用整个宇宙去做这件事。所以注意了！这本书并非我唯一的工具。差得远呢！你可以在问个问题后，就放下这本书。但注意看！注意听！你听到的下一首歌的歌词、你读到的下一篇文章里的资讯、你看的下一部电影的故事情节、你遇见的下一个人无意中说的话，或下一条河、下一片海洋的私语，轻抚你耳朵的下一抹微风――所有这些的设计都是来自我的；所有这些途径都对我开放。如果你肯听我向你说话。如果你邀请我，我会来。那时我会显示给你看，我一直都在那儿。在所有路途上。&lt;br&gt;&lt;/p&gt;', 'MyCnCart  - 在宇宙里没有巧合，神在所有的路途上', 'MyCnCart  - 在宇宙里没有巧合，神在所有的路途上', 'MyCnCart  - 在宇宙里没有巧合，神在所有的路途上', '');
INSERT INTO `mc_blog_description` VALUES ('7', '2', '在宇宙里没有巧合，神在所有的路途上', '你认为是什么将你带到这资料里来的？你怎么会将它拿在你手上的？你认为我不知道我在做什么吗？在宇宙里没有巧合。', '&lt;p&gt;你认为是什么将你带到这资料里来的？你怎么会将它拿在你手上的？你认为我不知道我在做什么吗？在宇宙里没有巧合。我听到了你心的哭喊。我看到了你灵魂的追求。我明白你对真理的渴望有多深。你在痛苦中，也在喜悦中召唤它。你不停不休的恳求我显示我自己，解释我自己，透露我自己。我现在就在这样做，以如此浅白的文字，使你不会误解。以如此简单的语言，让你不会搞混。以如此平凡的语汇，让你不致迷失在冗词中。所以就来吧，问我任何事。任何事！我会设法给你答案。我会用整个宇宙去做这件事。所以注意了！这本书并非我唯一的工具。差得远呢！你可以在问个问题后，就放下这本书。但注意看！注意听！你听到的下一首歌的歌词、你读到的下一篇文章里的资讯、你看的下一部电影的故事情节、你遇见的下一个人无意中说的话，或下一条河、下一片海洋的私语，轻抚你耳朵的下一抹微风――所有这些的设计都是来自我的；所有这些途径都对我开放。如果你肯听我向你说话。如果你邀请我，我会来。那时我会显示给你看，我一直都在那儿。在所有路途上。&lt;br&gt;&lt;/p&gt;', 'MyCnCart  - 在宇宙里没有巧合，神在所有的路途上', 'MyCnCart  - 在宇宙里没有巧合，神在所有的路途上', 'MyCnCart  - 在宇宙里没有巧合，神在所有的路途上', '');
INSERT INTO `mc_blog_description` VALUES ('7', '1', '在宇宙里没有巧合，神在所有的路途上', '你认为是什么将你带到这资料里来的？你怎么会将它拿在你手上的？你认为我不知道我在做什么吗？在宇宙里没有巧合。', '&lt;p&gt;你认为是什么将你带到这资料里来的？你怎么会将它拿在你手上的？你认为我不知道我在做什么吗？在宇宙里没有巧合。我听到了你心的哭喊。我看到了你灵魂的追求。我明白你对真理的渴望有多深。你在痛苦中，也在喜悦中召唤它。你不停不休的恳求我显示我自己，解释我自己，透露我自己。我现在就在这样做，以如此浅白的文字，使你不会误解。以如此简单的语言，让你不会搞混。以如此平凡的语汇，让你不致迷失在冗词中。所以就来吧，问我任何事。任何事！我会设法给你答案。我会用整个宇宙去做这件事。所以注意了！这本书并非我唯一的工具。差得远呢！你可以在问个问题后，就放下这本书。但注意看！注意听！你听到的下一首歌的歌词、你读到的下一篇文章里的资讯、你看的下一部电影的故事情节、你遇见的下一个人无意中说的话，或下一条河、下一片海洋的私语，轻抚你耳朵的下一抹微风――所有这些的设计都是来自我的；所有这些途径都对我开放。如果你肯听我向你说话。如果你邀请我，我会来。那时我会显示给你看，我一直都在那儿。在所有路途上。&lt;br&gt;&lt;/p&gt;', 'MyCnCart  - 在宇宙里没有巧合，神在所有的路途上', 'MyCnCart  - 在宇宙里没有巧合，神在所有的路途上', 'MyCnCart  - 在宇宙里没有巧合，神在所有的路途上', '');
INSERT INTO `mc_blog_description` VALUES ('8', '3', '天堂就是此时此地', '根本没有所谓“上天堂”这一回事。只有你已经在那儿的一种明白。那是一种接受，一种了解，而不是努力追求或奋斗。', '&lt;p&gt;根本没有所谓“上天堂”这一回事。只有你已经在那儿的一种明白。那是一种接受，一种了解，而不是努力追求或奋斗。你无法去你已经在的地方。悟道就是：了解无处可去，无事可做，并且，除了你现在是的那个人之外，你也不必做任何其他人。所以你们所谓的天堂是个乌有之乡（nowhere）。让我们在W与H这两个字之间留一点空间，你就会明白天堂就是此时…此地（now…here）。要知道：没有不正确的途径这种东西――因为在这旅途上，你无法“不到”你去的地方。只不过是速度的问题――只不过是你何时抵达的问题――然而，即使这样也是个幻象，因为并没有“何时”，也没有“之前”或“之后”，只有现在；一个永远的永恒片刻，你在其中经验你自己。人生的重点并非到达任何地方――人生是注意到你已经在那儿，并且一向都在那儿。人生的重点是创造――创造你是谁和是什么，然后去经验它。&lt;br&gt;&lt;/p&gt;', 'MyCnCart  - 天堂就是此时此地', 'MyCnCart  - 天堂就是此时此地', 'MyCnCart  - 天堂就是此时此地', '');
INSERT INTO `mc_blog_description` VALUES ('8', '2', '天堂就是此时此地', '根本没有所谓“上天堂”这一回事。只有你已经在那儿的一种明白。那是一种接受，一种了解，而不是努力追求或奋斗。', '&lt;p&gt;根本没有所谓“上天堂”这一回事。只有你已经在那儿的一种明白。那是一种接受，一种了解，而不是努力追求或奋斗。你无法去你已经在的地方。悟道就是：了解无处可去，无事可做，并且，除了你现在是的那个人之外，你也不必做任何其他人。所以你们所谓的天堂是个乌有之乡（nowhere）。让我们在W与H这两个字之间留一点空间，你就会明白天堂就是此时…此地（now…here）。要知道：没有不正确的途径这种东西――因为在这旅途上，你无法“不到”你去的地方。只不过是速度的问题――只不过是你何时抵达的问题――然而，即使这样也是个幻象，因为并没有“何时”，也没有“之前”或“之后”，只有现在；一个永远的永恒片刻，你在其中经验你自己。人生的重点并非到达任何地方――人生是注意到你已经在那儿，并且一向都在那儿。人生的重点是创造――创造你是谁和是什么，然后去经验它。&lt;br&gt;&lt;/p&gt;', 'MyCnCart  - 天堂就是此时此地', 'MyCnCart  - 天堂就是此时此地', 'MyCnCart  - 天堂就是此时此地', '');
INSERT INTO `mc_blog_description` VALUES ('8', '1', '天堂就是此时此地', '根本没有所谓“上天堂”这一回事。只有你已经在那儿的一种明白。那是一种接受，一种了解，而不是努力追求或奋斗。', '&lt;p&gt;根本没有所谓“上天堂”这一回事。只有你已经在那儿的一种明白。那是一种接受，一种了解，而不是努力追求或奋斗。你无法去你已经在的地方。悟道就是：了解无处可去，无事可做，并且，除了你现在是的那个人之外，你也不必做任何其他人。所以你们所谓的天堂是个乌有之乡（nowhere）。让我们在W与H这两个字之间留一点空间，你就会明白天堂就是此时…此地（now…here）。要知道：没有不正确的途径这种东西――因为在这旅途上，你无法“不到”你去的地方。只不过是速度的问题――只不过是你何时抵达的问题――然而，即使这样也是个幻象，因为并没有“何时”，也没有“之前”或“之后”，只有现在；一个永远的永恒片刻，你在其中经验你自己。人生的重点并非到达任何地方――人生是注意到你已经在那儿，并且一向都在那儿。人生的重点是创造――创造你是谁和是什么，然后去经验它。&lt;br&gt;&lt;/p&gt;', 'MyCnCart  - 天堂就是此时此地', 'MyCnCart  - 天堂就是此时此地', 'MyCnCart  - 天堂就是此时此地', '');
INSERT INTO `mc_blog_description` VALUES ('9', '3', '真正的爱是让人独立', '一旦你上升到神的意识层面，你将了解自己不必为任何别的人负责，而且，虽然希望每个灵魂都过着安适的生活是值得赞扬的，但每个灵魂在每一瞬间都必须选择――都在选择――其本身的命运。', '&lt;p&gt;一旦你上升到神的意识层面，你将了解自己不必为任何别的人负责，而且，虽然希望每个灵魂都过着安适的生活是值得赞扬的，但每个灵魂在每一瞬间都必须选择――都在选择――其本身的命运。让你的爱推你所爱的人进入世界――并且进入完全体验他们是谁的经验里。这样做，你才算是真正爱过人。你的责任是令他们独立。只有当他们醒悟到你是不必要的时候，你才真的是他们的一项赐福。同样的，当你醒悟到你不需要神时，也才是神最快乐的时刻。一位真正的大师并非拥有最多学生的人，而是创造出最多大师的人。而一位真正的神，并非拥有最多佣仆的那一位，却是为最多人服务的，因而使得所有其他人都成为神的那一位。我的喜悦是在你的自由，而非在你的服从。这是神的目标，也是神的荣耀：即，他不再有臣民，并且所有的人都认识到，神并非那不可及的，却是那不可避免的。你快乐的命运是不可避免的。你无法不“得救”。除了不明白此点之外，并没有别的地狱。&lt;br&gt;&lt;/p&gt;', 'MyCnCart  - 真正的爱是让人独立', 'MyCnCart  - 真正的爱是让人独立', 'MyCnCart  - 真正的爱是让人独立', '');
INSERT INTO `mc_blog_description` VALUES ('9', '2', '真正的爱是让人独立', '一旦你上升到神的意识层面，你将了解自己不必为任何别的人负责，而且，虽然希望每个灵魂都过着安适的生活是值得赞扬的，但每个灵魂在每一瞬间都必须选择――都在选择――其本身的命运。', '&lt;p&gt;一旦你上升到神的意识层面，你将了解自己不必为任何别的人负责，而且，虽然希望每个灵魂都过着安适的生活是值得赞扬的，但每个灵魂在每一瞬间都必须选择――都在选择――其本身的命运。让你的爱推你所爱的人进入世界――并且进入完全体验他们是谁的经验里。这样做，你才算是真正爱过人。你的责任是令他们独立。只有当他们醒悟到你是不必要的时候，你才真的是他们的一项赐福。同样的，当你醒悟到你不需要神时，也才是神最快乐的时刻。一位真正的大师并非拥有最多学生的人，而是创造出最多大师的人。而一位真正的神，并非拥有最多佣仆的那一位，却是为最多人服务的，因而使得所有其他人都成为神的那一位。我的喜悦是在你的自由，而非在你的服从。这是神的目标，也是神的荣耀：即，他不再有臣民，并且所有的人都认识到，神并非那不可及的，却是那不可避免的。你快乐的命运是不可避免的。你无法不“得救”。除了不明白此点之外，并没有别的地狱。&lt;br&gt;&lt;/p&gt;', 'MyCnCart  - 真正的爱是让人独立', 'MyCnCart  - 真正的爱是让人独立', 'MyCnCart  - 真正的爱是让人独立', '');
INSERT INTO `mc_blog_description` VALUES ('9', '1', '真正的爱是让人独立', '一旦你上升到神的意识层面，你将了解自己不必为任何别的人负责，而且，虽然希望每个灵魂都过着安适的生活是值得赞扬的，但每个灵魂在每一瞬间都必须选择――都在选择――其本身的命运。', '&lt;p&gt;一旦你上升到神的意识层面，你将了解自己不必为任何别的人负责，而且，虽然希望每个灵魂都过着安适的生活是值得赞扬的，但每个灵魂在每一瞬间都必须选择――都在选择――其本身的命运。让你的爱推你所爱的人进入世界――并且进入完全体验他们是谁的经验里。这样做，你才算是真正爱过人。你的责任是令他们独立。只有当他们醒悟到你是不必要的时候，你才真的是他们的一项赐福。同样的，当你醒悟到你不需要神时，也才是神最快乐的时刻。一位真正的大师并非拥有最多学生的人，而是创造出最多大师的人。而一位真正的神，并非拥有最多佣仆的那一位，却是为最多人服务的，因而使得所有其他人都成为神的那一位。我的喜悦是在你的自由，而非在你的服从。这是神的目标，也是神的荣耀：即，他不再有臣民，并且所有的人都认识到，神并非那不可及的，却是那不可避免的。你快乐的命运是不可避免的。你无法不“得救”。除了不明白此点之外，并没有别的地狱。&lt;br&gt;&lt;/p&gt;', 'MyCnCart  - 真正的爱是让人独立', 'MyCnCart  - 真正的爱是让人独立', 'MyCnCart  - 真正的爱是让人独立', '');
INSERT INTO `mc_blog_description` VALUES ('10', '3', '关系是神圣的，祝福每个关系', '关系是经常具挑战性的；经常召唤你去创造、表现，并且经验你自己之更高又更高的面向，你自己之更宏伟又更宏伟的视野，你自己之越来越崇高的版本。', '&lt;p&gt;关系是经常具挑战性的；经常召唤你去创造、表现，并且经验你自己之更高又更高的面向，你自己之更宏伟又更宏伟的视野，你自己之越来越崇高的版本。唯有透过你与其他人、地及事件的关系，你才能存在于宇宙里！所以，祝福每个关系，将每个都视为特殊，并且都形成了你是谁――并且现在选择做谁。关系的目的是，决定你喜欢看到你自己的哪个部分“显出来”，而非你可以捕获且保留别人的哪个部分。就关系――并且就整个人生――而言，只能有一个目的：去做，并且去决定你真正是谁。由于关系提供了人生最大的机会――的确，其唯一的机会――去创造及制作你对自己之最高观念的经验，所以关系是神圣的。&lt;br&gt;&lt;/p&gt;', 'MyCnCart  - 关系是神圣的，祝福每个关系', 'MyCnCart  - 关系是神圣的，祝福每个关系', 'MyCnCart  - 关系是神圣的，祝福每个关系', '');
INSERT INTO `mc_blog_description` VALUES ('10', '2', '关系是神圣的，祝福每个关系', '关系是经常具挑战性的；经常召唤你去创造、表现，并且经验你自己之更高又更高的面向，你自己之更宏伟又更宏伟的视野，你自己之越来越崇高的版本。', '&lt;p&gt;关系是经常具挑战性的；经常召唤你去创造、表现，并且经验你自己之更高又更高的面向，你自己之更宏伟又更宏伟的视野，你自己之越来越崇高的版本。唯有透过你与其他人、地及事件的关系，你才能存在于宇宙里！所以，祝福每个关系，将每个都视为特殊，并且都形成了你是谁――并且现在选择做谁。关系的目的是，决定你喜欢看到你自己的哪个部分“显出来”，而非你可以捕获且保留别人的哪个部分。就关系――并且就整个人生――而言，只能有一个目的：去做，并且去决定你真正是谁。由于关系提供了人生最大的机会――的确，其唯一的机会――去创造及制作你对自己之最高观念的经验，所以关系是神圣的。&lt;br&gt;&lt;/p&gt;', 'MyCnCart  - 关系是神圣的，祝福每个关系', 'MyCnCart  - 关系是神圣的，祝福每个关系', 'MyCnCart  - 关系是神圣的，祝福每个关系', '');
INSERT INTO `mc_blog_description` VALUES ('10', '1', '关系是神圣的，祝福每个关系', '关系是经常具挑战性的；经常召唤你去创造、表现，并且经验你自己之更高又更高的面向，你自己之更宏伟又更宏伟的视野，你自己之越来越崇高的版本。', '&lt;p&gt;关系是经常具挑战性的；经常召唤你去创造、表现，并且经验你自己之更高又更高的面向，你自己之更宏伟又更宏伟的视野，你自己之越来越崇高的版本。唯有透过你与其他人、地及事件的关系，你才能存在于宇宙里！所以，祝福每个关系，将每个都视为特殊，并且都形成了你是谁――并且现在选择做谁。关系的目的是，决定你喜欢看到你自己的哪个部分“显出来”，而非你可以捕获且保留别人的哪个部分。就关系――并且就整个人生――而言，只能有一个目的：去做，并且去决定你真正是谁。由于关系提供了人生最大的机会――的确，其唯一的机会――去创造及制作你对自己之最高观念的经验，所以关系是神圣的。&lt;br&gt;&lt;/p&gt;', 'MyCnCart  - 关系是神圣的，祝福每个关系', 'MyCnCart  - 关系是神圣的，祝福每个关系', 'MyCnCart  - 关系是神圣的，祝福每个关系', '');
INSERT INTO `mc_blog_description` VALUES ('11', '3', '最有爱心的人就是“自我中心”的人', '当你将关系看作是去创造和制作你对他人之最高观念的经验时，关系便会失败。', '&lt;p&gt;当你将关系看作是去创造和制作你对他人之最高观念的经验时，关系便会失败。让在关系里的每个人都只担心他自己――自己在作谁、做什么和有什么；自己在要什么、要求什么、给与什么；自己在寻求、创造和经验什么，那么，所有的关系都会绰绰有余地满足其目的――及它们的参与者！让在关系里的人别去担心别人，却只、只、只担心自己。最有爱心的人就是“自我中心”的人。如果你无法爱你的自己，你便无法爱别人。在关系中失去自我，是在这种结合中造成大多数痛苦的原因。当你再也看不到彼此为神圣旅程上的神圣灵魂时，你就无法看见在所有关系背后之理由和目的。为了进化的目的，灵魂才进入身体。你是谁就是在与所有其他一切的关系中，你创造自己成为什么。在这过程中，最重要的因素就是你的个人关系。你的第一个关系必然是与你自己的关系。你必须先学会尊重、珍惜，并且爱你自己。在你能视别人为有价值的人之前，你首先必须视你自己为有价值的。在你能视别人为有福的之前，你首先必须视你自己为有福的。在你能承认别人的神圣性之前，你首先必须认识你自己为神圣的。老师们全都带来同样的讯息：并非“我比你神圣”，却是“你与我一样神圣”。因此我告诉你：现在并且永远以你自己为中心。你的救赎并不能在别人的行为（action）中找到，只能在你的反应（re-action）中找到。在与别人的互动过程里，第一个问题是：现在我是谁，还有，与那个相关的，我想要作谁？&lt;br&gt;&lt;/p&gt;', 'MyCnCart  - 最有爱心的人就是“自我中心”的人', 'MyCnCart  - 最有爱心的人就是“自我中心”的人', 'MyCnCart  - 最有爱心的人就是“自我中心”的人', '');
INSERT INTO `mc_blog_description` VALUES ('11', '2', '最有爱心的人就是“自我中心”的人', '当你将关系看作是去创造和制作你对他人之最高观念的经验时，关系便会失败。', '&lt;p&gt;当你将关系看作是去创造和制作你对他人之最高观念的经验时，关系便会失败。让在关系里的每个人都只担心他自己――自己在作谁、做什么和有什么；自己在要什么、要求什么、给与什么；自己在寻求、创造和经验什么，那么，所有的关系都会绰绰有余地满足其目的――及它们的参与者！让在关系里的人别去担心别人，却只、只、只担心自己。最有爱心的人就是“自我中心”的人。如果你无法爱你的自己，你便无法爱别人。在关系中失去自我，是在这种结合中造成大多数痛苦的原因。当你再也看不到彼此为神圣旅程上的神圣灵魂时，你就无法看见在所有关系背后之理由和目的。为了进化的目的，灵魂才进入身体。你是谁就是在与所有其他一切的关系中，你创造自己成为什么。在这过程中，最重要的因素就是你的个人关系。你的第一个关系必然是与你自己的关系。你必须先学会尊重、珍惜，并且爱你自己。在你能视别人为有价值的人之前，你首先必须视你自己为有价值的。在你能视别人为有福的之前，你首先必须视你自己为有福的。在你能承认别人的神圣性之前，你首先必须认识你自己为神圣的。老师们全都带来同样的讯息：并非“我比你神圣”，却是“你与我一样神圣”。因此我告诉你：现在并且永远以你自己为中心。你的救赎并不能在别人的行为（action）中找到，只能在你的反应（re-action）中找到。在与别人的互动过程里，第一个问题是：现在我是谁，还有，与那个相关的，我想要作谁？&lt;br&gt;&lt;/p&gt;', 'MyCnCart  - 最有爱心的人就是“自我中心”的人', 'MyCnCart  - 最有爱心的人就是“自我中心”的人', 'MyCnCart  - 最有爱心的人就是“自我中心”的人', '');
INSERT INTO `mc_blog_description` VALUES ('11', '1', '最有爱心的人就是“自我中心”的人', '当你将关系看作是去创造和制作你对他人之最高观念的经验时，关系便会失败。', '&lt;p&gt;当你将关系看作是去创造和制作你对他人之最高观念的经验时，关系便会失败。让在关系里的每个人都只担心他自己――自己在作谁、做什么和有什么；自己在要什么、要求什么、给与什么；自己在寻求、创造和经验什么，那么，所有的关系都会绰绰有余地满足其目的――及它们的参与者！让在关系里的人别去担心别人，却只、只、只担心自己。最有爱心的人就是“自我中心”的人。如果你无法爱你的自己，你便无法爱别人。在关系中失去自我，是在这种结合中造成大多数痛苦的原因。当你再也看不到彼此为神圣旅程上的神圣灵魂时，你就无法看见在所有关系背后之理由和目的。为了进化的目的，灵魂才进入身体。你是谁就是在与所有其他一切的关系中，你创造自己成为什么。在这过程中，最重要的因素就是你的个人关系。你的第一个关系必然是与你自己的关系。你必须先学会尊重、珍惜，并且爱你自己。在你能视别人为有价值的人之前，你首先必须视你自己为有价值的。在你能视别人为有福的之前，你首先必须视你自己为有福的。在你能承认别人的神圣性之前，你首先必须认识你自己为神圣的。老师们全都带来同样的讯息：并非“我比你神圣”，却是“你与我一样神圣”。因此我告诉你：现在并且永远以你自己为中心。你的救赎并不能在别人的行为（action）中找到，只能在你的反应（re-action）中找到。在与别人的互动过程里，第一个问题是：现在我是谁，还有，与那个相关的，我想要作谁？&lt;br&gt;&lt;/p&gt;', 'MyCnCart  - 最有爱心的人就是“自我中心”的人', 'MyCnCart  - 最有爱心的人就是“自我中心”的人', 'MyCnCart  - 最有爱心的人就是“自我中心”的人', '');
INSERT INTO `mc_blog_description` VALUES ('12', '3', '做神的信使，唤醒每一个人', '灵魂的工作是唤醒你自己。神的工作是唤醒每一个人。', '&lt;p&gt;灵魂的工作是唤醒你自己。神的工作是唤醒每一个人。你能以两种方式做到此点――藉由提醒他们他们是谁（但这非常困难，因为他们不会相信你），或藉由记得你是谁（这容易得多，因为你并不需要他们的相信，只需要你自己的）。经常展现此点终究会提醒别人他们是谁，因为他们会在你身上看到他们自己。许多大师曾被派到地球来展示永恒的真理。你便是这样的一个信使。――你们全都是特殊的……宣告自己为一个属神的人需要很大的勇气。你愿意吗？你的心是否渴望说出关于我的真理？你是否愿意忍受你的人类同胞的耻笑？你是否准备好放弃世上的荣耀，为了使灵魂的更大荣耀得以完全的实现？去与他人分享永恒的真理……并非出于获得光荣的需要，却是出于你内心最深的愿望，去终止别人的痛苦和受罪；去带来喜悦和快乐，以及助力和治愈；去重新让别人与你一向体验到的与神的合伙之感连结。我选择了你做我的信使。你和许多其他人。因为现在，在即刻的眼前，世界将需要许多号角来吹出清亮的召唤。世界将需要许多声音，来说出百千万人渴望的真理和治愈的话语。世界将需要许多心结合在一起，来做灵魂的工作，并且准备去做神的工作。&lt;br&gt;&lt;/p&gt;', 'MyCnCart  - 做神的信使，唤醒每一个人', 'MyCnCart  - 做神的信使，唤醒每一个人', 'MyCnCart  - 做神的信使，唤醒每一个人', '');
INSERT INTO `mc_blog_description` VALUES ('12', '2', '做神的信使，唤醒每一个人', '灵魂的工作是唤醒你自己。神的工作是唤醒每一个人。', '&lt;p&gt;灵魂的工作是唤醒你自己。神的工作是唤醒每一个人。你能以两种方式做到此点――藉由提醒他们他们是谁（但这非常困难，因为他们不会相信你），或藉由记得你是谁（这容易得多，因为你并不需要他们的相信，只需要你自己的）。经常展现此点终究会提醒别人他们是谁，因为他们会在你身上看到他们自己。许多大师曾被派到地球来展示永恒的真理。你便是这样的一个信使。――你们全都是特殊的……宣告自己为一个属神的人需要很大的勇气。你愿意吗？你的心是否渴望说出关于我的真理？你是否愿意忍受你的人类同胞的耻笑？你是否准备好放弃世上的荣耀，为了使灵魂的更大荣耀得以完全的实现？去与他人分享永恒的真理……并非出于获得光荣的需要，却是出于你内心最深的愿望，去终止别人的痛苦和受罪；去带来喜悦和快乐，以及助力和治愈；去重新让别人与你一向体验到的与神的合伙之感连结。我选择了你做我的信使。你和许多其他人。因为现在，在即刻的眼前，世界将需要许多号角来吹出清亮的召唤。世界将需要许多声音，来说出百千万人渴望的真理和治愈的话语。世界将需要许多心结合在一起，来做灵魂的工作，并且准备去做神的工作。&lt;br&gt;&lt;/p&gt;', 'MyCnCart  - 做神的信使，唤醒每一个人', 'MyCnCart  - 做神的信使，唤醒每一个人', 'MyCnCart  - 做神的信使，唤醒每一个人', '');
INSERT INTO `mc_blog_description` VALUES ('12', '1', '做神的信使，唤醒每一个人', '灵魂的工作是唤醒你自己。神的工作是唤醒每一个人。', '&lt;p&gt;灵魂的工作是唤醒你自己。神的工作是唤醒每一个人。你能以两种方式做到此点――藉由提醒他们他们是谁（但这非常困难，因为他们不会相信你），或藉由记得你是谁（这容易得多，因为你并不需要他们的相信，只需要你自己的）。经常展现此点终究会提醒别人他们是谁，因为他们会在你身上看到他们自己。许多大师曾被派到地球来展示永恒的真理。你便是这样的一个信使。――你们全都是特殊的……宣告自己为一个属神的人需要很大的勇气。你愿意吗？你的心是否渴望说出关于我的真理？你是否愿意忍受你的人类同胞的耻笑？你是否准备好放弃世上的荣耀，为了使灵魂的更大荣耀得以完全的实现？去与他人分享永恒的真理……并非出于获得光荣的需要，却是出于你内心最深的愿望，去终止别人的痛苦和受罪；去带来喜悦和快乐，以及助力和治愈；去重新让别人与你一向体验到的与神的合伙之感连结。我选择了你做我的信使。你和许多其他人。因为现在，在即刻的眼前，世界将需要许多号角来吹出清亮的召唤。世界将需要许多声音，来说出百千万人渴望的真理和治愈的话语。世界将需要许多心结合在一起，来做灵魂的工作，并且准备去做神的工作。&lt;br&gt;&lt;/p&gt;', 'MyCnCart  - 做神的信使，唤醒每一个人', 'MyCnCart  - 做神的信使，唤醒每一个人', 'MyCnCart  - 做神的信使，唤醒每一个人', '');
INSERT INTO `mc_blog_description` VALUES ('13', '3', '灵魂只关注你存在的状态', '人生的讽刺是，一旦世俗的物品和世俗的成功不再为你所关心，它们流向你的路便打开了。记住，你无法拥有你想要的东西，但你可以经验你所拥有的不论什么东西。', '&lt;p&gt;做事是身体的一个机能。存在是灵魂的一个机能。你的灵魂不在乎你做什么维生――而当你的人生过完了时，你也不会在意。你的灵魂只在乎，当你在做不论你做的什么时，你是什么。灵魂追求的是一种存在的状态，而非一种做事的状态。“是”吸引“是”，而产生经验。灵魂寻求神，但它寻求的这个我是非常复杂，非常多重次元、多种感觉、多重面向的。在寻求是我的当儿，灵魂在它前面有个宏大的工作；一个可自其中挑选的庞大的“是”之菜单。然后产生正确而完美的条件，在其中创造对那存在状态的经验。所以，真实的事是，没有一件发生在你身上或经由你发生的事，不是为了你自己的最高善的。现在，在这一刻，你的灵魂又创造了机会让你去是、做，并且拥有认识你真的是谁所需的东西。你的灵魂带你到你现在正在读的字句――正如它以前曾带你到智慧和真理的字句。你现在要做什么？你选择要是什么？你的灵魂怀着兴趣等着、看着，正如它以前做过许多次的。我并不关心你世俗的成功，只有你关心。真正的大师们是那些选择去创造一个人生，而非维持一个生活的人。从某种存在状态会跃出一个如此丰富、如此圆满、如此宏伟，而且如此有益的人生，以致世俗的物品和世俗的成功将不再为你所关心了。人生的讽刺是，一旦世俗的物品和世俗的成功不再为你所关心，它们流向你的路便打开了。记住，你无法拥有你想要的东西，但你可以经验你所拥有的不论什么东西。&lt;br&gt;&lt;/p&gt;', 'MyCnCart  - 灵魂只关注你存在的状态', 'MyCnCart  - 灵魂只关注你存在的状态', 'MyCnCart  - 灵魂只关注你存在的状态', '');
INSERT INTO `mc_blog_description` VALUES ('13', '2', '灵魂只关注你存在的状态', '人生的讽刺是，一旦世俗的物品和世俗的成功不再为你所关心，它们流向你的路便打开了。记住，你无法拥有你想要的东西，但你可以经验你所拥有的不论什么东西。', '&lt;p&gt;做事是身体的一个机能。存在是灵魂的一个机能。你的灵魂不在乎你做什么维生――而当你的人生过完了时，你也不会在意。你的灵魂只在乎，当你在做不论你做的什么时，你是什么。灵魂追求的是一种存在的状态，而非一种做事的状态。“是”吸引“是”，而产生经验。灵魂寻求神，但它寻求的这个我是非常复杂，非常多重次元、多种感觉、多重面向的。在寻求是我的当儿，灵魂在它前面有个宏大的工作；一个可自其中挑选的庞大的“是”之菜单。然后产生正确而完美的条件，在其中创造对那存在状态的经验。所以，真实的事是，没有一件发生在你身上或经由你发生的事，不是为了你自己的最高善的。现在，在这一刻，你的灵魂又创造了机会让你去是、做，并且拥有认识你真的是谁所需的东西。你的灵魂带你到你现在正在读的字句――正如它以前曾带你到智慧和真理的字句。你现在要做什么？你选择要是什么？你的灵魂怀着兴趣等着、看着，正如它以前做过许多次的。我并不关心你世俗的成功，只有你关心。真正的大师们是那些选择去创造一个人生，而非维持一个生活的人。从某种存在状态会跃出一个如此丰富、如此圆满、如此宏伟，而且如此有益的人生，以致世俗的物品和世俗的成功将不再为你所关心了。人生的讽刺是，一旦世俗的物品和世俗的成功不再为你所关心，它们流向你的路便打开了。记住，你无法拥有你想要的东西，但你可以经验你所拥有的不论什么东西。&lt;br&gt;&lt;/p&gt;', 'MyCnCart  - 灵魂只关注你存在的状态', 'MyCnCart  - 灵魂只关注你存在的状态', 'MyCnCart  - 灵魂只关注你存在的状态', '');
INSERT INTO `mc_blog_description` VALUES ('13', '1', '灵魂只关注你存在的状态', '人生的讽刺是，一旦世俗的物品和世俗的成功不再为你所关心，它们流向你的路便打开了。记住，你无法拥有你想要的东西，但你可以经验你所拥有的不论什么东西。', '&lt;p&gt;做事是身体的一个机能。存在是灵魂的一个机能。你的灵魂不在乎你做什么维生――而当你的人生过完了时，你也不会在意。你的灵魂只在乎，当你在做不论你做的什么时，你是什么。灵魂追求的是一种存在的状态，而非一种做事的状态。“是”吸引“是”，而产生经验。灵魂寻求神，但它寻求的这个我是非常复杂，非常多重次元、多种感觉、多重面向的。在寻求是我的当儿，灵魂在它前面有个宏大的工作；一个可自其中挑选的庞大的“是”之菜单。然后产生正确而完美的条件，在其中创造对那存在状态的经验。所以，真实的事是，没有一件发生在你身上或经由你发生的事，不是为了你自己的最高善的。现在，在这一刻，你的灵魂又创造了机会让你去是、做，并且拥有认识你真的是谁所需的东西。你的灵魂带你到你现在正在读的字句――正如它以前曾带你到智慧和真理的字句。你现在要做什么？你选择要是什么？你的灵魂怀着兴趣等着、看着，正如它以前做过许多次的。我并不关心你世俗的成功，只有你关心。真正的大师们是那些选择去创造一个人生，而非维持一个生活的人。从某种存在状态会跃出一个如此丰富、如此圆满、如此宏伟，而且如此有益的人生，以致世俗的物品和世俗的成功将不再为你所关心了。人生的讽刺是，一旦世俗的物品和世俗的成功不再为你所关心，它们流向你的路便打开了。记住，你无法拥有你想要的东西，但你可以经验你所拥有的不论什么东西。&lt;br&gt;&lt;/p&gt;', 'MyCnCart  - 灵魂只关注你存在的状态', 'MyCnCart  - 灵魂只关注你存在的状态', 'MyCnCart  - 灵魂只关注你存在的状态', '');
INSERT INTO `mc_blog_description` VALUES ('14', '3', '平衡身、心、灵----三位一体，即神成肉身', '当身、心和灵在和谐与统一中一同创造时，神成肉身。于是，灵魂真的在其自己的经验中认识它自己。于是，天堂真的欢欣鼓舞。', '&lt;p&gt;不要轻视你身体正在做的事。它是重要的。但却非以你所想的方式。身体的行动本意是反映一种存在状态，而非想达到一种存在状态的企图。“你的人生并不是关于你的身体在做什么”这个声明的意思。然而，真实的，你的身体在做什么，却是你的人生是关乎什么的一个反映。你在这星球上并不是要以你的身体生产任何东西。你在这个星球上是要以你的灵魂生产一些东西。你的身体只不过单纯的是你灵魂的工具，你的头脑是令身体做事的力量。所以，你在此所有的是个有力的工具，用来创造灵魂之所欲。&lt;br&gt;&lt;br&gt;发现生命和身体毫无关系，可能创造出另一方面的一个不平衡。虽然一开始实体的行为是――仿佛身体是所有的一切，现在它的行为却象是身体根本不重要。当然，这并不是真的――如果实体很快的忆起来的话。&lt;br&gt;&lt;br&gt;你是个三部分的存在，由身、心和灵构成。你将永远是个三部分的存在，不只当你活在地球上时。在死亡时，身和心并没被丢掉，是身体改变了形式，心智（不可与大脑混淆）也仍与你同行，加入灵和身，成为一个三次元或三面的能量团。事实上，你们全是一个能量，却有三个分别的特征。身与心一起并不需要做任何事去控制灵魂――因为灵魂是全然没有“需要”的（不象身和心都为“需要”所羁绊），因而容许身和心意志照自己的意思而行。服从并非创造，因此永远不能产生救赎。灵魂永远不会凌越身体或心智。我造你们为一个三合一的生灵。你是三个存在合而为一的。按照我的形象造成的。自己的三个面向彼此并非不平等的。每个都有个机能，但没有一个机能比其他的机能更伟大，并且也没有任何一个机能能实际上在另一个之前。灵魂孕育，心智创造，身体体验。所有的都以完全平等的方式彼此相连。灵魂的机能是指明其欲望，并非强加其欲望。头脑的机能是由其选择的余地中选择。身体的机能是表现出那选择。当身、心和灵在和谐与统一中一同创造时，神成肉身。于是，灵魂真的在其自己的经验中认识它自己。于是，天堂真的欢欣鼓舞。&lt;br&gt;&lt;/p&gt;', 'MyCnCart  - 平衡身、心、灵----三位一体，即神成肉身', 'MyCnCart  - 平衡身、心、灵----三位一体，即神成肉身', 'MyCnCart  - 平衡身、心、灵----三位一体，即神成肉身', '');
INSERT INTO `mc_blog_description` VALUES ('14', '2', '平衡身、心、灵----三位一体，即神成肉身', '当身、心和灵在和谐与统一中一同创造时，神成肉身。于是，灵魂真的在其自己的经验中认识它自己。于是，天堂真的欢欣鼓舞。', '&lt;p&gt;不要轻视你身体正在做的事。它是重要的。但却非以你所想的方式。身体的行动本意是反映一种存在状态，而非想达到一种存在状态的企图。“你的人生并不是关于你的身体在做什么”这个声明的意思。然而，真实的，你的身体在做什么，却是你的人生是关乎什么的一个反映。你在这星球上并不是要以你的身体生产任何东西。你在这个星球上是要以你的灵魂生产一些东西。你的身体只不过单纯的是你灵魂的工具，你的头脑是令身体做事的力量。所以，你在此所有的是个有力的工具，用来创造灵魂之所欲。&lt;br&gt;&lt;br&gt;发现生命和身体毫无关系，可能创造出另一方面的一个不平衡。虽然一开始实体的行为是――仿佛身体是所有的一切，现在它的行为却象是身体根本不重要。当然，这并不是真的――如果实体很快的忆起来的话。&lt;br&gt;&lt;br&gt;你是个三部分的存在，由身、心和灵构成。你将永远是个三部分的存在，不只当你活在地球上时。在死亡时，身和心并没被丢掉，是身体改变了形式，心智（不可与大脑混淆）也仍与你同行，加入灵和身，成为一个三次元或三面的能量团。事实上，你们全是一个能量，却有三个分别的特征。身与心一起并不需要做任何事去控制灵魂――因为灵魂是全然没有“需要”的（不象身和心都为“需要”所羁绊），因而容许身和心意志照自己的意思而行。服从并非创造，因此永远不能产生救赎。灵魂永远不会凌越身体或心智。我造你们为一个三合一的生灵。你是三个存在合而为一的。按照我的形象造成的。自己的三个面向彼此并非不平等的。每个都有个机能，但没有一个机能比其他的机能更伟大，并且也没有任何一个机能能实际上在另一个之前。灵魂孕育，心智创造，身体体验。所有的都以完全平等的方式彼此相连。灵魂的机能是指明其欲望，并非强加其欲望。头脑的机能是由其选择的余地中选择。身体的机能是表现出那选择。当身、心和灵在和谐与统一中一同创造时，神成肉身。于是，灵魂真的在其自己的经验中认识它自己。于是，天堂真的欢欣鼓舞。&lt;br&gt;&lt;/p&gt;', 'MyCnCart  - 平衡身、心、灵----三位一体，即神成肉身', 'MyCnCart  - 平衡身、心、灵----三位一体，即神成肉身', 'MyCnCart  - 平衡身、心、灵----三位一体，即神成肉身', '');
INSERT INTO `mc_blog_description` VALUES ('14', '1', '平衡身、心、灵----三位一体，即神成肉身', '当身、心和灵在和谐与统一中一同创造时，神成肉身。于是，灵魂真的在其自己的经验中认识它自己。于是，天堂真的欢欣鼓舞。', '&lt;p&gt;不要轻视你身体正在做的事。它是重要的。但却非以你所想的方式。身体的行动本意是反映一种存在状态，而非想达到一种存在状态的企图。“你的人生并不是关于你的身体在做什么”这个声明的意思。然而，真实的，你的身体在做什么，却是你的人生是关乎什么的一个反映。你在这星球上并不是要以你的身体生产任何东西。你在这个星球上是要以你的灵魂生产一些东西。你的身体只不过单纯的是你灵魂的工具，你的头脑是令身体做事的力量。所以，你在此所有的是个有力的工具，用来创造灵魂之所欲。&lt;br&gt;&lt;br&gt;发现生命和身体毫无关系，可能创造出另一方面的一个不平衡。虽然一开始实体的行为是――仿佛身体是所有的一切，现在它的行为却象是身体根本不重要。当然，这并不是真的――如果实体很快的忆起来的话。&lt;br&gt;&lt;br&gt;你是个三部分的存在，由身、心和灵构成。你将永远是个三部分的存在，不只当你活在地球上时。在死亡时，身和心并没被丢掉，是身体改变了形式，心智（不可与大脑混淆）也仍与你同行，加入灵和身，成为一个三次元或三面的能量团。事实上，你们全是一个能量，却有三个分别的特征。身与心一起并不需要做任何事去控制灵魂――因为灵魂是全然没有“需要”的（不象身和心都为“需要”所羁绊），因而容许身和心意志照自己的意思而行。服从并非创造，因此永远不能产生救赎。灵魂永远不会凌越身体或心智。我造你们为一个三合一的生灵。你是三个存在合而为一的。按照我的形象造成的。自己的三个面向彼此并非不平等的。每个都有个机能，但没有一个机能比其他的机能更伟大，并且也没有任何一个机能能实际上在另一个之前。灵魂孕育，心智创造，身体体验。所有的都以完全平等的方式彼此相连。灵魂的机能是指明其欲望，并非强加其欲望。头脑的机能是由其选择的余地中选择。身体的机能是表现出那选择。当身、心和灵在和谐与统一中一同创造时，神成肉身。于是，灵魂真的在其自己的经验中认识它自己。于是，天堂真的欢欣鼓舞。&lt;br&gt;&lt;/p&gt;', 'MyCnCart  - 平衡身、心、灵----三位一体，即神成肉身', 'MyCnCart  - 平衡身、心、灵----三位一体，即神成肉身', 'MyCnCart  - 平衡身、心、灵----三位一体，即神成肉身', '');
INSERT INTO `mc_blog_description` VALUES ('15', '3', '你是神的身体', '现在我要解释给你听那终极的神秘：你们和我的精确而真实的关系。你们是我的身体。正如你的身体相对于你的心智和灵魂的关系，你们相对于我的心智和灵魂的关系也是一样的。所以：我所经验的每样事，是我透过你们来经验的。正如你的身心和灵是一体的，我的也是一样。', '&lt;p&gt;现在我要解释给你听那终极的神秘：你们和我的精确而真实的关系。你们是我的身体。正如你的身体相对于你的心智和灵魂的关系，你们相对于我的心智和灵魂的关系也是一样的。所以：我所经验的每样事，是我透过你们来经验的。正如你的身心和灵是一体的，我的也是一样。&lt;br&gt;&lt;/p&gt;', 'MyCnCart  - 你是神的身体', 'MyCnCart  - 你是神的身体', 'MyCnCart  - 你是神的身体', '');
INSERT INTO `mc_blog_description` VALUES ('15', '2', '你是神的身体', '现在我要解释给你听那终极的神秘：你们和我的精确而真实的关系。你们是我的身体。正如你的身体相对于你的心智和灵魂的关系，你们相对于我的心智和灵魂的关系也是一样的。所以：我所经验的每样事，是我透过你们来经验的。正如你的身心和灵是一体的，我的也是一样。', '&lt;p&gt;现在我要解释给你听那终极的神秘：你们和我的精确而真实的关系。你们是我的身体。正如你的身体相对于你的心智和灵魂的关系，你们相对于我的心智和灵魂的关系也是一样的。所以：我所经验的每样事，是我透过你们来经验的。正如你的身心和灵是一体的，我的也是一样。&lt;br&gt;&lt;/p&gt;', 'MyCnCart  - 你是神的身体', 'MyCnCart  - 你是神的身体', 'MyCnCart  - 你是神的身体', '');
INSERT INTO `mc_blog_description` VALUES ('15', '1', '你是神的身体', '现在我要解释给你听那终极的神秘：你们和我的精确而真实的关系。你们是我的身体。正如你的身体相对于你的心智和灵魂的关系，你们相对于我的心智和灵魂的关系也是一样的。所以：我所经验的每样事，是我透过你们来经验的。正如你的身心和灵是一体的，我的也是一样。', '&lt;p&gt;现在我要解释给你听那终极的神秘：你们和我的精确而真实的关系。你们是我的身体。正如你的身体相对于你的心智和灵魂的关系，你们相对于我的心智和灵魂的关系也是一样的。所以：我所经验的每样事，是我透过你们来经验的。正如你的身心和灵是一体的，我的也是一样。&lt;br&gt;&lt;/p&gt;', 'MyCnCart  - 你是神的身体', 'MyCnCart  - 你是神的身体', 'MyCnCart  - 你是神的身体', '');
INSERT INTO `mc_blog_description` VALUES ('16', '3', '别成为你曾经想要成为的人，要成为你现在希望成为的人', '', '&lt;p&gt;别成为你曾经想要成为的人，要成为你现在希望成为的人&lt;br&gt;&lt;/p&gt;&lt;p&gt;这是你生活中最大的区别。到目前为止，你一直都在努力“成为”你曾经想要成为的人。从现在开始，你将会成为你最崇高愿望的产物。&lt;/p&gt;&lt;p&gt;改变并非为了让神佛接受你。在神佛的眼里，现在的你完全是可以接受的。你改变，只是因为你选择改变，你选择去实现你对自我的新期许。&lt;/p&gt;', '别成为你曾经想要成为的人，要成为你现在希望成为的人', '别成为你曾经想要成为的人，要成为你现在希望成为的人', '别成为你曾经想要成为的人，要成为你现在希望成为的人', '');
INSERT INTO `mc_blog_description` VALUES ('16', '1', '别成为你曾经想要成为的人，要成为你现在希望成为的人', '', '&lt;p&gt;别成为你曾经想要成为的人，要成为你现在希望成为的人&lt;br&gt;&lt;/p&gt;&lt;p&gt;这是你生活中最大的区别。到目前为止，你一直都在努力“成为”你曾经想要成为的人。从现在开始，你将会成为你最崇高愿望的产物。&lt;/p&gt;&lt;p&gt;改变并非为了让神佛接受你。在神佛的眼里，现在的你完全是可以接受的。你改变，只是因为你选择改变，你选择去实现你对自我的新期许。&lt;/p&gt;', '别成为你曾经想要成为的人，要成为你现在希望成为的人', '别成为你曾经想要成为的人，要成为你现在希望成为的人', '别成为你曾经想要成为的人，要成为你现在希望成为的人', '');
INSERT INTO `mc_blog_description` VALUES ('16', '2', '别成为你曾经想要成为的人，要成为你现在希望成为的人', '', '&lt;p&gt;别成为你曾经想要成为的人，要成为你现在希望成为的人&lt;br&gt;&lt;/p&gt;&lt;p&gt;这是你生活中最大的区别。到目前为止，你一直都在努力“成为”你曾经想要成为的人。从现在开始，你将会成为你最崇高愿望的产物。&lt;/p&gt;&lt;p&gt;改变并非为了让神佛接受你。在神佛的眼里，现在的你完全是可以接受的。你改变，只是因为你选择改变，你选择去实现你对自我的新期许。&lt;/p&gt;', '别成为你曾经想要成为的人，要成为你现在希望成为的人', '别成为你曾经想要成为的人，要成为你现在希望成为的人', '别成为你曾经想要成为的人，要成为你现在希望成为的人', '');
INSERT INTO `mc_blog_description` VALUES ('17', '1', '如果我犯下了不可原谅的大错，我如何能够原谅自己？', '', '&lt;p&gt;不可原谅的东西是不存在的。没有任何罪行严重到我会拒绝原谅你。哪怕人类最严厉的宗教也传播这个道理。&lt;/p&gt;&lt;p&gt;这些宗教也许在救赎的方式上有争议，也许在救赎的道路上有争议，但他们全都同意的是，这样的方式和道路是有的。&lt;/p&gt;&lt;p&gt;在你成为死亡的时刻，你自然会得到补赎的机会。&lt;/p&gt;&lt;p&gt;所谓补赎，就是意识到你和所有其他人是一体。那就是明白你和万物——包括我——是合一的。&lt;/p&gt;&lt;p&gt;死亡之后，当你和你的肉体分开之后，你将会立刻拥有——忆起——这种经验。&lt;/p&gt;&lt;p&gt;所有灵魂都以最有意思的方式经验到他们的“合一”。它们将得到机会再次经历他们刚完成的人生的每个时刻——不仅是从它们的角度去经验它，而且也从所有受该时刻影响的人角度去经验它。他们将会重新思考每个思维，重新说出每句话，重新做出每件事，去经验那对每个受牵涉的人的影响，仿佛它们是别人一样——而它们确实就是别人。&lt;/p&gt;&lt;p&gt;它们将会经验地认识到它们的身份。在这个时刻，“我们所有人是一体”这句话不再是概念，它将会变成经验。&lt;/p&gt;&lt;p&gt;让你们承受无尽的折磨和诅咒的地方并不存在，那是你们的神学理论杜撰出来的。但你们——你们所有人——将会经验到你们的选择和决定造成的影响、后果和结局。然而这关乎成长，而非“正义”。这是进化的过程，而非神佛的“惩罚”。&lt;/p&gt;&lt;p&gt;在你进行“人生回顾”——有些人这么称呼它——过程中，你不会受到任何人的审判，而只是有机会去经验你的整体在生活的每时每刻所经验到的东西，而非你那寄居在当前肉身中的个体所经验到的东西。&lt;/p&gt;&lt;p&gt;你经验到的不是痛苦，而是觉悟。你将会深深地理解、深深地省悟每个时刻的总体和它蕴含的意义。然而这不会令你痛苦，这会让你进入光明的境界。&lt;br&gt;&lt;/p&gt;', '如果我犯下了不可原谅的大错，我如何能够原谅自己？', '如果我犯下了不可原谅的大错，我如何能够原谅自己？', '如果我犯下了不可原谅的大错，我如何能够原谅自己？', '');
INSERT INTO `mc_blog_description` VALUES ('17', '3', '如果我犯下了不可原谅的大错，我如何能够原谅自己？', '', '&lt;p&gt;不可原谅的东西是不存在的。没有任何罪行严重到我会拒绝原谅你。哪怕人类最严厉的宗教也传播这个道理。&lt;/p&gt;&lt;p&gt;这些宗教也许在救赎的方式上有争议，也许在救赎的道路上有争议，但他们全都同意的是，这样的方式和道路是有的。&lt;/p&gt;&lt;p&gt;在你成为死亡的时刻，你自然会得到补赎的机会。&lt;/p&gt;&lt;p&gt;所谓补赎，就是意识到你和所有其他人是一体。那就是明白你和万物——包括我——是合一的。&lt;/p&gt;&lt;p&gt;死亡之后，当你和你的肉体分开之后，你将会立刻拥有——忆起——这种经验。&lt;/p&gt;&lt;p&gt;所有灵魂都以最有意思的方式经验到他们的“合一”。它们将得到机会再次经历他们刚完成的人生的每个时刻——不仅是从它们的角度去经验它，而且也从所有受该时刻影响的人角度去经验它。他们将会重新思考每个思维，重新说出每句话，重新做出每件事，去经验那对每个受牵涉的人的影响，仿佛它们是别人一样——而它们确实就是别人。&lt;/p&gt;&lt;p&gt;它们将会经验地认识到它们的身份。在这个时刻，“我们所有人是一体”这句话不再是概念，它将会变成经验。&lt;/p&gt;&lt;p&gt;让你们承受无尽的折磨和诅咒的地方并不存在，那是你们的神学理论杜撰出来的。但你们——你们所有人——将会经验到你们的选择和决定造成的影响、后果和结局。然而这关乎成长，而非“正义”。这是进化的过程，而非神佛的“惩罚”。&lt;/p&gt;&lt;p&gt;在你进行“人生回顾”——有些人这么称呼它——过程中，你不会受到任何人的审判，而只是有机会去经验你的整体在生活的每时每刻所经验到的东西，而非你那寄居在当前肉身中的个体所经验到的东西。&lt;/p&gt;&lt;p&gt;你经验到的不是痛苦，而是觉悟。你将会深深地理解、深深地省悟每个时刻的总体和它蕴含的意义。然而这不会令你痛苦，这会让你进入光明的境界。&lt;br&gt;&lt;/p&gt;', '如果我犯下了不可原谅的大错，我如何能够原谅自己？', '如果我犯下了不可原谅的大错，我如何能够原谅自己？', '如果我犯下了不可原谅的大错，我如何能够原谅自己？', '');

-- ----------------------------
-- Table structure for mc_blog_product
-- ----------------------------
DROP TABLE IF EXISTS `mc_blog_product`;
CREATE TABLE `mc_blog_product` (
  `blog_id` int(11) NOT NULL,
  `related_id` int(11) NOT NULL,
  UNIQUE KEY `blog_id` (`blog_id`,`related_id`)
) ENGINE=MyISAM DEFAULT CHARSET=utf8;

-- ----------------------------
-- Records of mc_blog_product
-- ----------------------------
INSERT INTO `mc_blog_product` VALUES ('1', '28');
INSERT INTO `mc_blog_product` VALUES ('1', '41');
INSERT INTO `mc_blog_product` VALUES ('2', '48');
INSERT INTO `mc_blog_product` VALUES ('3', '41');
INSERT INTO `mc_blog_product` VALUES ('3', '47');
INSERT INTO `mc_blog_product` VALUES ('15', '29');
INSERT INTO `mc_blog_product` VALUES ('15', '30');
INSERT INTO `mc_blog_product` VALUES ('15', '31');
INSERT INTO `mc_blog_product` VALUES ('16', '33');
INSERT INTO `mc_blog_product` VALUES ('16', '41');
INSERT INTO `mc_blog_product` VALUES ('16', '45');
INSERT INTO `mc_blog_product` VALUES ('16', '46');

-- ----------------------------
-- Table structure for mc_blog_related
-- ----------------------------
DROP TABLE IF EXISTS `mc_blog_related`;
CREATE TABLE `mc_blog_related` (
  `blog_id` int(11) NOT NULL,
  `related_id` int(11) NOT NULL,
  PRIMARY KEY (`blog_id`,`related_id`)
) ENGINE=MyISAM DEFAULT CHARSET=utf8;

-- ----------------------------
-- Records of mc_blog_related
-- ----------------------------
INSERT INTO `mc_blog_related` VALUES ('1', '2');
INSERT INTO `mc_blog_related` VALUES ('1', '3');
INSERT INTO `mc_blog_related` VALUES ('1', '5');
INSERT INTO `mc_blog_related` VALUES ('3', '1');
INSERT INTO `mc_blog_related` VALUES ('3', '3');
INSERT INTO `mc_blog_related` VALUES ('3', '5');

-- ----------------------------
-- Table structure for mc_blog_to_blog_category
-- ----------------------------
DROP TABLE IF EXISTS `mc_blog_to_blog_category`;
CREATE TABLE `mc_blog_to_blog_category` (
  `blog_id` int(11) NOT NULL,
  `blog_category_id` int(11) NOT NULL,
  PRIMARY KEY (`blog_id`,`blog_category_id`),
  KEY `blog_category_id` (`blog_category_id`)
) ENGINE=MyISAM DEFAULT CHARSET=utf8;

-- ----------------------------
-- Records of mc_blog_to_blog_category
-- ----------------------------
INSERT INTO `mc_blog_to_blog_category` VALUES ('1', '1');
INSERT INTO `mc_blog_to_blog_category` VALUES ('1', '5');
INSERT INTO `mc_blog_to_blog_category` VALUES ('2', '1');
INSERT INTO `mc_blog_to_blog_category` VALUES ('2', '2');
INSERT INTO `mc_blog_to_blog_category` VALUES ('2', '3');
INSERT INTO `mc_blog_to_blog_category` VALUES ('2', '4');
INSERT INTO `mc_blog_to_blog_category` VALUES ('3', '1');
INSERT INTO `mc_blog_to_blog_category` VALUES ('3', '6');
INSERT INTO `mc_blog_to_blog_category` VALUES ('4', '1');
INSERT INTO `mc_blog_to_blog_category` VALUES ('4', '4');
INSERT INTO `mc_blog_to_blog_category` VALUES ('5', '1');
INSERT INTO `mc_blog_to_blog_category` VALUES ('5', '5');
INSERT INTO `mc_blog_to_blog_category` VALUES ('6', '1');
INSERT INTO `mc_blog_to_blog_category` VALUES ('7', '1');
INSERT INTO `mc_blog_to_blog_category` VALUES ('8', '1');
INSERT INTO `mc_blog_to_blog_category` VALUES ('9', '1');
INSERT INTO `mc_blog_to_blog_category` VALUES ('10', '1');
INSERT INTO `mc_blog_to_blog_category` VALUES ('11', '1');
INSERT INTO `mc_blog_to_blog_category` VALUES ('12', '1');
INSERT INTO `mc_blog_to_blog_category` VALUES ('13', '1');
INSERT INTO `mc_blog_to_blog_category` VALUES ('14', '1');
INSERT INTO `mc_blog_to_blog_category` VALUES ('15', '1');
INSERT INTO `mc_blog_to_blog_category` VALUES ('16', '9');
INSERT INTO `mc_blog_to_blog_category` VALUES ('17', '9');

-- ----------------------------
-- Table structure for mc_blog_to_layout
-- ----------------------------
DROP TABLE IF EXISTS `mc_blog_to_layout`;
CREATE TABLE `mc_blog_to_layout` (
  `blog_id` int(11) NOT NULL,
  `store_id` int(11) NOT NULL,
  `layout_id` int(11) NOT NULL,
  PRIMARY KEY (`blog_id`,`store_id`)
) ENGINE=MyISAM DEFAULT CHARSET=utf8;

-- ----------------------------
-- Records of mc_blog_to_layout
-- ----------------------------
INSERT INTO `mc_blog_to_layout` VALUES ('1', '0', '0');
INSERT INTO `mc_blog_to_layout` VALUES ('2', '0', '0');
INSERT INTO `mc_blog_to_layout` VALUES ('3', '0', '0');
INSERT INTO `mc_blog_to_layout` VALUES ('4', '0', '0');
INSERT INTO `mc_blog_to_layout` VALUES ('5', '0', '0');
INSERT INTO `mc_blog_to_layout` VALUES ('6', '0', '0');
INSERT INTO `mc_blog_to_layout` VALUES ('7', '0', '0');
INSERT INTO `mc_blog_to_layout` VALUES ('8', '0', '0');
INSERT INTO `mc_blog_to_layout` VALUES ('9', '0', '0');
INSERT INTO `mc_blog_to_layout` VALUES ('10', '0', '0');
INSERT INTO `mc_blog_to_layout` VALUES ('11', '0', '0');
INSERT INTO `mc_blog_to_layout` VALUES ('12', '0', '0');
INSERT INTO `mc_blog_to_layout` VALUES ('13', '0', '0');
INSERT INTO `mc_blog_to_layout` VALUES ('14', '0', '0');
INSERT INTO `mc_blog_to_layout` VALUES ('15', '0', '0');
INSERT INTO `mc_blog_to_layout` VALUES ('16', '0', '0');
INSERT INTO `mc_blog_to_layout` VALUES ('17', '0', '0');

-- ----------------------------
-- Table structure for mc_blog_to_store
-- ----------------------------
DROP TABLE IF EXISTS `mc_blog_to_store`;
CREATE TABLE `mc_blog_to_store` (
  `blog_id` int(11) NOT NULL,
  `store_id` int(11) NOT NULL DEFAULT '0',
  PRIMARY KEY (`blog_id`,`store_id`)
) ENGINE=MyISAM DEFAULT CHARSET=utf8;

-- ----------------------------
-- Records of mc_blog_to_store
-- ----------------------------
INSERT INTO `mc_blog_to_store` VALUES ('1', '0');
INSERT INTO `mc_blog_to_store` VALUES ('2', '0');
INSERT INTO `mc_blog_to_store` VALUES ('3', '0');
INSERT INTO `mc_blog_to_store` VALUES ('4', '0');
INSERT INTO `mc_blog_to_store` VALUES ('5', '0');
INSERT INTO `mc_blog_to_store` VALUES ('6', '0');
INSERT INTO `mc_blog_to_store` VALUES ('7', '0');
INSERT INTO `mc_blog_to_store` VALUES ('8', '0');
INSERT INTO `mc_blog_to_store` VALUES ('9', '0');
INSERT INTO `mc_blog_to_store` VALUES ('10', '0');
INSERT INTO `mc_blog_to_store` VALUES ('11', '0');
INSERT INTO `mc_blog_to_store` VALUES ('12', '0');
INSERT INTO `mc_blog_to_store` VALUES ('13', '0');
INSERT INTO `mc_blog_to_store` VALUES ('14', '0');
INSERT INTO `mc_blog_to_store` VALUES ('15', '0');
INSERT INTO `mc_blog_to_store` VALUES ('16', '0');
INSERT INTO `mc_blog_to_store` VALUES ('17', '0');

-- ----------------------------
-- Table structure for mc_cart
-- ----------------------------
DROP TABLE IF EXISTS `mc_cart`;
CREATE TABLE `mc_cart` (
  `cart_id` int(11) unsigned NOT NULL AUTO_INCREMENT,
  `api_id` int(11) NOT NULL,
  `customer_id` int(11) NOT NULL,
  `session_id` varchar(32) NOT NULL,
  `product_id` int(11) NOT NULL,
  `recurring_id` int(11) NOT NULL,
  `option` text NOT NULL,
  `quantity` int(5) NOT NULL,
  `date_added` datetime NOT NULL,
  PRIMARY KEY (`cart_id`),
  KEY `cart_id` (`api_id`,`customer_id`,`session_id`,`product_id`,`recurring_id`)
) ENGINE=InnoDB DEFAULT CHARSET=utf8;

-- ----------------------------
-- Records of mc_cart
-- ----------------------------

-- ----------------------------
-- Table structure for mc_category
-- ----------------------------
DROP TABLE IF EXISTS `mc_category`;
CREATE TABLE `mc_category` (
  `category_id` int(11) NOT NULL AUTO_INCREMENT,
  `image` varchar(255) DEFAULT NULL,
  `parent_id` int(11) NOT NULL DEFAULT '0',
  `top` tinyint(1) NOT NULL,
  `column` int(3) NOT NULL,
  `sort_order` int(3) NOT NULL DEFAULT '0',
  `status` tinyint(1) NOT NULL,
  `date_added` datetime NOT NULL,
  `date_modified` datetime NOT NULL,
  PRIMARY KEY (`category_id`),
  KEY `parent_id` (`parent_id`)
) ENGINE=MyISAM AUTO_INCREMENT=59 DEFAULT CHARSET=utf8;

-- ----------------------------
-- Records of mc_category
-- ----------------------------
INSERT INTO `mc_category` VALUES ('43', '', '34', '0', '0', '0', '1', '2010-09-18 14:06:49', '2011-04-22 01:55:40');
INSERT INTO `mc_category` VALUES ('40', '', '34', '0', '0', '0', '1', '2010-09-18 14:05:36', '2010-09-18 14:05:36');
INSERT INTO `mc_category` VALUES ('41', '', '34', '0', '0', '0', '1', '2010-09-18 14:05:49', '2011-04-22 01:55:30');
INSERT INTO `mc_category` VALUES ('42', '', '34', '0', '0', '0', '1', '2010-09-18 14:06:34', '2010-11-07 20:31:04');
INSERT INTO `mc_category` VALUES ('39', '', '34', '0', '0', '0', '1', '2010-09-18 14:04:17', '2011-04-22 01:55:20');
INSERT INTO `mc_category` VALUES ('38', '', '34', '0', '0', '0', '1', '2010-09-18 14:03:51', '2010-09-18 14:03:51');
INSERT INTO `mc_category` VALUES ('37', '', '34', '0', '0', '0', '1', '2010-09-18 14:03:39', '2011-04-22 01:55:08');
INSERT INTO `mc_category` VALUES ('57', '', '28', '0', '0', '3', '1', '2011-04-26 08:53:16', '2016-08-04 12:52:21');
INSERT INTO `mc_category` VALUES ('29', '', '32', '0', '0', '1', '1', '2009-02-02 13:11:37', '2016-08-04 12:47:16');
INSERT INTO `mc_category` VALUES ('30', '', '32', '0', '0', '1', '1', '2009-02-02 13:11:59', '2016-08-04 12:44:42');
INSERT INTO `mc_category` VALUES ('31', '', '32', '0', '0', '1', '1', '2009-02-03 14:17:24', '2016-08-04 12:43:10');
INSERT INTO `mc_category` VALUES ('36', '', '28', '0', '0', '0', '1', '2010-09-17 10:07:13', '2016-08-04 12:50:26');
INSERT INTO `mc_category` VALUES ('35', '', '28', '0', '0', '0', '1', '2010-09-17 10:06:48', '2016-08-04 12:49:23');
INSERT INTO `mc_category` VALUES ('32', '', '25', '0', '0', '1', '1', '2009-02-03 14:17:34', '2016-08-04 12:36:03');
INSERT INTO `mc_category` VALUES ('28', '', '25', '0', '0', '1', '1', '2009-02-02 13:11:12', '2016-08-04 12:35:01');
INSERT INTO `mc_category` VALUES ('27', '', '20', '0', '0', '2', '1', '2009-01-31 01:55:34', '2017-07-20 09:46:20');
INSERT INTO `mc_category` VALUES ('26', '', '20', '0', '0', '1', '1', '2009-01-31 01:55:14', '2016-08-04 12:31:46');
INSERT INTO `mc_category` VALUES ('34', 'catalog/demo/ipod_touch_4.jpg', '0', '1', '4', '7', '1', '2009-02-03 14:18:11', '2016-08-13 14:13:13');
INSERT INTO `mc_category` VALUES ('17', '', '0', '1', '1', '4', '1', '2009-01-03 21:08:57', '2016-08-04 12:54:23');
INSERT INTO `mc_category` VALUES ('25', '', '0', '1', '1', '3', '1', '2009-01-31 01:04:25', '2016-08-04 12:33:28');
INSERT INTO `mc_category` VALUES ('20', 'catalog/demo/compaq_presario.jpg', '0', '1', '1', '1', '1', '2009-01-05 21:49:43', '2016-08-04 12:28:28');
INSERT INTO `mc_category` VALUES ('44', '', '34', '0', '0', '0', '1', '2010-09-21 15:39:21', '2010-11-07 20:30:55');
INSERT INTO `mc_category` VALUES ('47', '', '34', '0', '0', '0', '1', '2010-11-07 11:13:16', '2010-11-07 11:13:16');
INSERT INTO `mc_category` VALUES ('48', '', '34', '0', '0', '0', '1', '2010-11-07 11:13:33', '2010-11-07 11:13:33');
INSERT INTO `mc_category` VALUES ('49', '', '34', '0', '0', '0', '1', '2010-11-07 11:14:04', '2010-11-07 11:14:04');
INSERT INTO `mc_category` VALUES ('50', '', '34', '0', '0', '0', '1', '2010-11-07 11:14:23', '2011-04-22 01:16:01');
INSERT INTO `mc_category` VALUES ('51', '', '34', '0', '0', '0', '1', '2010-11-07 11:14:38', '2011-04-22 01:16:13');
INSERT INTO `mc_category` VALUES ('52', '', '34', '0', '0', '0', '1', '2010-11-07 11:16:09', '2011-04-22 01:54:57');
INSERT INTO `mc_category` VALUES ('53', '', '34', '0', '0', '0', '1', '2010-11-07 11:28:53', '2011-04-22 01:14:36');
INSERT INTO `mc_category` VALUES ('54', '', '34', '0', '0', '0', '1', '2010-11-07 11:29:16', '2011-04-22 01:16:50');
INSERT INTO `mc_category` VALUES ('55', '', '34', '0', '0', '0', '1', '2010-11-08 10:31:32', '2010-11-08 10:31:32');
INSERT INTO `mc_category` VALUES ('56', '', '34', '0', '0', '0', '1', '2010-11-08 10:31:50', '2011-04-22 01:16:37');
INSERT INTO `mc_category` VALUES ('58', '', '52', '0', '0', '0', '1', '2011-05-08 13:44:16', '2011-05-08 13:44:16');

-- ----------------------------
-- Table structure for mc_category_description
-- ----------------------------
DROP TABLE IF EXISTS `mc_category_description`;
CREATE TABLE `mc_category_description` (
  `category_id` int(11) NOT NULL,
  `language_id` int(11) NOT NULL,
  `name` varchar(255) NOT NULL,
  `description` text NOT NULL,
  `meta_title` varchar(255) NOT NULL,
  `meta_description` varchar(255) NOT NULL,
  `meta_keyword` varchar(255) NOT NULL,
  PRIMARY KEY (`category_id`,`language_id`),
  KEY `name` (`name`)
) ENGINE=MyISAM DEFAULT CHARSET=utf8;

-- ----------------------------
-- Records of mc_category_description
-- ----------------------------
INSERT INTO `mc_category_description` VALUES ('42', '3', 'test 9', '', 'test 9', '', '');
INSERT INTO `mc_category_description` VALUES ('39', '3', 'test 6', '', 'test 6', '', '');
INSERT INTO `mc_category_description` VALUES ('40', '1', 'test 7', '', 'test 7', '', '');
INSERT INTO `mc_category_description` VALUES ('40', '2', 'test 7', '', 'test 7', '', '');
INSERT INTO `mc_category_description` VALUES ('40', '3', 'test 7', '', 'test 7', '', '');
INSERT INTO `mc_category_description` VALUES ('41', '1', 'test 8', '', 'test 8', '', '');
INSERT INTO `mc_category_description` VALUES ('41', '2', 'test 8', '', 'test 8', '', '');
INSERT INTO `mc_category_description` VALUES ('41', '3', 'test 8', '', 'test 8', '', '');
INSERT INTO `mc_category_description` VALUES ('42', '1', 'test 9', '', 'test 9', '', '');
INSERT INTO `mc_category_description` VALUES ('42', '2', 'test 9', '', 'test 9', '', '');
INSERT INTO `mc_category_description` VALUES ('30', '1', '梳妆台', '', '梳妆台', '', '');
INSERT INTO `mc_category_description` VALUES ('29', '1', '床', '', '床', '', '');
INSERT INTO `mc_category_description` VALUES ('57', '1', '咖啡桌', '', '咖啡桌', '', '');
INSERT INTO `mc_category_description` VALUES ('36', '1', '椅子', '', '椅子', '', '');
INSERT INTO `mc_category_description` VALUES ('35', '2', 'Sofa Set', '', 'Sofa Set', '', '');
INSERT INTO `mc_category_description` VALUES ('32', '2', 'Bed Room', '', 'Bed Room', '', '');
INSERT INTO `mc_category_description` VALUES ('17', '2', 'Lighting', '', 'Lighting', '', '');
INSERT INTO `mc_category_description` VALUES ('25', '1', '实木家具', '&lt;p&gt;分类说明信息&lt;/p&gt;\n', '实木家具', '', '');
INSERT INTO `mc_category_description` VALUES ('43', '1', 'test 11', '', 'test 11', '', '');
INSERT INTO `mc_category_description` VALUES ('31', '2', 'Reading Table', '', 'Reading Table', '', '');
INSERT INTO `mc_category_description` VALUES ('31', '3', '書桌', '', '書桌', '', '');
INSERT INTO `mc_category_description` VALUES ('37', '1', 'test 5', '', 'test 5', '', '');
INSERT INTO `mc_category_description` VALUES ('37', '2', 'test 5', '', 'test 5', '', '');
INSERT INTO `mc_category_description` VALUES ('37', '3', 'test 5', '', 'test 5', '', '');
INSERT INTO `mc_category_description` VALUES ('29', '3', '床', '', '床', '', '');
INSERT INTO `mc_category_description` VALUES ('57', '2', 'Coffee Table', '', 'Coffee Table', '', '');
INSERT INTO `mc_category_description` VALUES ('36', '3', '椅子', '', '椅子', '', '');
INSERT INTO `mc_category_description` VALUES ('35', '3', '沙發', '', '沙發', '', '');
INSERT INTO `mc_category_description` VALUES ('35', '1', '沙发', '', '沙发', '', '');
INSERT INTO `mc_category_description` VALUES ('32', '1', '臥室', '', '臥室', '', '');
INSERT INTO `mc_category_description` VALUES ('34', '2', 'Home Decor', '&lt;p&gt;\n	Shop Laptop feature only the best laptop deals on the market. By comparing laptop deals from the likes of PC World, Comet, Dixons, The Link and Carphone Warehouse, Shop Laptop has the most comprehensive selection of laptops on the internet. At Shop Laptop, we pride ourselves on offering customers the very best laptop deals. From refurbished laptops to netbooks, Shop Laptop ensures that every laptop - in every colour, style, size and technical spec - is featured on the site at the lowest possible price.&lt;/p&gt;\n', 'Home Decor', '', '');
INSERT INTO `mc_category_description` VALUES ('34', '1', '装饰品', '&lt;p&gt;\n	装饰品分类描述内容 装饰品分类描述内容 装饰品分类描述内容 装饰品分类描述内容 装饰品分类描述内容 装饰品分类描述内容 装饰品分类描述内容 装饰品分类描述内容 装饰品分类描述内容 装饰品分类描述内容 装饰品分类描述内容 装饰品分类描述内容 装饰品分类描述内容 装饰品分类描述内容\n\n&lt;/p&gt;', '装饰品', '', '');
INSERT INTO `mc_category_description` VALUES ('17', '1', '灯具', '', '灯具', '', '');
INSERT INTO `mc_category_description` VALUES ('43', '2', 'test 11', '', 'test 11', '', '');
INSERT INTO `mc_category_description` VALUES ('38', '1', 'test 4', '', 'test 4', '', '');
INSERT INTO `mc_category_description` VALUES ('38', '2', 'test 4', '', 'test 4', '', '');
INSERT INTO `mc_category_description` VALUES ('38', '3', 'test 4', '', 'test 4', '', '');
INSERT INTO `mc_category_description` VALUES ('39', '1', 'test 6', '', 'test 6', '', '');
INSERT INTO `mc_category_description` VALUES ('39', '2', 'test 6', '', 'test 6', '', '');
INSERT INTO `mc_category_description` VALUES ('29', '2', 'Beds', '', 'Beds', '', '');
INSERT INTO `mc_category_description` VALUES ('57', '3', '咖啡桌', '', '咖啡桌', '', '');
INSERT INTO `mc_category_description` VALUES ('36', '2', 'Chair', '', 'Chair', '', '');
INSERT INTO `mc_category_description` VALUES ('32', '3', '卧室', '', '卧室', '', '');
INSERT INTO `mc_category_description` VALUES ('34', '3', '裝飾品', '&lt;p&gt;\n	装饰品分类描述内容 装饰品分类描述内容 装饰品分类描述内容 装饰品分类描述内容 装饰品分类描述内容 装饰品分类描述内容 装饰品分类描述内容 装饰品分类描述内容 装饰品分类描述内容 装饰品分类描述内容 装饰品分类描述内容 装饰品分类描述内容 装饰品分类描述内容 装饰品分类描述内容\n\n&lt;/p&gt;', 'MP3 Players', '', '');
INSERT INTO `mc_category_description` VALUES ('26', '1', '菜板', '', '菜板', '', '');
INSERT INTO `mc_category_description` VALUES ('26', '2', 'Chop board', '', 'Chop board', '', '');
INSERT INTO `mc_category_description` VALUES ('26', '3', '菜板', '', '菜板', '', '');
INSERT INTO `mc_category_description` VALUES ('27', '1', '餐具', '&lt;p&gt;分类描述信息&lt;br&gt;&lt;/p&gt;', '餐具', '', '');
INSERT INTO `mc_category_description` VALUES ('27', '2', 'Dining Set', '', 'Dining Set', '', '');
INSERT INTO `mc_category_description` VALUES ('27', '3', '餐具', '&lt;p&gt;分類描述信息&lt;br&gt;&lt;/p&gt;', '餐具', '', '');
INSERT INTO `mc_category_description` VALUES ('28', '1', '客厅', '', '客厅', '', '');
INSERT INTO `mc_category_description` VALUES ('28', '2', 'Living Room', '', 'Living Room', '', '');
INSERT INTO `mc_category_description` VALUES ('28', '3', '客廳', '', '客廳', '', '');
INSERT INTO `mc_category_description` VALUES ('17', '3', '燈具', '', '燈具', '', '');
INSERT INTO `mc_category_description` VALUES ('25', '3', '實木家具', '&lt;p&gt;\n	分類說明信息&lt;/p&gt;\n', '實木家具', '', '');
INSERT INTO `mc_category_description` VALUES ('25', '2', 'Solid Wood', '&lt;p&gt;\n	Example of category description text&lt;/p&gt;\n', 'Solid Wood', '', '');
INSERT INTO `mc_category_description` VALUES ('20', '1', '厨房用品', '&lt;p&gt;分类说明信息&lt;/p&gt;\n', '厨房用品', '', '');
INSERT INTO `mc_category_description` VALUES ('20', '2', 'Kitchen', '&lt;p&gt;\n	Example of category description text&lt;/p&gt;\n', 'Kitchen', '', '');
INSERT INTO `mc_category_description` VALUES ('20', '3', '厨房用品', '&lt;p&gt;\n	分類說明信息&lt;/p&gt;\n', '厨房用品', '', '');
INSERT INTO `mc_category_description` VALUES ('30', '2', 'Dressing Table', '', 'Dressing Table', '', '');
INSERT INTO `mc_category_description` VALUES ('30', '3', '梳妝台', '', '梳妝台', '', '');
INSERT INTO `mc_category_description` VALUES ('31', '1', '书桌', '', '书桌', '', '');
INSERT INTO `mc_category_description` VALUES ('43', '3', 'test 11', '', 'test 11', '', '');
INSERT INTO `mc_category_description` VALUES ('44', '1', 'test 12', '', 'test 12', '', '');
INSERT INTO `mc_category_description` VALUES ('44', '2', 'test 12', '', 'test 12', '', '');
INSERT INTO `mc_category_description` VALUES ('44', '3', 'test 12', '', 'test 12', '', '');
INSERT INTO `mc_category_description` VALUES ('47', '1', 'test 15', '', 'test 15', '', '');
INSERT INTO `mc_category_description` VALUES ('47', '2', 'test 15', '', 'test 15', '', '');
INSERT INTO `mc_category_description` VALUES ('47', '3', 'test 15', '', 'test 15', '', '');
INSERT INTO `mc_category_description` VALUES ('48', '1', 'test 16', '', 'test 16', '', '');
INSERT INTO `mc_category_description` VALUES ('48', '2', 'test 16', '', 'test 16', '', '');
INSERT INTO `mc_category_description` VALUES ('48', '3', 'test 16', '', 'test 16', '', '');
INSERT INTO `mc_category_description` VALUES ('49', '1', 'test 17', '', 'test 17', '', '');
INSERT INTO `mc_category_description` VALUES ('49', '2', 'test 17', '', 'test 17', '', '');
INSERT INTO `mc_category_description` VALUES ('49', '3', 'test 17', '', 'test 17', '', '');
INSERT INTO `mc_category_description` VALUES ('50', '1', 'test 18', '', 'test 18', '', '');
INSERT INTO `mc_category_description` VALUES ('50', '2', 'test 18', '', 'test 18', '', '');
INSERT INTO `mc_category_description` VALUES ('50', '3', 'test 18', '', 'test 18', '', '');
INSERT INTO `mc_category_description` VALUES ('51', '1', 'test 19', '', 'test 19', '', '');
INSERT INTO `mc_category_description` VALUES ('51', '2', 'test 19', '', 'test 19', '', '');
INSERT INTO `mc_category_description` VALUES ('51', '3', 'test 19', '', 'test 19', '', '');
INSERT INTO `mc_category_description` VALUES ('52', '1', 'test 20', '', 'test 20', '', '');
INSERT INTO `mc_category_description` VALUES ('52', '2', 'test 20', '', 'test 20', '', '');
INSERT INTO `mc_category_description` VALUES ('52', '3', 'test 20', '', 'test 20', '', '');
INSERT INTO `mc_category_description` VALUES ('53', '1', 'test 21', '', 'test 21', '', '');
INSERT INTO `mc_category_description` VALUES ('53', '2', 'test 21', '', 'test 21', '', '');
INSERT INTO `mc_category_description` VALUES ('53', '3', 'test 21', '', 'test 21', '', '');
INSERT INTO `mc_category_description` VALUES ('54', '1', 'test 22', '', 'test 22', '', '');
INSERT INTO `mc_category_description` VALUES ('54', '2', 'test 22', '', 'test 22', '', '');
INSERT INTO `mc_category_description` VALUES ('54', '3', 'test 22', '', 'test 22', '', '');
INSERT INTO `mc_category_description` VALUES ('55', '1', 'test 23', '', 'test 23', '', '');
INSERT INTO `mc_category_description` VALUES ('55', '2', 'test 23', '', 'test 23', '', '');
INSERT INTO `mc_category_description` VALUES ('55', '3', 'test 23', '', 'test 23', '', '');
INSERT INTO `mc_category_description` VALUES ('56', '1', 'test 24', '', 'test 24', '', '');
INSERT INTO `mc_category_description` VALUES ('56', '2', 'test 24', '', 'test 24', '', '');
INSERT INTO `mc_category_description` VALUES ('56', '3', 'test 24', '', 'test 24', '', '');
INSERT INTO `mc_category_description` VALUES ('58', '1', 'test 25', '', 'test 25', '', '');
INSERT INTO `mc_category_description` VALUES ('58', '2', 'test 25', '', 'test 25', '', '');
INSERT INTO `mc_category_description` VALUES ('58', '3', 'test 25', '', 'test 25', '', '');

-- ----------------------------
-- Table structure for mc_category_filter
-- ----------------------------
DROP TABLE IF EXISTS `mc_category_filter`;
CREATE TABLE `mc_category_filter` (
  `category_id` int(11) NOT NULL,
  `filter_id` int(11) NOT NULL,
  PRIMARY KEY (`category_id`,`filter_id`)
) ENGINE=MyISAM DEFAULT CHARSET=utf8;

-- ----------------------------
-- Records of mc_category_filter
-- ----------------------------

-- ----------------------------
-- Table structure for mc_category_path
-- ----------------------------
DROP TABLE IF EXISTS `mc_category_path`;
CREATE TABLE `mc_category_path` (
  `category_id` int(11) NOT NULL,
  `path_id` int(11) NOT NULL,
  `level` int(11) NOT NULL,
  PRIMARY KEY (`category_id`,`path_id`)
) ENGINE=MyISAM DEFAULT CHARSET=utf8;

-- ----------------------------
-- Records of mc_category_path
-- ----------------------------
INSERT INTO `mc_category_path` VALUES ('26', '20', '0');
INSERT INTO `mc_category_path` VALUES ('36', '36', '2');
INSERT INTO `mc_category_path` VALUES ('36', '28', '1');
INSERT INTO `mc_category_path` VALUES ('57', '25', '0');
INSERT INTO `mc_category_path` VALUES ('57', '28', '1');
INSERT INTO `mc_category_path` VALUES ('28', '28', '1');
INSERT INTO `mc_category_path` VALUES ('31', '31', '2');
INSERT INTO `mc_category_path` VALUES ('28', '25', '0');
INSERT INTO `mc_category_path` VALUES ('31', '32', '1');
INSERT INTO `mc_category_path` VALUES ('30', '25', '0');
INSERT INTO `mc_category_path` VALUES ('29', '29', '2');
INSERT INTO `mc_category_path` VALUES ('29', '25', '0');
INSERT INTO `mc_category_path` VALUES ('32', '32', '1');
INSERT INTO `mc_category_path` VALUES ('25', '25', '0');
INSERT INTO `mc_category_path` VALUES ('17', '17', '0');
INSERT INTO `mc_category_path` VALUES ('36', '25', '0');
INSERT INTO `mc_category_path` VALUES ('57', '57', '2');
INSERT INTO `mc_category_path` VALUES ('26', '26', '1');
INSERT INTO `mc_category_path` VALUES ('35', '25', '0');
INSERT INTO `mc_category_path` VALUES ('20', '20', '0');
INSERT INTO `mc_category_path` VALUES ('35', '35', '2');
INSERT INTO `mc_category_path` VALUES ('27', '27', '1');
INSERT INTO `mc_category_path` VALUES ('27', '20', '0');
INSERT INTO `mc_category_path` VALUES ('56', '34', '0');
INSERT INTO `mc_category_path` VALUES ('55', '55', '1');
INSERT INTO `mc_category_path` VALUES ('55', '34', '0');
INSERT INTO `mc_category_path` VALUES ('54', '54', '1');
INSERT INTO `mc_category_path` VALUES ('54', '34', '0');
INSERT INTO `mc_category_path` VALUES ('53', '53', '1');
INSERT INTO `mc_category_path` VALUES ('53', '34', '0');
INSERT INTO `mc_category_path` VALUES ('58', '58', '2');
INSERT INTO `mc_category_path` VALUES ('58', '52', '1');
INSERT INTO `mc_category_path` VALUES ('58', '34', '0');
INSERT INTO `mc_category_path` VALUES ('52', '52', '1');
INSERT INTO `mc_category_path` VALUES ('52', '34', '0');
INSERT INTO `mc_category_path` VALUES ('51', '51', '1');
INSERT INTO `mc_category_path` VALUES ('51', '34', '0');
INSERT INTO `mc_category_path` VALUES ('50', '50', '1');
INSERT INTO `mc_category_path` VALUES ('50', '34', '0');
INSERT INTO `mc_category_path` VALUES ('49', '49', '1');
INSERT INTO `mc_category_path` VALUES ('49', '34', '0');
INSERT INTO `mc_category_path` VALUES ('48', '48', '1');
INSERT INTO `mc_category_path` VALUES ('48', '34', '0');
INSERT INTO `mc_category_path` VALUES ('47', '47', '1');
INSERT INTO `mc_category_path` VALUES ('47', '34', '0');
INSERT INTO `mc_category_path` VALUES ('44', '44', '1');
INSERT INTO `mc_category_path` VALUES ('44', '34', '0');
INSERT INTO `mc_category_path` VALUES ('37', '37', '1');
INSERT INTO `mc_category_path` VALUES ('37', '34', '0');
INSERT INTO `mc_category_path` VALUES ('38', '38', '1');
INSERT INTO `mc_category_path` VALUES ('38', '34', '0');
INSERT INTO `mc_category_path` VALUES ('43', '43', '1');
INSERT INTO `mc_category_path` VALUES ('43', '34', '0');
INSERT INTO `mc_category_path` VALUES ('34', '34', '0');
INSERT INTO `mc_category_path` VALUES ('39', '39', '1');
INSERT INTO `mc_category_path` VALUES ('39', '34', '0');
INSERT INTO `mc_category_path` VALUES ('42', '42', '1');
INSERT INTO `mc_category_path` VALUES ('42', '34', '0');
INSERT INTO `mc_category_path` VALUES ('41', '41', '1');
INSERT INTO `mc_category_path` VALUES ('41', '34', '0');
INSERT INTO `mc_category_path` VALUES ('40', '40', '1');
INSERT INTO `mc_category_path` VALUES ('40', '34', '0');
INSERT INTO `mc_category_path` VALUES ('30', '32', '1');
INSERT INTO `mc_category_path` VALUES ('56', '56', '1');
INSERT INTO `mc_category_path` VALUES ('32', '25', '0');
INSERT INTO `mc_category_path` VALUES ('29', '32', '1');
INSERT INTO `mc_category_path` VALUES ('31', '25', '0');
INSERT INTO `mc_category_path` VALUES ('30', '30', '2');
INSERT INTO `mc_category_path` VALUES ('35', '28', '1');
INSERT INTO `mc_category_path` VALUES ('0', '0', '0');

-- ----------------------------
-- Table structure for mc_category_to_layout
-- ----------------------------
DROP TABLE IF EXISTS `mc_category_to_layout`;
CREATE TABLE `mc_category_to_layout` (
  `category_id` int(11) NOT NULL,
  `store_id` int(11) NOT NULL,
  `layout_id` int(11) NOT NULL,
  PRIMARY KEY (`category_id`,`store_id`)
) ENGINE=MyISAM DEFAULT CHARSET=utf8;

-- ----------------------------
-- Records of mc_category_to_layout
-- ----------------------------

-- ----------------------------
-- Table structure for mc_category_to_store
-- ----------------------------
DROP TABLE IF EXISTS `mc_category_to_store`;
CREATE TABLE `mc_category_to_store` (
  `category_id` int(11) NOT NULL,
  `store_id` int(11) NOT NULL,
  PRIMARY KEY (`category_id`,`store_id`)
) ENGINE=MyISAM DEFAULT CHARSET=utf8;

-- ----------------------------
-- Records of mc_category_to_store
-- ----------------------------
INSERT INTO `mc_category_to_store` VALUES ('17', '0');
INSERT INTO `mc_category_to_store` VALUES ('20', '0');
INSERT INTO `mc_category_to_store` VALUES ('25', '0');
INSERT INTO `mc_category_to_store` VALUES ('26', '0');
INSERT INTO `mc_category_to_store` VALUES ('27', '0');
INSERT INTO `mc_category_to_store` VALUES ('28', '0');
INSERT INTO `mc_category_to_store` VALUES ('29', '0');
INSERT INTO `mc_category_to_store` VALUES ('30', '0');
INSERT INTO `mc_category_to_store` VALUES ('31', '0');
INSERT INTO `mc_category_to_store` VALUES ('32', '0');
INSERT INTO `mc_category_to_store` VALUES ('34', '0');
INSERT INTO `mc_category_to_store` VALUES ('35', '0');
INSERT INTO `mc_category_to_store` VALUES ('36', '0');
INSERT INTO `mc_category_to_store` VALUES ('37', '0');
INSERT INTO `mc_category_to_store` VALUES ('38', '0');
INSERT INTO `mc_category_to_store` VALUES ('39', '0');
INSERT INTO `mc_category_to_store` VALUES ('40', '0');
INSERT INTO `mc_category_to_store` VALUES ('41', '0');
INSERT INTO `mc_category_to_store` VALUES ('42', '0');
INSERT INTO `mc_category_to_store` VALUES ('43', '0');
INSERT INTO `mc_category_to_store` VALUES ('44', '0');
INSERT INTO `mc_category_to_store` VALUES ('47', '0');
INSERT INTO `mc_category_to_store` VALUES ('48', '0');
INSERT INTO `mc_category_to_store` VALUES ('49', '0');
INSERT INTO `mc_category_to_store` VALUES ('50', '0');
INSERT INTO `mc_category_to_store` VALUES ('51', '0');
INSERT INTO `mc_category_to_store` VALUES ('52', '0');
INSERT INTO `mc_category_to_store` VALUES ('53', '0');
INSERT INTO `mc_category_to_store` VALUES ('54', '0');
INSERT INTO `mc_category_to_store` VALUES ('55', '0');
INSERT INTO `mc_category_to_store` VALUES ('56', '0');
INSERT INTO `mc_category_to_store` VALUES ('57', '0');
INSERT INTO `mc_category_to_store` VALUES ('58', '0');

-- ----------------------------
-- Table structure for mc_city
-- ----------------------------
DROP TABLE IF EXISTS `mc_city`;
CREATE TABLE `mc_city` (
  `city_id` int(11) NOT NULL AUTO_INCREMENT,
  `country_id` int(11) NOT NULL,
  `zone_id` int(11) NOT NULL,
  `name` varchar(128) NOT NULL,
  `status` tinyint(1) NOT NULL DEFAULT '1',
  PRIMARY KEY (`city_id`)
) ENGINE=MyISAM AUTO_INCREMENT=344 DEFAULT CHARSET=utf8;

-- ----------------------------
-- Records of mc_city
-- ----------------------------
INSERT INTO `mc_city` VALUES ('1', '44', '684', '合肥市', '1');
INSERT INTO `mc_city` VALUES ('2', '44', '684', '芜湖市', '1');
INSERT INTO `mc_city` VALUES ('3', '44', '684', '蚌埠市', '1');
INSERT INTO `mc_city` VALUES ('4', '44', '684', '淮南市', '1');
INSERT INTO `mc_city` VALUES ('5', '44', '684', '马鞍山市', '1');
INSERT INTO `mc_city` VALUES ('6', '44', '684', '淮北市', '1');
INSERT INTO `mc_city` VALUES ('7', '44', '684', '铜陵市', '1');
INSERT INTO `mc_city` VALUES ('8', '44', '684', '安庆市', '1');
INSERT INTO `mc_city` VALUES ('9', '44', '684', '黄山市', '1');
INSERT INTO `mc_city` VALUES ('10', '44', '684', '滁州市', '1');
INSERT INTO `mc_city` VALUES ('11', '44', '684', '阜阳市', '1');
INSERT INTO `mc_city` VALUES ('12', '44', '684', '宿州市', '1');
INSERT INTO `mc_city` VALUES ('13', '44', '684', '巢湖市', '1');
INSERT INTO `mc_city` VALUES ('14', '44', '684', '六安市', '1');
INSERT INTO `mc_city` VALUES ('15', '44', '684', '亳州市', '1');
INSERT INTO `mc_city` VALUES ('16', '44', '684', '池州市', '1');
INSERT INTO `mc_city` VALUES ('17', '44', '684', '宣城市', '1');
INSERT INTO `mc_city` VALUES ('18', '44', '685', '北京市', '1');
INSERT INTO `mc_city` VALUES ('22', '44', '687', '福州市', '1');
INSERT INTO `mc_city` VALUES ('23', '44', '687', '厦门市', '1');
INSERT INTO `mc_city` VALUES ('24', '44', '687', '莆田市', '1');
INSERT INTO `mc_city` VALUES ('25', '44', '687', '三明市', '1');
INSERT INTO `mc_city` VALUES ('26', '44', '687', '泉州市', '1');
INSERT INTO `mc_city` VALUES ('27', '44', '687', '漳州市', '1');
INSERT INTO `mc_city` VALUES ('28', '44', '687', '南平市', '1');
INSERT INTO `mc_city` VALUES ('29', '44', '687', '龙岩市', '1');
INSERT INTO `mc_city` VALUES ('30', '44', '687', '宁德市', '1');
INSERT INTO `mc_city` VALUES ('31', '44', '688', '兰州市', '1');
INSERT INTO `mc_city` VALUES ('32', '44', '688', '嘉峪关市', '1');
INSERT INTO `mc_city` VALUES ('33', '44', '688', '金昌市', '1');
INSERT INTO `mc_city` VALUES ('34', '44', '688', '白银市', '1');
INSERT INTO `mc_city` VALUES ('35', '44', '688', '天水市', '1');
INSERT INTO `mc_city` VALUES ('36', '44', '688', '武威市', '1');
INSERT INTO `mc_city` VALUES ('37', '44', '688', '张掖市', '1');
INSERT INTO `mc_city` VALUES ('38', '44', '688', '平凉市', '1');
INSERT INTO `mc_city` VALUES ('39', '44', '688', '酒泉市', '1');
INSERT INTO `mc_city` VALUES ('40', '44', '688', '庆阳市', '1');
INSERT INTO `mc_city` VALUES ('41', '44', '688', '定西市', '1');
INSERT INTO `mc_city` VALUES ('42', '44', '688', '陇南市', '1');
INSERT INTO `mc_city` VALUES ('43', '44', '688', '临夏回族自治州', '1');
INSERT INTO `mc_city` VALUES ('44', '44', '688', '甘南藏族自治州', '1');
INSERT INTO `mc_city` VALUES ('45', '44', '689', '广州市', '1');
INSERT INTO `mc_city` VALUES ('46', '44', '689', '韶关市', '1');
INSERT INTO `mc_city` VALUES ('47', '44', '689', '深圳市', '1');
INSERT INTO `mc_city` VALUES ('48', '44', '689', '珠海市', '1');
INSERT INTO `mc_city` VALUES ('49', '44', '689', '汕头市', '1');
INSERT INTO `mc_city` VALUES ('50', '44', '689', '佛山市', '1');
INSERT INTO `mc_city` VALUES ('51', '44', '689', '江门市', '1');
INSERT INTO `mc_city` VALUES ('52', '44', '689', '湛江市', '1');
INSERT INTO `mc_city` VALUES ('53', '44', '689', '茂名市', '1');
INSERT INTO `mc_city` VALUES ('54', '44', '689', '肇庆市', '1');
INSERT INTO `mc_city` VALUES ('55', '44', '689', '惠州市', '1');
INSERT INTO `mc_city` VALUES ('56', '44', '689', '梅州市', '1');
INSERT INTO `mc_city` VALUES ('57', '44', '689', '汕尾市', '1');
INSERT INTO `mc_city` VALUES ('58', '44', '689', '河源市', '1');
INSERT INTO `mc_city` VALUES ('59', '44', '689', '阳江市', '1');
INSERT INTO `mc_city` VALUES ('60', '44', '689', '清远市', '1');
INSERT INTO `mc_city` VALUES ('61', '44', '689', '东莞市', '1');
INSERT INTO `mc_city` VALUES ('62', '44', '689', '中山市', '1');
INSERT INTO `mc_city` VALUES ('63', '44', '689', '潮州市', '1');
INSERT INTO `mc_city` VALUES ('64', '44', '689', '揭阳市', '1');
INSERT INTO `mc_city` VALUES ('65', '44', '689', '云浮市', '1');
INSERT INTO `mc_city` VALUES ('66', '44', '690', '南宁市', '1');
INSERT INTO `mc_city` VALUES ('67', '44', '690', '柳州市', '1');
INSERT INTO `mc_city` VALUES ('68', '44', '690', '桂林市', '1');
INSERT INTO `mc_city` VALUES ('69', '44', '690', '梧州市', '1');
INSERT INTO `mc_city` VALUES ('70', '44', '690', '北海市', '1');
INSERT INTO `mc_city` VALUES ('71', '44', '690', '防城港市', '1');
INSERT INTO `mc_city` VALUES ('72', '44', '690', '钦州市', '1');
INSERT INTO `mc_city` VALUES ('73', '44', '690', '贵港市', '1');
INSERT INTO `mc_city` VALUES ('74', '44', '690', '玉林市', '1');
INSERT INTO `mc_city` VALUES ('75', '44', '690', '百色市', '1');
INSERT INTO `mc_city` VALUES ('76', '44', '690', '贺州市', '1');
INSERT INTO `mc_city` VALUES ('77', '44', '690', '河池市', '1');
INSERT INTO `mc_city` VALUES ('78', '44', '690', '来宾市', '1');
INSERT INTO `mc_city` VALUES ('79', '44', '690', '崇左市', '1');
INSERT INTO `mc_city` VALUES ('80', '44', '691', '贵阳市', '1');
INSERT INTO `mc_city` VALUES ('81', '44', '691', '六盘水市', '1');
INSERT INTO `mc_city` VALUES ('82', '44', '691', '遵义市', '1');
INSERT INTO `mc_city` VALUES ('83', '44', '691', '安顺市', '1');
INSERT INTO `mc_city` VALUES ('84', '44', '691', '铜仁地区', '1');
INSERT INTO `mc_city` VALUES ('85', '44', '691', '黔西南布依族苗族自治州', '1');
INSERT INTO `mc_city` VALUES ('86', '44', '691', '毕节地区', '1');
INSERT INTO `mc_city` VALUES ('87', '44', '691', '黔东南苗族侗族自治州', '1');
INSERT INTO `mc_city` VALUES ('88', '44', '691', '黔南布依族苗族自治州', '1');
INSERT INTO `mc_city` VALUES ('89', '44', '692', '海口市', '1');
INSERT INTO `mc_city` VALUES ('90', '44', '692', '三亚市', '1');
INSERT INTO `mc_city` VALUES ('91', '44', '692', '省直辖县级行政单位', '1');
INSERT INTO `mc_city` VALUES ('92', '44', '693', '石家庄市', '1');
INSERT INTO `mc_city` VALUES ('93', '44', '693', '唐山市', '1');
INSERT INTO `mc_city` VALUES ('94', '44', '693', '秦皇岛市', '1');
INSERT INTO `mc_city` VALUES ('95', '44', '693', '邯郸市', '1');
INSERT INTO `mc_city` VALUES ('96', '44', '693', '邢台市', '1');
INSERT INTO `mc_city` VALUES ('97', '44', '693', '保定市', '1');
INSERT INTO `mc_city` VALUES ('98', '44', '693', '张家口市', '1');
INSERT INTO `mc_city` VALUES ('99', '44', '693', '承德市', '1');
INSERT INTO `mc_city` VALUES ('100', '44', '693', '沧州市', '1');
INSERT INTO `mc_city` VALUES ('101', '44', '693', '廊坊市', '1');
INSERT INTO `mc_city` VALUES ('102', '44', '693', '衡水市', '1');
INSERT INTO `mc_city` VALUES ('103', '44', '694', '哈尔滨市', '1');
INSERT INTO `mc_city` VALUES ('104', '44', '694', '齐齐哈尔市', '1');
INSERT INTO `mc_city` VALUES ('105', '44', '694', '鸡西市', '1');
INSERT INTO `mc_city` VALUES ('106', '44', '694', '鹤岗市', '1');
INSERT INTO `mc_city` VALUES ('107', '44', '694', '双鸭山市', '1');
INSERT INTO `mc_city` VALUES ('108', '44', '694', '大庆市', '1');
INSERT INTO `mc_city` VALUES ('109', '44', '694', '伊春市', '1');
INSERT INTO `mc_city` VALUES ('110', '44', '694', '佳木斯市', '1');
INSERT INTO `mc_city` VALUES ('111', '44', '694', '七台河市', '1');
INSERT INTO `mc_city` VALUES ('112', '44', '694', '牡丹江市', '1');
INSERT INTO `mc_city` VALUES ('113', '44', '694', '黑河市', '1');
INSERT INTO `mc_city` VALUES ('114', '44', '694', '绥化市', '1');
INSERT INTO `mc_city` VALUES ('115', '44', '694', '大兴安岭地区', '1');
INSERT INTO `mc_city` VALUES ('116', '44', '695', '郑州市', '1');
INSERT INTO `mc_city` VALUES ('117', '44', '695', '开封市', '1');
INSERT INTO `mc_city` VALUES ('118', '44', '695', '洛阳市', '1');
INSERT INTO `mc_city` VALUES ('119', '44', '695', '平顶山市', '1');
INSERT INTO `mc_city` VALUES ('120', '44', '695', '安阳市', '1');
INSERT INTO `mc_city` VALUES ('121', '44', '695', '鹤壁市', '1');
INSERT INTO `mc_city` VALUES ('122', '44', '695', '新乡市', '1');
INSERT INTO `mc_city` VALUES ('123', '44', '695', '焦作市', '1');
INSERT INTO `mc_city` VALUES ('124', '44', '695', '濮阳市', '1');
INSERT INTO `mc_city` VALUES ('125', '44', '695', '许昌市', '1');
INSERT INTO `mc_city` VALUES ('126', '44', '695', '漯河市', '1');
INSERT INTO `mc_city` VALUES ('127', '44', '695', '三门峡市', '1');
INSERT INTO `mc_city` VALUES ('128', '44', '695', '南阳市', '1');
INSERT INTO `mc_city` VALUES ('129', '44', '695', '商丘市', '1');
INSERT INTO `mc_city` VALUES ('130', '44', '695', '信阳市', '1');
INSERT INTO `mc_city` VALUES ('131', '44', '695', '周口市', '1');
INSERT INTO `mc_city` VALUES ('132', '44', '695', '驻马店市', '1');
INSERT INTO `mc_city` VALUES ('133', '44', '697', '武汉市', '1');
INSERT INTO `mc_city` VALUES ('134', '44', '697', '黄石市', '1');
INSERT INTO `mc_city` VALUES ('135', '44', '697', '十堰市', '1');
INSERT INTO `mc_city` VALUES ('136', '44', '697', '宜昌市', '1');
INSERT INTO `mc_city` VALUES ('137', '44', '697', '襄樊市', '1');
INSERT INTO `mc_city` VALUES ('138', '44', '697', '鄂州市', '1');
INSERT INTO `mc_city` VALUES ('139', '44', '697', '荆门市', '1');
INSERT INTO `mc_city` VALUES ('140', '44', '697', '孝感市', '1');
INSERT INTO `mc_city` VALUES ('141', '44', '697', '荆州市', '1');
INSERT INTO `mc_city` VALUES ('142', '44', '697', '黄冈市', '1');
INSERT INTO `mc_city` VALUES ('143', '44', '697', '咸宁市', '1');
INSERT INTO `mc_city` VALUES ('144', '44', '697', '随州市', '1');
INSERT INTO `mc_city` VALUES ('145', '44', '697', '恩施土家族苗族自治州', '1');
INSERT INTO `mc_city` VALUES ('146', '44', '697', '省直辖行政单位', '1');
INSERT INTO `mc_city` VALUES ('147', '44', '698', '长沙市', '1');
INSERT INTO `mc_city` VALUES ('148', '44', '698', '株洲市', '1');
INSERT INTO `mc_city` VALUES ('149', '44', '698', '湘潭市', '1');
INSERT INTO `mc_city` VALUES ('150', '44', '698', '衡阳市', '1');
INSERT INTO `mc_city` VALUES ('151', '44', '698', '邵阳市', '1');
INSERT INTO `mc_city` VALUES ('152', '44', '698', '岳阳市', '1');
INSERT INTO `mc_city` VALUES ('153', '44', '698', '常德市', '1');
INSERT INTO `mc_city` VALUES ('154', '44', '698', '张家界市', '1');
INSERT INTO `mc_city` VALUES ('155', '44', '698', '益阳市', '1');
INSERT INTO `mc_city` VALUES ('156', '44', '698', '郴州市', '1');
INSERT INTO `mc_city` VALUES ('157', '44', '698', '永州市', '1');
INSERT INTO `mc_city` VALUES ('158', '44', '698', '怀化市', '1');
INSERT INTO `mc_city` VALUES ('159', '44', '698', '娄底市', '1');
INSERT INTO `mc_city` VALUES ('160', '44', '698', '湘西土家族苗族自治州', '1');
INSERT INTO `mc_city` VALUES ('161', '44', '699', '呼和浩特市', '1');
INSERT INTO `mc_city` VALUES ('162', '44', '699', '包头市', '1');
INSERT INTO `mc_city` VALUES ('163', '44', '699', '乌海市', '1');
INSERT INTO `mc_city` VALUES ('164', '44', '699', '赤峰市', '1');
INSERT INTO `mc_city` VALUES ('165', '44', '699', '通辽市', '1');
INSERT INTO `mc_city` VALUES ('166', '44', '699', '鄂尔多斯市', '1');
INSERT INTO `mc_city` VALUES ('167', '44', '699', '呼伦贝尔市', '1');
INSERT INTO `mc_city` VALUES ('168', '44', '699', '巴彦淖尔市', '1');
INSERT INTO `mc_city` VALUES ('169', '44', '699', '乌兰察布市', '1');
INSERT INTO `mc_city` VALUES ('170', '44', '699', '兴安盟', '1');
INSERT INTO `mc_city` VALUES ('171', '44', '699', '锡林郭勒盟', '1');
INSERT INTO `mc_city` VALUES ('172', '44', '699', '阿拉善盟', '1');
INSERT INTO `mc_city` VALUES ('173', '44', '700', '南京市', '1');
INSERT INTO `mc_city` VALUES ('174', '44', '700', '无锡市', '1');
INSERT INTO `mc_city` VALUES ('175', '44', '700', '徐州市', '1');
INSERT INTO `mc_city` VALUES ('176', '44', '700', '常州市', '1');
INSERT INTO `mc_city` VALUES ('177', '44', '700', '苏州市', '1');
INSERT INTO `mc_city` VALUES ('178', '44', '700', '南通市', '1');
INSERT INTO `mc_city` VALUES ('179', '44', '700', '连云港市', '1');
INSERT INTO `mc_city` VALUES ('180', '44', '700', '淮安市', '1');
INSERT INTO `mc_city` VALUES ('181', '44', '700', '盐城市', '1');
INSERT INTO `mc_city` VALUES ('182', '44', '700', '扬州市', '1');
INSERT INTO `mc_city` VALUES ('183', '44', '700', '镇江市', '1');
INSERT INTO `mc_city` VALUES ('184', '44', '700', '泰州市', '1');
INSERT INTO `mc_city` VALUES ('185', '44', '700', '宿迁市', '1');
INSERT INTO `mc_city` VALUES ('186', '44', '701', '南昌市', '1');
INSERT INTO `mc_city` VALUES ('187', '44', '701', '景德镇市', '1');
INSERT INTO `mc_city` VALUES ('188', '44', '701', '萍乡市', '1');
INSERT INTO `mc_city` VALUES ('189', '44', '701', '九江市', '1');
INSERT INTO `mc_city` VALUES ('190', '44', '701', '新余市', '1');
INSERT INTO `mc_city` VALUES ('191', '44', '701', '鹰潭市', '1');
INSERT INTO `mc_city` VALUES ('192', '44', '701', '赣州市', '1');
INSERT INTO `mc_city` VALUES ('193', '44', '701', '吉安市', '1');
INSERT INTO `mc_city` VALUES ('194', '44', '701', '宜春市', '1');
INSERT INTO `mc_city` VALUES ('195', '44', '701', '抚州市', '1');
INSERT INTO `mc_city` VALUES ('196', '44', '701', '上饶市', '1');
INSERT INTO `mc_city` VALUES ('197', '44', '702', '长春市', '1');
INSERT INTO `mc_city` VALUES ('198', '44', '702', '吉林市', '1');
INSERT INTO `mc_city` VALUES ('199', '44', '702', '四平市', '1');
INSERT INTO `mc_city` VALUES ('200', '44', '702', '辽源市', '1');
INSERT INTO `mc_city` VALUES ('201', '44', '702', '通化市', '1');
INSERT INTO `mc_city` VALUES ('202', '44', '702', '白山市', '1');
INSERT INTO `mc_city` VALUES ('203', '44', '702', '松原市', '1');
INSERT INTO `mc_city` VALUES ('204', '44', '702', '白城市', '1');
INSERT INTO `mc_city` VALUES ('205', '44', '702', '延边朝鲜族自治州', '1');
INSERT INTO `mc_city` VALUES ('206', '44', '703', '沈阳市', '1');
INSERT INTO `mc_city` VALUES ('207', '44', '703', '大连市', '1');
INSERT INTO `mc_city` VALUES ('208', '44', '703', '鞍山市', '1');
INSERT INTO `mc_city` VALUES ('209', '44', '703', '抚顺市', '1');
INSERT INTO `mc_city` VALUES ('210', '44', '703', '本溪市', '1');
INSERT INTO `mc_city` VALUES ('211', '44', '703', '丹东市', '1');
INSERT INTO `mc_city` VALUES ('212', '44', '703', '锦州市', '1');
INSERT INTO `mc_city` VALUES ('213', '44', '703', '营口市', '1');
INSERT INTO `mc_city` VALUES ('214', '44', '703', '阜新市', '1');
INSERT INTO `mc_city` VALUES ('215', '44', '703', '辽阳市', '1');
INSERT INTO `mc_city` VALUES ('216', '44', '703', '盘锦市', '1');
INSERT INTO `mc_city` VALUES ('217', '44', '703', '铁岭市', '1');
INSERT INTO `mc_city` VALUES ('218', '44', '703', '朝阳市', '1');
INSERT INTO `mc_city` VALUES ('219', '44', '703', '葫芦岛市', '1');
INSERT INTO `mc_city` VALUES ('220', '44', '705', '银川市', '1');
INSERT INTO `mc_city` VALUES ('221', '44', '705', '石嘴山市', '1');
INSERT INTO `mc_city` VALUES ('222', '44', '705', '吴忠市', '1');
INSERT INTO `mc_city` VALUES ('223', '44', '705', '固原市', '1');
INSERT INTO `mc_city` VALUES ('224', '44', '705', '中卫市', '1');
INSERT INTO `mc_city` VALUES ('225', '44', '706', '西安市', '1');
INSERT INTO `mc_city` VALUES ('226', '44', '706', '铜川市', '1');
INSERT INTO `mc_city` VALUES ('227', '44', '706', '宝鸡市', '1');
INSERT INTO `mc_city` VALUES ('228', '44', '706', '咸阳市', '1');
INSERT INTO `mc_city` VALUES ('229', '44', '706', '渭南市', '1');
INSERT INTO `mc_city` VALUES ('230', '44', '706', '延安市', '1');
INSERT INTO `mc_city` VALUES ('231', '44', '706', '汉中市', '1');
INSERT INTO `mc_city` VALUES ('232', '44', '706', '榆林市', '1');
INSERT INTO `mc_city` VALUES ('233', '44', '706', '安康市', '1');
INSERT INTO `mc_city` VALUES ('234', '44', '706', '商洛市', '1');
INSERT INTO `mc_city` VALUES ('235', '44', '707', '济南市', '1');
INSERT INTO `mc_city` VALUES ('236', '44', '707', '青岛市', '1');
INSERT INTO `mc_city` VALUES ('237', '44', '707', '淄博市', '1');
INSERT INTO `mc_city` VALUES ('238', '44', '707', '枣庄市', '1');
INSERT INTO `mc_city` VALUES ('239', '44', '707', '东营市', '1');
INSERT INTO `mc_city` VALUES ('240', '44', '707', '烟台市', '1');
INSERT INTO `mc_city` VALUES ('241', '44', '707', '潍坊市', '1');
INSERT INTO `mc_city` VALUES ('242', '44', '707', '济宁市', '1');
INSERT INTO `mc_city` VALUES ('243', '44', '707', '泰安市', '1');
INSERT INTO `mc_city` VALUES ('244', '44', '707', '威海市', '1');
INSERT INTO `mc_city` VALUES ('245', '44', '707', '日照市', '1');
INSERT INTO `mc_city` VALUES ('246', '44', '707', '莱芜市', '1');
INSERT INTO `mc_city` VALUES ('247', '44', '707', '临沂市', '1');
INSERT INTO `mc_city` VALUES ('248', '44', '707', '德州市', '1');
INSERT INTO `mc_city` VALUES ('249', '44', '707', '聊城市', '1');
INSERT INTO `mc_city` VALUES ('250', '44', '707', '滨州市', '1');
INSERT INTO `mc_city` VALUES ('251', '44', '707', '荷泽市', '1');
INSERT INTO `mc_city` VALUES ('343', '44', '711', '天津市', '1');
INSERT INTO `mc_city` VALUES ('254', '44', '709', '太原市', '1');
INSERT INTO `mc_city` VALUES ('255', '44', '709', '大同市', '1');
INSERT INTO `mc_city` VALUES ('256', '44', '709', '阳泉市', '1');
INSERT INTO `mc_city` VALUES ('257', '44', '709', '长治市', '1');
INSERT INTO `mc_city` VALUES ('258', '44', '709', '晋城市', '1');
INSERT INTO `mc_city` VALUES ('259', '44', '709', '朔州市', '1');
INSERT INTO `mc_city` VALUES ('260', '44', '709', '晋中市', '1');
INSERT INTO `mc_city` VALUES ('261', '44', '709', '运城市', '1');
INSERT INTO `mc_city` VALUES ('262', '44', '709', '忻州市', '1');
INSERT INTO `mc_city` VALUES ('263', '44', '709', '临汾市', '1');
INSERT INTO `mc_city` VALUES ('264', '44', '709', '吕梁市', '1');
INSERT INTO `mc_city` VALUES ('265', '44', '710', '成都市', '1');
INSERT INTO `mc_city` VALUES ('266', '44', '710', '自贡市', '1');
INSERT INTO `mc_city` VALUES ('267', '44', '710', '攀枝花市', '1');
INSERT INTO `mc_city` VALUES ('268', '44', '710', '泸州市', '1');
INSERT INTO `mc_city` VALUES ('269', '44', '710', '德阳市', '1');
INSERT INTO `mc_city` VALUES ('270', '44', '710', '绵阳市', '1');
INSERT INTO `mc_city` VALUES ('271', '44', '710', '广元市', '1');
INSERT INTO `mc_city` VALUES ('272', '44', '710', '遂宁市', '1');
INSERT INTO `mc_city` VALUES ('273', '44', '710', '内江市', '1');
INSERT INTO `mc_city` VALUES ('274', '44', '710', '乐山市', '1');
INSERT INTO `mc_city` VALUES ('275', '44', '710', '南充市', '1');
INSERT INTO `mc_city` VALUES ('276', '44', '710', '眉山市', '1');
INSERT INTO `mc_city` VALUES ('277', '44', '710', '宜宾市', '1');
INSERT INTO `mc_city` VALUES ('278', '44', '710', '广安市', '1');
INSERT INTO `mc_city` VALUES ('279', '44', '710', '达州市', '1');
INSERT INTO `mc_city` VALUES ('280', '44', '710', '雅安市', '1');
INSERT INTO `mc_city` VALUES ('281', '44', '710', '巴中市', '1');
INSERT INTO `mc_city` VALUES ('282', '44', '710', '资阳市', '1');
INSERT INTO `mc_city` VALUES ('283', '44', '710', '阿坝藏族羌族自治州', '1');
INSERT INTO `mc_city` VALUES ('284', '44', '710', '甘孜藏族自治州', '1');
INSERT INTO `mc_city` VALUES ('285', '44', '710', '凉山彝族自治州', '1');
INSERT INTO `mc_city` VALUES ('286', '44', '712', '乌鲁木齐市', '1');
INSERT INTO `mc_city` VALUES ('287', '44', '712', '克拉玛依市', '1');
INSERT INTO `mc_city` VALUES ('288', '44', '712', '吐鲁番地区', '1');
INSERT INTO `mc_city` VALUES ('289', '44', '712', '哈密地区', '1');
INSERT INTO `mc_city` VALUES ('290', '44', '712', '昌吉回族自治州', '1');
INSERT INTO `mc_city` VALUES ('291', '44', '712', '博尔塔拉蒙古自治州', '1');
INSERT INTO `mc_city` VALUES ('292', '44', '712', '巴音郭楞蒙古自治州', '1');
INSERT INTO `mc_city` VALUES ('293', '44', '712', '阿克苏地区', '1');
INSERT INTO `mc_city` VALUES ('294', '44', '712', '克孜勒苏柯尔克孜自治州', '1');
INSERT INTO `mc_city` VALUES ('295', '44', '712', '喀什地区', '1');
INSERT INTO `mc_city` VALUES ('296', '44', '712', '和田地区', '1');
INSERT INTO `mc_city` VALUES ('297', '44', '712', '伊犁哈萨克自治州', '1');
INSERT INTO `mc_city` VALUES ('298', '44', '712', '塔城地区', '1');
INSERT INTO `mc_city` VALUES ('299', '44', '712', '阿勒泰地区', '1');
INSERT INTO `mc_city` VALUES ('300', '44', '712', '省直辖行政单位', '1');
INSERT INTO `mc_city` VALUES ('301', '44', '713', '昆明市', '1');
INSERT INTO `mc_city` VALUES ('302', '44', '713', '曲靖市', '1');
INSERT INTO `mc_city` VALUES ('303', '44', '713', '玉溪市', '1');
INSERT INTO `mc_city` VALUES ('304', '44', '713', '保山市', '1');
INSERT INTO `mc_city` VALUES ('305', '44', '713', '昭通市', '1');
INSERT INTO `mc_city` VALUES ('306', '44', '713', '丽江市', '1');
INSERT INTO `mc_city` VALUES ('307', '44', '713', '思茅市', '1');
INSERT INTO `mc_city` VALUES ('308', '44', '713', '临沧市', '1');
INSERT INTO `mc_city` VALUES ('309', '44', '713', '楚雄彝族自治州', '1');
INSERT INTO `mc_city` VALUES ('310', '44', '713', '红河哈尼族彝族自治州', '1');
INSERT INTO `mc_city` VALUES ('311', '44', '713', '文山壮族苗族自治州', '1');
INSERT INTO `mc_city` VALUES ('312', '44', '713', '西双版纳傣族自治州', '1');
INSERT INTO `mc_city` VALUES ('313', '44', '713', '大理白族自治州', '1');
INSERT INTO `mc_city` VALUES ('314', '44', '713', '德宏傣族景颇族自治州', '1');
INSERT INTO `mc_city` VALUES ('315', '44', '713', '怒江傈僳族自治州', '1');
INSERT INTO `mc_city` VALUES ('316', '44', '713', '迪庆藏族自治州', '1');
INSERT INTO `mc_city` VALUES ('317', '44', '714', '杭州市', '1');
INSERT INTO `mc_city` VALUES ('318', '44', '714', '宁波市', '1');
INSERT INTO `mc_city` VALUES ('319', '44', '714', '温州市', '1');
INSERT INTO `mc_city` VALUES ('320', '44', '714', '嘉兴市', '1');
INSERT INTO `mc_city` VALUES ('321', '44', '714', '湖州市', '1');
INSERT INTO `mc_city` VALUES ('322', '44', '714', '绍兴市', '1');
INSERT INTO `mc_city` VALUES ('323', '44', '714', '金华市', '1');
INSERT INTO `mc_city` VALUES ('324', '44', '714', '衢州市', '1');
INSERT INTO `mc_city` VALUES ('325', '44', '714', '舟山市', '1');
INSERT INTO `mc_city` VALUES ('326', '44', '714', '台州市', '1');
INSERT INTO `mc_city` VALUES ('327', '44', '714', '丽水市', '1');
INSERT INTO `mc_city` VALUES ('328', '44', '4225', '拉萨市', '1');
INSERT INTO `mc_city` VALUES ('329', '44', '4225', '昌都地区', '1');
INSERT INTO `mc_city` VALUES ('330', '44', '4225', '山南地区', '1');
INSERT INTO `mc_city` VALUES ('331', '44', '4225', '日喀则地区', '1');
INSERT INTO `mc_city` VALUES ('332', '44', '4225', '那曲地区', '1');
INSERT INTO `mc_city` VALUES ('333', '44', '4225', '阿里地区', '1');
INSERT INTO `mc_city` VALUES ('334', '44', '4225', '林芝地区', '1');
INSERT INTO `mc_city` VALUES ('335', '44', '4227', '西宁市', '1');
INSERT INTO `mc_city` VALUES ('336', '44', '4227', '海东地区', '1');
INSERT INTO `mc_city` VALUES ('337', '44', '4227', '海北藏族自治州', '1');
INSERT INTO `mc_city` VALUES ('338', '44', '4227', '黄南藏族自治州', '1');
INSERT INTO `mc_city` VALUES ('339', '44', '4227', '海南藏族自治州', '1');
INSERT INTO `mc_city` VALUES ('340', '44', '4227', '果洛藏族自治州', '1');
INSERT INTO `mc_city` VALUES ('341', '44', '4227', '玉树藏族自治州', '1');
INSERT INTO `mc_city` VALUES ('342', '44', '4227', '海西蒙古族藏族自治州', '1');

-- ----------------------------
-- Table structure for mc_country
-- ----------------------------
DROP TABLE IF EXISTS `mc_country`;
CREATE TABLE `mc_country` (
  `country_id` int(11) NOT NULL AUTO_INCREMENT,
  `name` varchar(128) NOT NULL,
  `iso_code_2` varchar(2) NOT NULL,
  `iso_code_3` varchar(3) NOT NULL,
  `address_format` text NOT NULL,
  `postcode_required` tinyint(1) NOT NULL,
  `status` tinyint(1) NOT NULL DEFAULT '1',
  PRIMARY KEY (`country_id`)
) ENGINE=MyISAM AUTO_INCREMENT=258 DEFAULT CHARSET=utf8;

-- ----------------------------
-- Records of mc_country
-- ----------------------------
INSERT INTO `mc_country` VALUES ('1', 'Afghanistan', 'AF', 'AFG', '', '0', '1');
INSERT INTO `mc_country` VALUES ('2', 'Albania', 'AL', 'ALB', '', '0', '1');
INSERT INTO `mc_country` VALUES ('3', 'Algeria', 'DZ', 'DZA', '', '0', '1');
INSERT INTO `mc_country` VALUES ('4', 'American Samoa', 'AS', 'ASM', '', '0', '1');
INSERT INTO `mc_country` VALUES ('5', 'Andorra', 'AD', 'AND', '', '0', '1');
INSERT INTO `mc_country` VALUES ('6', 'Angola', 'AO', 'AGO', '', '0', '1');
INSERT INTO `mc_country` VALUES ('7', 'Anguilla', 'AI', 'AIA', '', '0', '1');
INSERT INTO `mc_country` VALUES ('8', 'Antarctica', 'AQ', 'ATA', '', '0', '1');
INSERT INTO `mc_country` VALUES ('9', 'Antigua and Barbuda', 'AG', 'ATG', '', '0', '1');
INSERT INTO `mc_country` VALUES ('10', 'Argentina', 'AR', 'ARG', '', '0', '1');
INSERT INTO `mc_country` VALUES ('11', 'Armenia', 'AM', 'ARM', '', '0', '1');
INSERT INTO `mc_country` VALUES ('12', 'Aruba', 'AW', 'ABW', '', '0', '1');
INSERT INTO `mc_country` VALUES ('13', 'Australia', 'AU', 'AUS', '', '0', '1');
INSERT INTO `mc_country` VALUES ('14', 'Austria', 'AT', 'AUT', '', '0', '1');
INSERT INTO `mc_country` VALUES ('15', 'Azerbaijan', 'AZ', 'AZE', '', '0', '1');
INSERT INTO `mc_country` VALUES ('16', 'Bahamas', 'BS', 'BHS', '', '0', '1');
INSERT INTO `mc_country` VALUES ('17', 'Bahrain', 'BH', 'BHR', '', '0', '1');
INSERT INTO `mc_country` VALUES ('18', 'Bangladesh', 'BD', 'BGD', '', '0', '1');
INSERT INTO `mc_country` VALUES ('19', 'Barbados', 'BB', 'BRB', '', '0', '1');
INSERT INTO `mc_country` VALUES ('20', 'Belarus', 'BY', 'BLR', '', '0', '1');
INSERT INTO `mc_country` VALUES ('21', 'Belgium', 'BE', 'BEL', '{firstname} {lastname}\r\n{company}\r\n{address_1}\r\n{address_2}\r\n{postcode} {city}\r\n{country}', '0', '1');
INSERT INTO `mc_country` VALUES ('22', 'Belize', 'BZ', 'BLZ', '', '0', '1');
INSERT INTO `mc_country` VALUES ('23', 'Benin', 'BJ', 'BEN', '', '0', '1');
INSERT INTO `mc_country` VALUES ('24', 'Bermuda', 'BM', 'BMU', '', '0', '1');
INSERT INTO `mc_country` VALUES ('25', 'Bhutan', 'BT', 'BTN', '', '0', '1');
INSERT INTO `mc_country` VALUES ('26', 'Bolivia', 'BO', 'BOL', '', '0', '1');
INSERT INTO `mc_country` VALUES ('27', 'Bosnia and Herzegovina', 'BA', 'BIH', '', '0', '1');
INSERT INTO `mc_country` VALUES ('28', 'Botswana', 'BW', 'BWA', '', '0', '1');
INSERT INTO `mc_country` VALUES ('29', 'Bouvet Island', 'BV', 'BVT', '', '0', '1');
INSERT INTO `mc_country` VALUES ('30', 'Brazil', 'BR', 'BRA', '', '0', '1');
INSERT INTO `mc_country` VALUES ('31', 'British Indian Ocean Territory', 'IO', 'IOT', '', '0', '1');
INSERT INTO `mc_country` VALUES ('32', 'Brunei Darussalam', 'BN', 'BRN', '', '0', '1');
INSERT INTO `mc_country` VALUES ('33', 'Bulgaria', 'BG', 'BGR', '', '0', '1');
INSERT INTO `mc_country` VALUES ('34', 'Burkina Faso', 'BF', 'BFA', '', '0', '1');
INSERT INTO `mc_country` VALUES ('35', 'Burundi', 'BI', 'BDI', '', '0', '1');
INSERT INTO `mc_country` VALUES ('36', 'Cambodia', 'KH', 'KHM', '', '0', '1');
INSERT INTO `mc_country` VALUES ('37', 'Cameroon', 'CM', 'CMR', '', '0', '1');
INSERT INTO `mc_country` VALUES ('38', 'Canada', 'CA', 'CAN', '', '0', '1');
INSERT INTO `mc_country` VALUES ('39', 'Cape Verde', 'CV', 'CPV', '', '0', '1');
INSERT INTO `mc_country` VALUES ('40', 'Cayman Islands', 'KY', 'CYM', '', '0', '1');
INSERT INTO `mc_country` VALUES ('41', 'Central African Republic', 'CF', 'CAF', '', '0', '1');
INSERT INTO `mc_country` VALUES ('42', 'Chad', 'TD', 'TCD', '', '0', '1');
INSERT INTO `mc_country` VALUES ('43', 'Chile', 'CL', 'CHL', '', '0', '1');
INSERT INTO `mc_country` VALUES ('44', '中国', 'CN', 'CHN', '', '0', '1');
INSERT INTO `mc_country` VALUES ('45', 'Christmas Island', 'CX', 'CXR', '', '0', '1');
INSERT INTO `mc_country` VALUES ('46', 'Cocos (Keeling) Islands', 'CC', 'CCK', '', '0', '1');
INSERT INTO `mc_country` VALUES ('47', 'Colombia', 'CO', 'COL', '', '0', '1');
INSERT INTO `mc_country` VALUES ('48', 'Comoros', 'KM', 'COM', '', '0', '1');
INSERT INTO `mc_country` VALUES ('49', 'Congo', 'CG', 'COG', '', '0', '1');
INSERT INTO `mc_country` VALUES ('50', 'Cook Islands', 'CK', 'COK', '', '0', '1');
INSERT INTO `mc_country` VALUES ('51', 'Costa Rica', 'CR', 'CRI', '', '0', '1');
INSERT INTO `mc_country` VALUES ('52', 'Cote D\'Ivoire', 'CI', 'CIV', '', '0', '1');
INSERT INTO `mc_country` VALUES ('53', 'Croatia', 'HR', 'HRV', '', '0', '1');
INSERT INTO `mc_country` VALUES ('54', 'Cuba', 'CU', 'CUB', '', '0', '1');
INSERT INTO `mc_country` VALUES ('55', 'Cyprus', 'CY', 'CYP', '', '0', '1');
INSERT INTO `mc_country` VALUES ('56', 'Czech Republic', 'CZ', 'CZE', '', '0', '1');
INSERT INTO `mc_country` VALUES ('57', 'Denmark', 'DK', 'DNK', '', '0', '1');
INSERT INTO `mc_country` VALUES ('58', 'Djibouti', 'DJ', 'DJI', '', '0', '1');
INSERT INTO `mc_country` VALUES ('59', 'Dominica', 'DM', 'DMA', '', '0', '1');
INSERT INTO `mc_country` VALUES ('60', 'Dominican Republic', 'DO', 'DOM', '', '0', '1');
INSERT INTO `mc_country` VALUES ('61', 'East Timor', 'TL', 'TLS', '', '0', '1');
INSERT INTO `mc_country` VALUES ('62', 'Ecuador', 'EC', 'ECU', '', '0', '1');
INSERT INTO `mc_country` VALUES ('63', 'Egypt', 'EG', 'EGY', '', '0', '1');
INSERT INTO `mc_country` VALUES ('64', 'El Salvador', 'SV', 'SLV', '', '0', '1');
INSERT INTO `mc_country` VALUES ('65', 'Equatorial Guinea', 'GQ', 'GNQ', '', '0', '1');
INSERT INTO `mc_country` VALUES ('66', 'Eritrea', 'ER', 'ERI', '', '0', '1');
INSERT INTO `mc_country` VALUES ('67', 'Estonia', 'EE', 'EST', '', '0', '1');
INSERT INTO `mc_country` VALUES ('68', 'Ethiopia', 'ET', 'ETH', '', '0', '1');
INSERT INTO `mc_country` VALUES ('69', 'Falkland Islands (Malvinas)', 'FK', 'FLK', '', '0', '1');
INSERT INTO `mc_country` VALUES ('70', 'Faroe Islands', 'FO', 'FRO', '', '0', '1');
INSERT INTO `mc_country` VALUES ('71', 'Fiji', 'FJ', 'FJI', '', '0', '1');
INSERT INTO `mc_country` VALUES ('72', 'Finland', 'FI', 'FIN', '', '0', '1');
INSERT INTO `mc_country` VALUES ('74', 'France, Metropolitan', 'FR', 'FRA', '{firstname} {lastname}\r\n{company}\r\n{address_1}\r\n{address_2}\r\n{postcode} {city}\r\n{country}', '1', '1');
INSERT INTO `mc_country` VALUES ('75', 'French Guiana', 'GF', 'GUF', '', '0', '1');
INSERT INTO `mc_country` VALUES ('76', 'French Polynesia', 'PF', 'PYF', '', '0', '1');
INSERT INTO `mc_country` VALUES ('77', 'French Southern Territories', 'TF', 'ATF', '', '0', '1');
INSERT INTO `mc_country` VALUES ('78', 'Gabon', 'GA', 'GAB', '', '0', '1');
INSERT INTO `mc_country` VALUES ('79', 'Gambia', 'GM', 'GMB', '', '0', '1');
INSERT INTO `mc_country` VALUES ('80', 'Georgia', 'GE', 'GEO', '', '0', '1');
INSERT INTO `mc_country` VALUES ('81', 'Germany', 'DE', 'DEU', '{company}\r\n{firstname} {lastname}\r\n{address_1}\r\n{address_2}\r\n{postcode} {city}\r\n{country}', '1', '1');
INSERT INTO `mc_country` VALUES ('82', 'Ghana', 'GH', 'GHA', '', '0', '1');
INSERT INTO `mc_country` VALUES ('83', 'Gibraltar', 'GI', 'GIB', '', '0', '1');
INSERT INTO `mc_country` VALUES ('84', 'Greece', 'GR', 'GRC', '', '0', '1');
INSERT INTO `mc_country` VALUES ('85', 'Greenland', 'GL', 'GRL', '', '0', '1');
INSERT INTO `mc_country` VALUES ('86', 'Grenada', 'GD', 'GRD', '', '0', '1');
INSERT INTO `mc_country` VALUES ('87', 'Guadeloupe', 'GP', 'GLP', '', '0', '1');
INSERT INTO `mc_country` VALUES ('88', 'Guam', 'GU', 'GUM', '', '0', '1');
INSERT INTO `mc_country` VALUES ('89', 'Guatemala', 'GT', 'GTM', '', '0', '1');
INSERT INTO `mc_country` VALUES ('90', 'Guinea', 'GN', 'GIN', '', '0', '1');
INSERT INTO `mc_country` VALUES ('91', 'Guinea-Bissau', 'GW', 'GNB', '', '0', '1');
INSERT INTO `mc_country` VALUES ('92', 'Guyana', 'GY', 'GUY', '', '0', '1');
INSERT INTO `mc_country` VALUES ('93', 'Haiti', 'HT', 'HTI', '', '0', '1');
INSERT INTO `mc_country` VALUES ('94', 'Heard and Mc Donald Islands', 'HM', 'HMD', '', '0', '1');
INSERT INTO `mc_country` VALUES ('95', 'Honduras', 'HN', 'HND', '', '0', '1');
INSERT INTO `mc_country` VALUES ('96', 'Hong Kong', 'HK', 'HKG', '', '0', '1');
INSERT INTO `mc_country` VALUES ('97', 'Hungary', 'HU', 'HUN', '', '0', '1');
INSERT INTO `mc_country` VALUES ('98', 'Iceland', 'IS', 'ISL', '', '0', '1');
INSERT INTO `mc_country` VALUES ('99', 'India', 'IN', 'IND', '', '0', '1');
INSERT INTO `mc_country` VALUES ('100', 'Indonesia', 'ID', 'IDN', '', '0', '1');
INSERT INTO `mc_country` VALUES ('101', 'Iran (Islamic Republic of)', 'IR', 'IRN', '', '0', '1');
INSERT INTO `mc_country` VALUES ('102', 'Iraq', 'IQ', 'IRQ', '', '0', '1');
INSERT INTO `mc_country` VALUES ('103', 'Ireland', 'IE', 'IRL', '', '0', '1');
INSERT INTO `mc_country` VALUES ('104', 'Israel', 'IL', 'ISR', '', '0', '1');
INSERT INTO `mc_country` VALUES ('105', 'Italy', 'IT', 'ITA', '', '0', '1');
INSERT INTO `mc_country` VALUES ('106', 'Jamaica', 'JM', 'JAM', '', '0', '1');
INSERT INTO `mc_country` VALUES ('107', 'Japan', 'JP', 'JPN', '', '0', '1');
INSERT INTO `mc_country` VALUES ('108', 'Jordan', 'JO', 'JOR', '', '0', '1');
INSERT INTO `mc_country` VALUES ('109', 'Kazakhstan', 'KZ', 'KAZ', '', '0', '1');
INSERT INTO `mc_country` VALUES ('110', 'Kenya', 'KE', 'KEN', '', '0', '1');
INSERT INTO `mc_country` VALUES ('111', 'Kiribati', 'KI', 'KIR', '', '0', '1');
INSERT INTO `mc_country` VALUES ('112', 'North Korea', 'KP', 'PRK', '', '0', '1');
INSERT INTO `mc_country` VALUES ('113', 'South Korea', 'KR', 'KOR', '', '0', '1');
INSERT INTO `mc_country` VALUES ('114', 'Kuwait', 'KW', 'KWT', '', '0', '1');
INSERT INTO `mc_country` VALUES ('115', 'Kyrgyzstan', 'KG', 'KGZ', '', '0', '1');
INSERT INTO `mc_country` VALUES ('116', 'Lao People\'s Democratic Republic', 'LA', 'LAO', '', '0', '1');
INSERT INTO `mc_country` VALUES ('117', 'Latvia', 'LV', 'LVA', '', '0', '1');
INSERT INTO `mc_country` VALUES ('118', 'Lebanon', 'LB', 'LBN', '', '0', '1');
INSERT INTO `mc_country` VALUES ('119', 'Lesotho', 'LS', 'LSO', '', '0', '1');
INSERT INTO `mc_country` VALUES ('120', 'Liberia', 'LR', 'LBR', '', '0', '1');
INSERT INTO `mc_country` VALUES ('121', 'Libyan Arab Jamahiriya', 'LY', 'LBY', '', '0', '1');
INSERT INTO `mc_country` VALUES ('122', 'Liechtenstein', 'LI', 'LIE', '', '0', '1');
INSERT INTO `mc_country` VALUES ('123', 'Lithuania', 'LT', 'LTU', '', '0', '1');
INSERT INTO `mc_country` VALUES ('124', 'Luxembourg', 'LU', 'LUX', '', '0', '1');
INSERT INTO `mc_country` VALUES ('125', 'Macau', 'MO', 'MAC', '', '0', '1');
INSERT INTO `mc_country` VALUES ('126', 'FYROM', 'MK', 'MKD', '', '0', '1');
INSERT INTO `mc_country` VALUES ('127', 'Madagascar', 'MG', 'MDG', '', '0', '1');
INSERT INTO `mc_country` VALUES ('128', 'Malawi', 'MW', 'MWI', '', '0', '1');
INSERT INTO `mc_country` VALUES ('129', 'Malaysia', 'MY', 'MYS', '', '0', '1');
INSERT INTO `mc_country` VALUES ('130', 'Maldives', 'MV', 'MDV', '', '0', '1');
INSERT INTO `mc_country` VALUES ('131', 'Mali', 'ML', 'MLI', '', '0', '1');
INSERT INTO `mc_country` VALUES ('132', 'Malta', 'MT', 'MLT', '', '0', '1');
INSERT INTO `mc_country` VALUES ('133', 'Marshall Islands', 'MH', 'MHL', '', '0', '1');
INSERT INTO `mc_country` VALUES ('134', 'Martinique', 'MQ', 'MTQ', '', '0', '1');
INSERT INTO `mc_country` VALUES ('135', 'Mauritania', 'MR', 'MRT', '', '0', '1');
INSERT INTO `mc_country` VALUES ('136', 'Mauritius', 'MU', 'MUS', '', '0', '1');
INSERT INTO `mc_country` VALUES ('137', 'Mayotte', 'YT', 'MYT', '', '0', '1');
INSERT INTO `mc_country` VALUES ('138', 'Mexico', 'MX', 'MEX', '', '0', '1');
INSERT INTO `mc_country` VALUES ('139', 'Micronesia, Federated States of', 'FM', 'FSM', '', '0', '1');
INSERT INTO `mc_country` VALUES ('140', 'Moldova, Republic of', 'MD', 'MDA', '', '0', '1');
INSERT INTO `mc_country` VALUES ('141', 'Monaco', 'MC', 'MCO', '', '0', '1');
INSERT INTO `mc_country` VALUES ('142', 'Mongolia', 'MN', 'MNG', '', '0', '1');
INSERT INTO `mc_country` VALUES ('143', 'Montserrat', 'MS', 'MSR', '', '0', '1');
INSERT INTO `mc_country` VALUES ('144', 'Morocco', 'MA', 'MAR', '', '0', '1');
INSERT INTO `mc_country` VALUES ('145', 'Mozambique', 'MZ', 'MOZ', '', '0', '1');
INSERT INTO `mc_country` VALUES ('146', 'Myanmar', 'MM', 'MMR', '', '0', '1');
INSERT INTO `mc_country` VALUES ('147', 'Namibia', 'NA', 'NAM', '', '0', '1');
INSERT INTO `mc_country` VALUES ('148', 'Nauru', 'NR', 'NRU', '', '0', '1');
INSERT INTO `mc_country` VALUES ('149', 'Nepal', 'NP', 'NPL', '', '0', '1');
INSERT INTO `mc_country` VALUES ('150', 'Netherlands', 'NL', 'NLD', '', '0', '1');
INSERT INTO `mc_country` VALUES ('151', 'Netherlands Antilles', 'AN', 'ANT', '', '0', '1');
INSERT INTO `mc_country` VALUES ('152', 'New Caledonia', 'NC', 'NCL', '', '0', '1');
INSERT INTO `mc_country` VALUES ('153', 'New Zealand', 'NZ', 'NZL', '', '0', '1');
INSERT INTO `mc_country` VALUES ('154', 'Nicaragua', 'NI', 'NIC', '', '0', '1');
INSERT INTO `mc_country` VALUES ('155', 'Niger', 'NE', 'NER', '', '0', '1');
INSERT INTO `mc_country` VALUES ('156', 'Nigeria', 'NG', 'NGA', '', '0', '1');
INSERT INTO `mc_country` VALUES ('157', 'Niue', 'NU', 'NIU', '', '0', '1');
INSERT INTO `mc_country` VALUES ('158', 'Norfolk Island', 'NF', 'NFK', '', '0', '1');
INSERT INTO `mc_country` VALUES ('159', 'Northern Mariana Islands', 'MP', 'MNP', '', '0', '1');
INSERT INTO `mc_country` VALUES ('160', 'Norway', 'NO', 'NOR', '', '0', '1');
INSERT INTO `mc_country` VALUES ('161', 'Oman', 'OM', 'OMN', '', '0', '1');
INSERT INTO `mc_country` VALUES ('162', 'Pakistan', 'PK', 'PAK', '', '0', '1');
INSERT INTO `mc_country` VALUES ('163', 'Palau', 'PW', 'PLW', '', '0', '1');
INSERT INTO `mc_country` VALUES ('164', 'Panama', 'PA', 'PAN', '', '0', '1');
INSERT INTO `mc_country` VALUES ('165', 'Papua New Guinea', 'PG', 'PNG', '', '0', '1');
INSERT INTO `mc_country` VALUES ('166', 'Paraguay', 'PY', 'PRY', '', '0', '1');
INSERT INTO `mc_country` VALUES ('167', 'Peru', 'PE', 'PER', '', '0', '1');
INSERT INTO `mc_country` VALUES ('168', 'Philippines', 'PH', 'PHL', '', '0', '1');
INSERT INTO `mc_country` VALUES ('169', 'Pitcairn', 'PN', 'PCN', '', '0', '1');
INSERT INTO `mc_country` VALUES ('170', 'Poland', 'PL', 'POL', '', '0', '1');
INSERT INTO `mc_country` VALUES ('171', 'Portugal', 'PT', 'PRT', '', '0', '1');
INSERT INTO `mc_country` VALUES ('172', 'Puerto Rico', 'PR', 'PRI', '', '0', '1');
INSERT INTO `mc_country` VALUES ('173', 'Qatar', 'QA', 'QAT', '', '0', '1');
INSERT INTO `mc_country` VALUES ('174', 'Reunion', 'RE', 'REU', '', '0', '1');
INSERT INTO `mc_country` VALUES ('175', 'Romania', 'RO', 'ROM', '', '0', '1');
INSERT INTO `mc_country` VALUES ('176', 'Russian Federation', 'RU', 'RUS', '', '0', '1');
INSERT INTO `mc_country` VALUES ('177', 'Rwanda', 'RW', 'RWA', '', '0', '1');
INSERT INTO `mc_country` VALUES ('178', 'Saint Kitts and Nevis', 'KN', 'KNA', '', '0', '1');
INSERT INTO `mc_country` VALUES ('179', 'Saint Lucia', 'LC', 'LCA', '', '0', '1');
INSERT INTO `mc_country` VALUES ('180', 'Saint Vincent and the Grenadines', 'VC', 'VCT', '', '0', '1');
INSERT INTO `mc_country` VALUES ('181', 'Samoa', 'WS', 'WSM', '', '0', '1');
INSERT INTO `mc_country` VALUES ('182', 'San Marino', 'SM', 'SMR', '', '0', '1');
INSERT INTO `mc_country` VALUES ('183', 'Sao Tome and Principe', 'ST', 'STP', '', '0', '1');
INSERT INTO `mc_country` VALUES ('184', 'Saudi Arabia', 'SA', 'SAU', '', '0', '1');
INSERT INTO `mc_country` VALUES ('185', 'Senegal', 'SN', 'SEN', '', '0', '1');
INSERT INTO `mc_country` VALUES ('186', 'Seychelles', 'SC', 'SYC', '', '0', '1');
INSERT INTO `mc_country` VALUES ('187', 'Sierra Leone', 'SL', 'SLE', '', '0', '1');
INSERT INTO `mc_country` VALUES ('188', 'Singapore', 'SG', 'SGP', '', '0', '1');
INSERT INTO `mc_country` VALUES ('189', 'Slovak Republic', 'SK', 'SVK', '{firstname} {lastname}\r\n{company}\r\n{address_1}\r\n{address_2}\r\n{city} {postcode}\r\n{zone}\r\n{country}', '0', '1');
INSERT INTO `mc_country` VALUES ('190', 'Slovenia', 'SI', 'SVN', '', '0', '1');
INSERT INTO `mc_country` VALUES ('191', 'Solomon Islands', 'SB', 'SLB', '', '0', '1');
INSERT INTO `mc_country` VALUES ('192', 'Somalia', 'SO', 'SOM', '', '0', '1');
INSERT INTO `mc_country` VALUES ('193', 'South Africa', 'ZA', 'ZAF', '', '0', '1');
INSERT INTO `mc_country` VALUES ('194', 'South Georgia &amp; South Sandwich Islands', 'GS', 'SGS', '', '0', '1');
INSERT INTO `mc_country` VALUES ('195', 'Spain', 'ES', 'ESP', '', '0', '1');
INSERT INTO `mc_country` VALUES ('196', 'Sri Lanka', 'LK', 'LKA', '', '0', '1');
INSERT INTO `mc_country` VALUES ('197', 'St. Helena', 'SH', 'SHN', '', '0', '1');
INSERT INTO `mc_country` VALUES ('198', 'St. Pierre and Miquelon', 'PM', 'SPM', '', '0', '1');
INSERT INTO `mc_country` VALUES ('199', 'Sudan', 'SD', 'SDN', '', '0', '1');
INSERT INTO `mc_country` VALUES ('200', 'Suriname', 'SR', 'SUR', '', '0', '1');
INSERT INTO `mc_country` VALUES ('201', 'Svalbard and Jan Mayen Islands', 'SJ', 'SJM', '', '0', '1');
INSERT INTO `mc_country` VALUES ('202', 'Swaziland', 'SZ', 'SWZ', '', '0', '1');
INSERT INTO `mc_country` VALUES ('203', 'Sweden', 'SE', 'SWE', '{company}\r\n{firstname} {lastname}\r\n{address_1}\r\n{address_2}\r\n{postcode} {city}\r\n{country}', '1', '1');
INSERT INTO `mc_country` VALUES ('204', 'Switzerland', 'CH', 'CHE', '', '0', '1');
INSERT INTO `mc_country` VALUES ('205', 'Syrian Arab Republic', 'SY', 'SYR', '', '0', '1');
INSERT INTO `mc_country` VALUES ('206', 'Taiwan', 'TW', 'TWN', '', '0', '1');
INSERT INTO `mc_country` VALUES ('207', 'Tajikistan', 'TJ', 'TJK', '', '0', '1');
INSERT INTO `mc_country` VALUES ('208', 'Tanzania, United Republic of', 'TZ', 'TZA', '', '0', '1');
INSERT INTO `mc_country` VALUES ('209', 'Thailand', 'TH', 'THA', '', '0', '1');
INSERT INTO `mc_country` VALUES ('210', 'Togo', 'TG', 'TGO', '', '0', '1');
INSERT INTO `mc_country` VALUES ('211', 'Tokelau', 'TK', 'TKL', '', '0', '1');
INSERT INTO `mc_country` VALUES ('212', 'Tonga', 'TO', 'TON', '', '0', '1');
INSERT INTO `mc_country` VALUES ('213', 'Trinidad and Tobago', 'TT', 'TTO', '', '0', '1');
INSERT INTO `mc_country` VALUES ('214', 'Tunisia', 'TN', 'TUN', '', '0', '1');
INSERT INTO `mc_country` VALUES ('215', 'Turkey', 'TR', 'TUR', '', '0', '1');
INSERT INTO `mc_country` VALUES ('216', 'Turkmenistan', 'TM', 'TKM', '', '0', '1');
INSERT INTO `mc_country` VALUES ('217', 'Turks and Caicos Islands', 'TC', 'TCA', '', '0', '1');
INSERT INTO `mc_country` VALUES ('218', 'Tuvalu', 'TV', 'TUV', '', '0', '1');
INSERT INTO `mc_country` VALUES ('219', 'Uganda', 'UG', 'UGA', '', '0', '1');
INSERT INTO `mc_country` VALUES ('220', 'Ukraine', 'UA', 'UKR', '', '0', '1');
INSERT INTO `mc_country` VALUES ('221', 'United Arab Emirates', 'AE', 'ARE', '', '0', '1');
INSERT INTO `mc_country` VALUES ('222', 'United Kingdom', 'GB', 'GBR', '', '1', '1');
INSERT INTO `mc_country` VALUES ('223', 'United States', 'US', 'USA', '{firstname} {lastname}\r\n{company}\r\n{address_1}\r\n{address_2}\r\n{city}, {zone} {postcode}\r\n{country}', '0', '1');
INSERT INTO `mc_country` VALUES ('224', 'United States Minor Outlying Islands', 'UM', 'UMI', '', '0', '1');
INSERT INTO `mc_country` VALUES ('225', 'Uruguay', 'UY', 'URY', '', '0', '1');
INSERT INTO `mc_country` VALUES ('226', 'Uzbekistan', 'UZ', 'UZB', '', '0', '1');
INSERT INTO `mc_country` VALUES ('227', 'Vanuatu', 'VU', 'VUT', '', '0', '1');
INSERT INTO `mc_country` VALUES ('228', 'Vatican City State (Holy See)', 'VA', 'VAT', '', '0', '1');
INSERT INTO `mc_country` VALUES ('229', 'Venezuela', 'VE', 'VEN', '', '0', '1');
INSERT INTO `mc_country` VALUES ('230', 'Viet Nam', 'VN', 'VNM', '', '0', '1');
INSERT INTO `mc_country` VALUES ('231', 'Virgin Islands (British)', 'VG', 'VGB', '', '0', '1');
INSERT INTO `mc_country` VALUES ('232', 'Virgin Islands (U.S.)', 'VI', 'VIR', '', '0', '1');
INSERT INTO `mc_country` VALUES ('233', 'Wallis and Futuna Islands', 'WF', 'WLF', '', '0', '1');
INSERT INTO `mc_country` VALUES ('234', 'Western Sahara', 'EH', 'ESH', '', '0', '1');
INSERT INTO `mc_country` VALUES ('235', 'Yemen', 'YE', 'YEM', '', '0', '1');
INSERT INTO `mc_country` VALUES ('237', 'Democratic Republic of Congo', 'CD', 'COD', '', '0', '1');
INSERT INTO `mc_country` VALUES ('238', 'Zambia', 'ZM', 'ZMB', '', '0', '1');
INSERT INTO `mc_country` VALUES ('239', 'Zimbabwe', 'ZW', 'ZWE', '', '0', '1');
INSERT INTO `mc_country` VALUES ('242', 'Montenegro', 'ME', 'MNE', '', '0', '1');
INSERT INTO `mc_country` VALUES ('243', 'Serbia', 'RS', 'SRB', '', '0', '1');
INSERT INTO `mc_country` VALUES ('244', 'Aaland Islands', 'AX', 'ALA', '', '0', '1');
INSERT INTO `mc_country` VALUES ('245', 'Bonaire, Sint Eustatius and Saba', 'BQ', 'BES', '', '0', '1');
INSERT INTO `mc_country` VALUES ('246', 'Curacao', 'CW', 'CUW', '', '0', '1');
INSERT INTO `mc_country` VALUES ('247', 'Palestinian Territory, Occupied', 'PS', 'PSE', '', '0', '1');
INSERT INTO `mc_country` VALUES ('248', 'South Sudan', 'SS', 'SSD', '', '0', '1');
INSERT INTO `mc_country` VALUES ('249', 'St. Barthelemy', 'BL', 'BLM', '', '0', '1');
INSERT INTO `mc_country` VALUES ('250', 'St. Martin (French part)', 'MF', 'MAF', '', '0', '1');
INSERT INTO `mc_country` VALUES ('251', 'Canary Islands', 'IC', 'ICA', '', '0', '1');
INSERT INTO `mc_country` VALUES ('252', 'Ascension Island (British)', 'AC', 'ASC', '', '0', '1');
INSERT INTO `mc_country` VALUES ('253', 'Kosovo, Republic of', 'XK', 'UNK', '', '0', '1');
INSERT INTO `mc_country` VALUES ('254', 'Isle of Man', 'IM', 'IMN', '', '0', '1');
INSERT INTO `mc_country` VALUES ('255', 'Tristan da Cunha', 'TA', 'SHN', '', '0', '1');
INSERT INTO `mc_country` VALUES ('256', 'Guernsey', 'GG', 'GGY', '', '0', '1');
INSERT INTO `mc_country` VALUES ('257', 'Jersey', 'JE', 'JEY', '', '0', '1');

-- ----------------------------
-- Table structure for mc_coupon
-- ----------------------------
DROP TABLE IF EXISTS `mc_coupon`;
CREATE TABLE `mc_coupon` (
  `coupon_id` int(11) NOT NULL AUTO_INCREMENT,
  `name` varchar(128) NOT NULL,
  `code` varchar(20) NOT NULL,
  `type` char(1) NOT NULL,
  `discount` decimal(15,4) NOT NULL,
  `logged` tinyint(1) NOT NULL,
  `shipping` tinyint(1) NOT NULL,
  `total` decimal(15,4) NOT NULL,
  `date_start` date NOT NULL DEFAULT '0000-00-00',
  `date_end` date NOT NULL DEFAULT '0000-00-00',
  `uses_total` int(11) NOT NULL,
  `uses_customer` varchar(11) NOT NULL,
  `status` tinyint(1) NOT NULL,
  `date_added` datetime NOT NULL,
  PRIMARY KEY (`coupon_id`)
) ENGINE=MyISAM AUTO_INCREMENT=7 DEFAULT CHARSET=utf8;

-- ----------------------------
-- Records of mc_coupon
-- ----------------------------
INSERT INTO `mc_coupon` VALUES ('4', '10% 折扣', '2222', 'P', '10.0000', '0', '0', '0.0000', '2015-04-01', '2020-01-01', '10', '10', '0', '2009-01-27 13:55:03');
INSERT INTO `mc_coupon` VALUES ('5', '免费配送', '3333', 'P', '0.0000', '0', '1', '100.0000', '2015-01-01', '2015-02-01', '10', '10', '0', '2009-03-14 21:13:53');
INSERT INTO `mc_coupon` VALUES ('6', '10元折扣券', '1111', 'F', '10.0000', '0', '0', '10.0000', '2015-01-01', '2020-01-01', '100000', '10000', '0', '2009-03-14 21:15:18');

-- ----------------------------
-- Table structure for mc_coupon_category
-- ----------------------------
DROP TABLE IF EXISTS `mc_coupon_category`;
CREATE TABLE `mc_coupon_category` (
  `coupon_id` int(11) NOT NULL,
  `category_id` int(11) NOT NULL,
  PRIMARY KEY (`coupon_id`,`category_id`)
) ENGINE=MyISAM DEFAULT CHARSET=utf8;

-- ----------------------------
-- Records of mc_coupon_category
-- ----------------------------

-- ----------------------------
-- Table structure for mc_coupon_history
-- ----------------------------
DROP TABLE IF EXISTS `mc_coupon_history`;
CREATE TABLE `mc_coupon_history` (
  `coupon_history_id` int(11) NOT NULL AUTO_INCREMENT,
  `coupon_id` int(11) NOT NULL,
  `order_id` int(11) NOT NULL,
  `customer_id` int(11) NOT NULL,
  `amount` decimal(15,4) NOT NULL,
  `date_added` datetime NOT NULL,
  PRIMARY KEY (`coupon_history_id`)
) ENGINE=MyISAM DEFAULT CHARSET=utf8;

-- ----------------------------
-- Records of mc_coupon_history
-- ----------------------------

-- ----------------------------
-- Table structure for mc_coupon_product
-- ----------------------------
DROP TABLE IF EXISTS `mc_coupon_product`;
CREATE TABLE `mc_coupon_product` (
  `coupon_product_id` int(11) NOT NULL AUTO_INCREMENT,
  `coupon_id` int(11) NOT NULL,
  `product_id` int(11) NOT NULL,
  PRIMARY KEY (`coupon_product_id`)
) ENGINE=MyISAM DEFAULT CHARSET=utf8;

-- ----------------------------
-- Records of mc_coupon_product
-- ----------------------------

-- ----------------------------
-- Table structure for mc_currency
-- ----------------------------
DROP TABLE IF EXISTS `mc_currency`;
CREATE TABLE `mc_currency` (
  `currency_id` int(11) NOT NULL AUTO_INCREMENT,
  `title` varchar(32) NOT NULL,
  `code` varchar(3) NOT NULL,
  `symbol_left` varchar(12) NOT NULL,
  `symbol_right` varchar(12) NOT NULL,
  `decimal_place` char(1) NOT NULL,
  `value` double(15,8) NOT NULL,
  `status` tinyint(1) NOT NULL,
  `date_modified` datetime NOT NULL,
  PRIMARY KEY (`currency_id`)
) ENGINE=MyISAM AUTO_INCREMENT=7 DEFAULT CHARSET=utf8;

-- ----------------------------
-- Records of mc_currency
-- ----------------------------
INSERT INTO `mc_currency` VALUES ('6', '港币', 'HKD', '$', '', '2', '1.16110003', '1', '2016-08-31 11:07:00');
INSERT INTO `mc_currency` VALUES ('5', 'US Dollar', 'USD', '$', '', '2', '0.14970000', '1', '2016-08-31 11:07:00');
INSERT INTO `mc_currency` VALUES ('4', '人民币', 'CNY', '￥', '', '2', '1.00000000', '1', '2016-09-01 03:23:33');

-- ----------------------------
-- Table structure for mc_customer
-- ----------------------------
DROP TABLE IF EXISTS `mc_customer`;
CREATE TABLE `mc_customer` (
  `customer_id` int(11) NOT NULL AUTO_INCREMENT,
  `customer_group_id` int(11) NOT NULL,
  `store_id` int(11) NOT NULL DEFAULT '0',
  `language_id` int(11) NOT NULL,
  `firstname` varchar(32) NOT NULL,
  `lastname` varchar(32) NOT NULL,
  `email` varchar(96) NOT NULL,
  `telephone` varchar(32) NOT NULL,
  `fax` varchar(32) NOT NULL,
  `password` varchar(40) NOT NULL,
  `salt` varchar(9) NOT NULL,
  `cart` text,
  `wishlist` text,
  `newsletter` tinyint(1) NOT NULL DEFAULT '0',
  `address_id` int(11) NOT NULL DEFAULT '0',
  `custom_field` text NOT NULL,
  `ip` varchar(40) NOT NULL,
  `status` tinyint(1) NOT NULL,
  `safe` tinyint(1) NOT NULL,
  `token` text NOT NULL,
  `code` varchar(40) NOT NULL,
  `date_added` datetime NOT NULL,
  `weixin_login_openid` varchar(64) NOT NULL,
  `weixin_login_unionid` varchar(64) NOT NULL,
  `weibo_login_access_token` varchar(128) NOT NULL,
  `weibo_login_uid` varchar(50) NOT NULL,
  `qq_openid` varchar(64) NOT NULL,
  PRIMARY KEY (`customer_id`)
) ENGINE=MyISAM DEFAULT CHARSET=utf8;

-- ----------------------------
-- Records of mc_customer
-- ----------------------------

-- ----------------------------
-- Table structure for mc_customer_activity
-- ----------------------------
DROP TABLE IF EXISTS `mc_customer_activity`;
CREATE TABLE `mc_customer_activity` (
  `customer_activity_id` int(11) NOT NULL AUTO_INCREMENT,
  `customer_id` int(11) NOT NULL,
  `key` varchar(64) NOT NULL,
  `data` text NOT NULL,
  `ip` varchar(40) NOT NULL,
  `date_added` datetime NOT NULL,
  PRIMARY KEY (`customer_activity_id`)
) ENGINE=MyISAM DEFAULT CHARSET=utf8;

-- ----------------------------
-- Records of mc_customer_activity
-- ----------------------------

-- ----------------------------
-- Table structure for mc_customer_affiliate
-- ----------------------------
DROP TABLE IF EXISTS `mc_customer_affiliate`;
CREATE TABLE `mc_customer_affiliate` (
  `customer_id` int(11) NOT NULL,
  `company` varchar(40) NOT NULL,
  `website` varchar(255) NOT NULL,
  `tracking` varchar(64) NOT NULL,
  `commission` decimal(4,2) NOT NULL DEFAULT '0.00',
  `tax` varchar(64) NOT NULL,
  `payment` varchar(6) NOT NULL,
  `cheque` varchar(100) NOT NULL,
  `paypal` varchar(64) NOT NULL,
  `bank_name` varchar(64) NOT NULL,
  `bank_branch_number` varchar(64) NOT NULL,
  `bank_swift_code` varchar(64) NOT NULL,
  `bank_account_name` varchar(64) NOT NULL,
  `bank_account_number` varchar(64) NOT NULL,
  `custom_field` text NOT NULL,
  `status` tinyint(1) NOT NULL,
  `date_added` datetime NOT NULL,
  PRIMARY KEY (`customer_id`)
) ENGINE=MyISAM DEFAULT CHARSET=utf8;

-- ----------------------------
-- Records of mc_customer_affiliate
-- ----------------------------

-- ----------------------------
-- Table structure for mc_customer_approval
-- ----------------------------
DROP TABLE IF EXISTS `mc_customer_approval`;
CREATE TABLE `mc_customer_approval` (
  `customer_approval_id` int(11) NOT NULL AUTO_INCREMENT,
  `customer_id` int(11) NOT NULL,
  `type` varchar(9) NOT NULL,
  `date_added` datetime NOT NULL,
  PRIMARY KEY (`customer_approval_id`)
) ENGINE=MyISAM DEFAULT CHARSET=utf8;

-- ----------------------------
-- Records of mc_customer_approval
-- ----------------------------

-- ----------------------------
-- Table structure for mc_customer_group
-- ----------------------------
DROP TABLE IF EXISTS `mc_customer_group`;
CREATE TABLE `mc_customer_group` (
  `customer_group_id` int(11) NOT NULL AUTO_INCREMENT,
  `approval` int(1) NOT NULL,
  `sort_order` int(3) NOT NULL,
  PRIMARY KEY (`customer_group_id`)
) ENGINE=MyISAM AUTO_INCREMENT=4 DEFAULT CHARSET=utf8;

-- ----------------------------
-- Records of mc_customer_group
-- ----------------------------
INSERT INTO `mc_customer_group` VALUES ('1', '0', '1');
INSERT INTO `mc_customer_group` VALUES ('2', '0', '3');
INSERT INTO `mc_customer_group` VALUES ('3', '0', '2');

-- ----------------------------
-- Table structure for mc_customer_group_description
-- ----------------------------
DROP TABLE IF EXISTS `mc_customer_group_description`;
CREATE TABLE `mc_customer_group_description` (
  `customer_group_id` int(11) NOT NULL,
  `language_id` int(11) NOT NULL,
  `name` varchar(32) NOT NULL,
  `description` text NOT NULL,
  PRIMARY KEY (`customer_group_id`,`language_id`)
) ENGINE=MyISAM DEFAULT CHARSET=utf8;

-- ----------------------------
-- Records of mc_customer_group_description
-- ----------------------------
INSERT INTO `mc_customer_group_description` VALUES ('1', '1', '普通', '测试');
INSERT INTO `mc_customer_group_description` VALUES ('1', '2', 'Default', 'Test');
INSERT INTO `mc_customer_group_description` VALUES ('1', '3', '普通', '测试');
INSERT INTO `mc_customer_group_description` VALUES ('2', '3', 'VIP', '');
INSERT INTO `mc_customer_group_description` VALUES ('2', '2', 'VIP', '');
INSERT INTO `mc_customer_group_description` VALUES ('2', '1', 'VIP', '');
INSERT INTO `mc_customer_group_description` VALUES ('3', '1', '批发商', '');
INSERT INTO `mc_customer_group_description` VALUES ('3', '2', 'WholeSale', '');
INSERT INTO `mc_customer_group_description` VALUES ('3', '3', '批發商', '');

-- ----------------------------
-- Table structure for mc_customer_history
-- ----------------------------
DROP TABLE IF EXISTS `mc_customer_history`;
CREATE TABLE `mc_customer_history` (
  `customer_history_id` int(11) NOT NULL AUTO_INCREMENT,
  `customer_id` int(11) NOT NULL,
  `comment` text NOT NULL,
  `date_added` datetime NOT NULL,
  PRIMARY KEY (`customer_history_id`)
) ENGINE=MyISAM DEFAULT CHARSET=utf8;

-- ----------------------------
-- Records of mc_customer_history
-- ----------------------------

-- ----------------------------
-- Table structure for mc_customer_ip
-- ----------------------------
DROP TABLE IF EXISTS `mc_customer_ip`;
CREATE TABLE `mc_customer_ip` (
  `customer_ip_id` int(11) NOT NULL AUTO_INCREMENT,
  `customer_id` int(11) NOT NULL,
  `ip` varchar(40) NOT NULL,
  `date_added` datetime NOT NULL,
  PRIMARY KEY (`customer_ip_id`),
  KEY `ip` (`ip`)
) ENGINE=MyISAM DEFAULT CHARSET=utf8;

-- ----------------------------
-- Records of mc_customer_ip
-- ----------------------------

-- ----------------------------
-- Table structure for mc_customer_login
-- ----------------------------
DROP TABLE IF EXISTS `mc_customer_login`;
CREATE TABLE `mc_customer_login` (
  `customer_login_id` int(11) NOT NULL AUTO_INCREMENT,
  `email` varchar(96) NOT NULL,
  `ip` varchar(40) NOT NULL,
  `total` int(4) NOT NULL,
  `date_added` datetime NOT NULL,
  `date_modified` datetime NOT NULL,
  PRIMARY KEY (`customer_login_id`),
  KEY `email` (`email`),
  KEY `ip` (`ip`)
) ENGINE=MyISAM DEFAULT CHARSET=utf8;

-- ----------------------------
-- Records of mc_customer_login
-- ----------------------------

-- ----------------------------
-- Table structure for mc_customer_online
-- ----------------------------
DROP TABLE IF EXISTS `mc_customer_online`;
CREATE TABLE `mc_customer_online` (
  `ip` varchar(40) NOT NULL,
  `customer_id` int(11) NOT NULL,
  `url` text NOT NULL,
  `referer` text NOT NULL,
  `date_added` datetime NOT NULL,
  PRIMARY KEY (`ip`)
) ENGINE=MyISAM DEFAULT CHARSET=utf8;

-- ----------------------------
-- Records of mc_customer_online
-- ----------------------------

-- ----------------------------
-- Table structure for mc_customer_reward
-- ----------------------------
DROP TABLE IF EXISTS `mc_customer_reward`;
CREATE TABLE `mc_customer_reward` (
  `customer_reward_id` int(11) NOT NULL AUTO_INCREMENT,
  `customer_id` int(11) NOT NULL DEFAULT '0',
  `order_id` int(11) NOT NULL DEFAULT '0',
  `description` text NOT NULL,
  `points` int(8) NOT NULL DEFAULT '0',
  `date_added` datetime NOT NULL,
  PRIMARY KEY (`customer_reward_id`)
) ENGINE=MyISAM DEFAULT CHARSET=utf8;

-- ----------------------------
-- Records of mc_customer_reward
-- ----------------------------

-- ----------------------------
-- Table structure for mc_customer_search
-- ----------------------------
DROP TABLE IF EXISTS `mc_customer_search`;
CREATE TABLE `mc_customer_search` (
  `customer_search_id` int(11) NOT NULL AUTO_INCREMENT,
  `store_id` int(11) NOT NULL,
  `language_id` int(11) NOT NULL,
  `customer_id` int(11) NOT NULL,
  `keyword` varchar(255) NOT NULL,
  `category_id` int(11) DEFAULT NULL,
  `sub_category` tinyint(1) NOT NULL,
  `description` tinyint(1) NOT NULL,
  `products` int(11) NOT NULL,
  `ip` varchar(40) NOT NULL,
  `date_added` datetime NOT NULL,
  PRIMARY KEY (`customer_search_id`)
) ENGINE=MyISAM DEFAULT CHARSET=utf8;

-- ----------------------------
-- Records of mc_customer_search
-- ----------------------------

-- ----------------------------
-- Table structure for mc_customer_transaction
-- ----------------------------
DROP TABLE IF EXISTS `mc_customer_transaction`;
CREATE TABLE `mc_customer_transaction` (
  `customer_transaction_id` int(11) NOT NULL AUTO_INCREMENT,
  `customer_id` int(11) NOT NULL,
  `order_id` int(11) NOT NULL,
  `description` text NOT NULL,
  `amount` decimal(15,4) NOT NULL,
  `date_added` datetime NOT NULL,
  PRIMARY KEY (`customer_transaction_id`)
) ENGINE=MyISAM DEFAULT CHARSET=utf8;

-- ----------------------------
-- Records of mc_customer_transaction
-- ----------------------------

-- ----------------------------
-- Table structure for mc_customer_wishlist
-- ----------------------------
DROP TABLE IF EXISTS `mc_customer_wishlist`;
CREATE TABLE `mc_customer_wishlist` (
  `customer_id` int(11) NOT NULL,
  `product_id` int(11) NOT NULL,
  `date_added` datetime NOT NULL,
  PRIMARY KEY (`customer_id`,`product_id`)
) ENGINE=MyISAM DEFAULT CHARSET=utf8;

-- ----------------------------
-- Records of mc_customer_wishlist
-- ----------------------------

-- ----------------------------
-- Table structure for mc_custom_field
-- ----------------------------
DROP TABLE IF EXISTS `mc_custom_field`;
CREATE TABLE `mc_custom_field` (
  `custom_field_id` int(11) NOT NULL AUTO_INCREMENT,
  `type` varchar(32) NOT NULL,
  `value` text NOT NULL,
  `validation` varchar(255) NOT NULL,
  `location` varchar(10) NOT NULL,
  `status` tinyint(1) NOT NULL,
  `sort_order` int(3) NOT NULL,
  PRIMARY KEY (`custom_field_id`)
) ENGINE=MyISAM DEFAULT CHARSET=utf8;

-- ----------------------------
-- Records of mc_custom_field
-- ----------------------------

-- ----------------------------
-- Table structure for mc_custom_field_customer_group
-- ----------------------------
DROP TABLE IF EXISTS `mc_custom_field_customer_group`;
CREATE TABLE `mc_custom_field_customer_group` (
  `custom_field_id` int(11) NOT NULL,
  `customer_group_id` int(11) NOT NULL,
  `required` tinyint(1) NOT NULL,
  PRIMARY KEY (`custom_field_id`,`customer_group_id`)
) ENGINE=MyISAM DEFAULT CHARSET=utf8;

-- ----------------------------
-- Records of mc_custom_field_customer_group
-- ----------------------------

-- ----------------------------
-- Table structure for mc_custom_field_description
-- ----------------------------
DROP TABLE IF EXISTS `mc_custom_field_description`;
CREATE TABLE `mc_custom_field_description` (
  `custom_field_id` int(11) NOT NULL,
  `language_id` int(11) NOT NULL,
  `name` varchar(128) NOT NULL,
  PRIMARY KEY (`custom_field_id`,`language_id`)
) ENGINE=MyISAM DEFAULT CHARSET=utf8;

-- ----------------------------
-- Records of mc_custom_field_description
-- ----------------------------

-- ----------------------------
-- Table structure for mc_custom_field_value
-- ----------------------------
DROP TABLE IF EXISTS `mc_custom_field_value`;
CREATE TABLE `mc_custom_field_value` (
  `custom_field_value_id` int(11) NOT NULL AUTO_INCREMENT,
  `custom_field_id` int(11) NOT NULL,
  `sort_order` int(3) NOT NULL,
  PRIMARY KEY (`custom_field_value_id`)
) ENGINE=MyISAM DEFAULT CHARSET=utf8;

-- ----------------------------
-- Records of mc_custom_field_value
-- ----------------------------

-- ----------------------------
-- Table structure for mc_custom_field_value_description
-- ----------------------------
DROP TABLE IF EXISTS `mc_custom_field_value_description`;
CREATE TABLE `mc_custom_field_value_description` (
  `custom_field_value_id` int(11) NOT NULL,
  `language_id` int(11) NOT NULL,
  `custom_field_id` int(11) NOT NULL,
  `name` varchar(128) NOT NULL,
  PRIMARY KEY (`custom_field_value_id`,`language_id`)
) ENGINE=MyISAM DEFAULT CHARSET=utf8;

-- ----------------------------
-- Records of mc_custom_field_value_description
-- ----------------------------

-- ----------------------------
-- Table structure for mc_district
-- ----------------------------
DROP TABLE IF EXISTS `mc_district`;
CREATE TABLE `mc_district` (
  `district_id` int(11) NOT NULL AUTO_INCREMENT,
  `country_id` int(11) NOT NULL,
  `zone_id` int(11) NOT NULL,
  `city_id` int(11) NOT NULL,
  `name` varchar(128) NOT NULL,
  `status` tinyint(1) NOT NULL DEFAULT '1',
  PRIMARY KEY (`district_id`)
) ENGINE=MyISAM AUTO_INCREMENT=3141 DEFAULT CHARSET=utf8;

-- ----------------------------
-- Records of mc_district
-- ----------------------------
INSERT INTO `mc_district` VALUES ('2', '44', '684', '1', '瑶海区', '1');
INSERT INTO `mc_district` VALUES ('3', '44', '684', '1', '庐阳区', '1');
INSERT INTO `mc_district` VALUES ('4', '44', '684', '1', '蜀山区', '1');
INSERT INTO `mc_district` VALUES ('5', '44', '684', '1', '包河区', '1');
INSERT INTO `mc_district` VALUES ('6', '44', '684', '1', '长丰县', '1');
INSERT INTO `mc_district` VALUES ('7', '44', '684', '1', '肥东县', '1');
INSERT INTO `mc_district` VALUES ('8', '44', '684', '1', '肥西县', '1');
INSERT INTO `mc_district` VALUES ('10', '44', '684', '2', '镜湖区', '1');
INSERT INTO `mc_district` VALUES ('11', '44', '684', '2', '马塘区', '1');
INSERT INTO `mc_district` VALUES ('12', '44', '684', '2', '新芜区', '1');
INSERT INTO `mc_district` VALUES ('13', '44', '684', '2', '鸠江区', '1');
INSERT INTO `mc_district` VALUES ('14', '44', '684', '2', '芜湖县', '1');
INSERT INTO `mc_district` VALUES ('15', '44', '684', '2', '繁昌县', '1');
INSERT INTO `mc_district` VALUES ('16', '44', '684', '2', '南陵县', '1');
INSERT INTO `mc_district` VALUES ('18', '44', '684', '3', '龙子湖区', '1');
INSERT INTO `mc_district` VALUES ('19', '44', '684', '3', '蚌山区', '1');
INSERT INTO `mc_district` VALUES ('20', '44', '684', '3', '禹会区', '1');
INSERT INTO `mc_district` VALUES ('21', '44', '684', '3', '淮上区', '1');
INSERT INTO `mc_district` VALUES ('22', '44', '684', '3', '怀远县', '1');
INSERT INTO `mc_district` VALUES ('23', '44', '684', '3', '五河县', '1');
INSERT INTO `mc_district` VALUES ('24', '44', '684', '3', '固镇县', '1');
INSERT INTO `mc_district` VALUES ('26', '44', '684', '4', '大通区', '1');
INSERT INTO `mc_district` VALUES ('27', '44', '684', '4', '田家庵区', '1');
INSERT INTO `mc_district` VALUES ('28', '44', '684', '4', '谢家集区', '1');
INSERT INTO `mc_district` VALUES ('29', '44', '684', '4', '八公山区', '1');
INSERT INTO `mc_district` VALUES ('30', '44', '684', '4', '潘集区', '1');
INSERT INTO `mc_district` VALUES ('31', '44', '684', '4', '凤台县', '1');
INSERT INTO `mc_district` VALUES ('33', '44', '684', '5', '金家庄区', '1');
INSERT INTO `mc_district` VALUES ('34', '44', '684', '5', '花山区', '1');
INSERT INTO `mc_district` VALUES ('35', '44', '684', '5', '雨山区', '1');
INSERT INTO `mc_district` VALUES ('36', '44', '684', '5', '当涂县', '1');
INSERT INTO `mc_district` VALUES ('38', '44', '684', '6', '杜集区', '1');
INSERT INTO `mc_district` VALUES ('39', '44', '684', '6', '相山区', '1');
INSERT INTO `mc_district` VALUES ('40', '44', '684', '6', '烈山区', '1');
INSERT INTO `mc_district` VALUES ('41', '44', '684', '6', '濉溪县', '1');
INSERT INTO `mc_district` VALUES ('43', '44', '684', '7', '铜官山区', '1');
INSERT INTO `mc_district` VALUES ('44', '44', '684', '7', '狮子山区', '1');
INSERT INTO `mc_district` VALUES ('45', '44', '684', '7', '郊　区', '1');
INSERT INTO `mc_district` VALUES ('46', '44', '684', '7', '铜陵县', '1');
INSERT INTO `mc_district` VALUES ('48', '44', '684', '8', '迎江区', '1');
INSERT INTO `mc_district` VALUES ('49', '44', '684', '8', '大观区', '1');
INSERT INTO `mc_district` VALUES ('50', '44', '684', '8', '郊　区', '1');
INSERT INTO `mc_district` VALUES ('51', '44', '684', '8', '怀宁县', '1');
INSERT INTO `mc_district` VALUES ('52', '44', '684', '8', '枞阳县', '1');
INSERT INTO `mc_district` VALUES ('53', '44', '684', '8', '潜山县', '1');
INSERT INTO `mc_district` VALUES ('54', '44', '684', '8', '太湖县', '1');
INSERT INTO `mc_district` VALUES ('55', '44', '684', '8', '宿松县', '1');
INSERT INTO `mc_district` VALUES ('56', '44', '684', '8', '望江县', '1');
INSERT INTO `mc_district` VALUES ('57', '44', '684', '8', '岳西县', '1');
INSERT INTO `mc_district` VALUES ('58', '44', '684', '8', '桐城市', '1');
INSERT INTO `mc_district` VALUES ('60', '44', '684', '9', '屯溪区', '1');
INSERT INTO `mc_district` VALUES ('61', '44', '684', '9', '黄山区', '1');
INSERT INTO `mc_district` VALUES ('62', '44', '684', '9', '徽州区', '1');
INSERT INTO `mc_district` VALUES ('63', '44', '684', '9', '歙　县', '1');
INSERT INTO `mc_district` VALUES ('64', '44', '684', '9', '休宁县', '1');
INSERT INTO `mc_district` VALUES ('65', '44', '684', '9', '黟　县', '1');
INSERT INTO `mc_district` VALUES ('66', '44', '684', '9', '祁门县', '1');
INSERT INTO `mc_district` VALUES ('68', '44', '684', '10', '琅琊区', '1');
INSERT INTO `mc_district` VALUES ('69', '44', '684', '10', '南谯区', '1');
INSERT INTO `mc_district` VALUES ('70', '44', '684', '10', '来安县', '1');
INSERT INTO `mc_district` VALUES ('71', '44', '684', '10', '全椒县', '1');
INSERT INTO `mc_district` VALUES ('72', '44', '684', '10', '定远县', '1');
INSERT INTO `mc_district` VALUES ('73', '44', '684', '10', '凤阳县', '1');
INSERT INTO `mc_district` VALUES ('74', '44', '684', '10', '天长市', '1');
INSERT INTO `mc_district` VALUES ('75', '44', '684', '10', '明光市', '1');
INSERT INTO `mc_district` VALUES ('77', '44', '684', '11', '颍州区', '1');
INSERT INTO `mc_district` VALUES ('78', '44', '684', '11', '颍东区', '1');
INSERT INTO `mc_district` VALUES ('79', '44', '684', '11', '颍泉区', '1');
INSERT INTO `mc_district` VALUES ('80', '44', '684', '11', '临泉县', '1');
INSERT INTO `mc_district` VALUES ('81', '44', '684', '11', '太和县', '1');
INSERT INTO `mc_district` VALUES ('82', '44', '684', '11', '阜南县', '1');
INSERT INTO `mc_district` VALUES ('83', '44', '684', '11', '颍上县', '1');
INSERT INTO `mc_district` VALUES ('84', '44', '684', '11', '界首市', '1');
INSERT INTO `mc_district` VALUES ('86', '44', '684', '12', '墉桥区', '1');
INSERT INTO `mc_district` VALUES ('87', '44', '684', '12', '砀山县', '1');
INSERT INTO `mc_district` VALUES ('88', '44', '684', '12', '萧　县', '1');
INSERT INTO `mc_district` VALUES ('89', '44', '684', '12', '灵璧县', '1');
INSERT INTO `mc_district` VALUES ('90', '44', '684', '12', '泗　县', '1');
INSERT INTO `mc_district` VALUES ('92', '44', '684', '13', '居巢区', '1');
INSERT INTO `mc_district` VALUES ('93', '44', '684', '13', '庐江县', '1');
INSERT INTO `mc_district` VALUES ('94', '44', '684', '13', '无为县', '1');
INSERT INTO `mc_district` VALUES ('95', '44', '684', '13', '含山县', '1');
INSERT INTO `mc_district` VALUES ('96', '44', '684', '13', '和　县', '1');
INSERT INTO `mc_district` VALUES ('98', '44', '684', '14', '金安区', '1');
INSERT INTO `mc_district` VALUES ('99', '44', '684', '14', '裕安区', '1');
INSERT INTO `mc_district` VALUES ('100', '44', '684', '14', '寿　县', '1');
INSERT INTO `mc_district` VALUES ('101', '44', '684', '14', '霍邱县', '1');
INSERT INTO `mc_district` VALUES ('102', '44', '684', '14', '舒城县', '1');
INSERT INTO `mc_district` VALUES ('103', '44', '684', '14', '金寨县', '1');
INSERT INTO `mc_district` VALUES ('104', '44', '684', '14', '霍山县', '1');
INSERT INTO `mc_district` VALUES ('106', '44', '684', '15', '谯城区', '1');
INSERT INTO `mc_district` VALUES ('107', '44', '684', '15', '涡阳县', '1');
INSERT INTO `mc_district` VALUES ('108', '44', '684', '15', '蒙城县', '1');
INSERT INTO `mc_district` VALUES ('109', '44', '684', '15', '利辛县', '1');
INSERT INTO `mc_district` VALUES ('111', '44', '684', '16', '贵池区', '1');
INSERT INTO `mc_district` VALUES ('112', '44', '684', '16', '东至县', '1');
INSERT INTO `mc_district` VALUES ('113', '44', '684', '16', '石台县', '1');
INSERT INTO `mc_district` VALUES ('114', '44', '684', '16', '青阳县', '1');
INSERT INTO `mc_district` VALUES ('116', '44', '684', '17', '宣州区', '1');
INSERT INTO `mc_district` VALUES ('117', '44', '684', '17', '郎溪县', '1');
INSERT INTO `mc_district` VALUES ('118', '44', '684', '17', '广德县', '1');
INSERT INTO `mc_district` VALUES ('119', '44', '684', '17', '泾　县', '1');
INSERT INTO `mc_district` VALUES ('120', '44', '684', '17', '绩溪县', '1');
INSERT INTO `mc_district` VALUES ('121', '44', '684', '17', '旌德县', '1');
INSERT INTO `mc_district` VALUES ('122', '44', '684', '17', '宁国市', '1');
INSERT INTO `mc_district` VALUES ('123', '44', '685', '18', '东城区', '1');
INSERT INTO `mc_district` VALUES ('124', '44', '685', '18', '西城区', '1');
INSERT INTO `mc_district` VALUES ('125', '44', '685', '18', '崇文区', '1');
INSERT INTO `mc_district` VALUES ('126', '44', '685', '18', '宣武区', '1');
INSERT INTO `mc_district` VALUES ('127', '44', '685', '18', '朝阳区', '1');
INSERT INTO `mc_district` VALUES ('128', '44', '685', '18', '丰台区', '1');
INSERT INTO `mc_district` VALUES ('129', '44', '685', '18', '石景山区', '1');
INSERT INTO `mc_district` VALUES ('130', '44', '685', '18', '海淀区', '1');
INSERT INTO `mc_district` VALUES ('131', '44', '685', '18', '门头沟区', '1');
INSERT INTO `mc_district` VALUES ('132', '44', '685', '18', '房山区', '1');
INSERT INTO `mc_district` VALUES ('133', '44', '685', '18', '通州区', '1');
INSERT INTO `mc_district` VALUES ('134', '44', '685', '18', '顺义区', '1');
INSERT INTO `mc_district` VALUES ('135', '44', '685', '18', '昌平区', '1');
INSERT INTO `mc_district` VALUES ('136', '44', '685', '18', '大兴区', '1');
INSERT INTO `mc_district` VALUES ('137', '44', '685', '18', '怀柔区', '1');
INSERT INTO `mc_district` VALUES ('138', '44', '685', '18', '平谷区', '1');
INSERT INTO `mc_district` VALUES ('139', '44', '686', '19', '万州区', '1');
INSERT INTO `mc_district` VALUES ('140', '44', '686', '19', '涪陵区', '1');
INSERT INTO `mc_district` VALUES ('141', '44', '686', '19', '渝中区', '1');
INSERT INTO `mc_district` VALUES ('142', '44', '686', '19', '大渡口区', '1');
INSERT INTO `mc_district` VALUES ('143', '44', '686', '19', '江北区', '1');
INSERT INTO `mc_district` VALUES ('144', '44', '686', '19', '沙坪坝区', '1');
INSERT INTO `mc_district` VALUES ('145', '44', '686', '19', '九龙坡区', '1');
INSERT INTO `mc_district` VALUES ('146', '44', '686', '19', '南岸区', '1');
INSERT INTO `mc_district` VALUES ('147', '44', '686', '19', '北碚区', '1');
INSERT INTO `mc_district` VALUES ('148', '44', '686', '19', '万盛区', '1');
INSERT INTO `mc_district` VALUES ('149', '44', '686', '19', '双桥区', '1');
INSERT INTO `mc_district` VALUES ('150', '44', '686', '19', '渝北区', '1');
INSERT INTO `mc_district` VALUES ('151', '44', '686', '19', '巴南区', '1');
INSERT INTO `mc_district` VALUES ('152', '44', '686', '19', '黔江区', '1');
INSERT INTO `mc_district` VALUES ('153', '44', '686', '19', '长寿区', '1');
INSERT INTO `mc_district` VALUES ('154', '44', '686', '20', '綦江县', '1');
INSERT INTO `mc_district` VALUES ('155', '44', '686', '20', '潼南县', '1');
INSERT INTO `mc_district` VALUES ('156', '44', '686', '20', '铜梁县', '1');
INSERT INTO `mc_district` VALUES ('157', '44', '686', '20', '大足县', '1');
INSERT INTO `mc_district` VALUES ('158', '44', '686', '20', '荣昌县', '1');
INSERT INTO `mc_district` VALUES ('159', '44', '686', '20', '璧山县', '1');
INSERT INTO `mc_district` VALUES ('160', '44', '686', '20', '梁平县', '1');
INSERT INTO `mc_district` VALUES ('161', '44', '686', '20', '城口县', '1');
INSERT INTO `mc_district` VALUES ('162', '44', '686', '20', '丰都县', '1');
INSERT INTO `mc_district` VALUES ('163', '44', '686', '20', '垫江县', '1');
INSERT INTO `mc_district` VALUES ('164', '44', '686', '20', '武隆县', '1');
INSERT INTO `mc_district` VALUES ('165', '44', '686', '20', '忠　县', '1');
INSERT INTO `mc_district` VALUES ('166', '44', '686', '20', '开　县', '1');
INSERT INTO `mc_district` VALUES ('167', '44', '686', '20', '云阳县', '1');
INSERT INTO `mc_district` VALUES ('168', '44', '686', '20', '奉节县', '1');
INSERT INTO `mc_district` VALUES ('169', '44', '686', '20', '巫山县', '1');
INSERT INTO `mc_district` VALUES ('170', '44', '686', '20', '巫溪县', '1');
INSERT INTO `mc_district` VALUES ('171', '44', '686', '20', '石柱土家族自治县', '1');
INSERT INTO `mc_district` VALUES ('172', '44', '686', '20', '秀山土家族苗族自治县', '1');
INSERT INTO `mc_district` VALUES ('173', '44', '686', '20', '酉阳土家族苗族自治县', '1');
INSERT INTO `mc_district` VALUES ('174', '44', '686', '20', '彭水苗族土家族自治县', '1');
INSERT INTO `mc_district` VALUES ('175', '44', '686', '21', '江津市', '1');
INSERT INTO `mc_district` VALUES ('176', '44', '686', '21', '合川市', '1');
INSERT INTO `mc_district` VALUES ('177', '44', '686', '21', '永川市', '1');
INSERT INTO `mc_district` VALUES ('178', '44', '686', '21', '南川市', '1');
INSERT INTO `mc_district` VALUES ('180', '44', '687', '22', '鼓楼区', '1');
INSERT INTO `mc_district` VALUES ('181', '44', '687', '22', '台江区', '1');
INSERT INTO `mc_district` VALUES ('182', '44', '687', '22', '仓山区', '1');
INSERT INTO `mc_district` VALUES ('183', '44', '687', '22', '马尾区', '1');
INSERT INTO `mc_district` VALUES ('184', '44', '687', '22', '晋安区', '1');
INSERT INTO `mc_district` VALUES ('185', '44', '687', '22', '闽侯县', '1');
INSERT INTO `mc_district` VALUES ('186', '44', '687', '22', '连江县', '1');
INSERT INTO `mc_district` VALUES ('187', '44', '687', '22', '罗源县', '1');
INSERT INTO `mc_district` VALUES ('188', '44', '687', '22', '闽清县', '1');
INSERT INTO `mc_district` VALUES ('189', '44', '687', '22', '永泰县', '1');
INSERT INTO `mc_district` VALUES ('190', '44', '687', '22', '平潭县', '1');
INSERT INTO `mc_district` VALUES ('191', '44', '687', '22', '福清市', '1');
INSERT INTO `mc_district` VALUES ('192', '44', '687', '22', '长乐市', '1');
INSERT INTO `mc_district` VALUES ('194', '44', '687', '23', '思明区', '1');
INSERT INTO `mc_district` VALUES ('195', '44', '687', '23', '海沧区', '1');
INSERT INTO `mc_district` VALUES ('196', '44', '687', '23', '湖里区', '1');
INSERT INTO `mc_district` VALUES ('197', '44', '687', '23', '集美区', '1');
INSERT INTO `mc_district` VALUES ('198', '44', '687', '23', '同安区', '1');
INSERT INTO `mc_district` VALUES ('199', '44', '687', '23', '翔安区', '1');
INSERT INTO `mc_district` VALUES ('201', '44', '687', '24', '城厢区', '1');
INSERT INTO `mc_district` VALUES ('202', '44', '687', '24', '涵江区', '1');
INSERT INTO `mc_district` VALUES ('203', '44', '687', '24', '荔城区', '1');
INSERT INTO `mc_district` VALUES ('204', '44', '687', '24', '秀屿区', '1');
INSERT INTO `mc_district` VALUES ('205', '44', '687', '24', '仙游县', '1');
INSERT INTO `mc_district` VALUES ('207', '44', '687', '25', '梅列区', '1');
INSERT INTO `mc_district` VALUES ('208', '44', '687', '25', '三元区', '1');
INSERT INTO `mc_district` VALUES ('209', '44', '687', '25', '明溪县', '1');
INSERT INTO `mc_district` VALUES ('210', '44', '687', '25', '清流县', '1');
INSERT INTO `mc_district` VALUES ('211', '44', '687', '25', '宁化县', '1');
INSERT INTO `mc_district` VALUES ('212', '44', '687', '25', '大田县', '1');
INSERT INTO `mc_district` VALUES ('213', '44', '687', '25', '尤溪县', '1');
INSERT INTO `mc_district` VALUES ('214', '44', '687', '25', '沙　县', '1');
INSERT INTO `mc_district` VALUES ('215', '44', '687', '25', '将乐县', '1');
INSERT INTO `mc_district` VALUES ('216', '44', '687', '25', '泰宁县', '1');
INSERT INTO `mc_district` VALUES ('217', '44', '687', '25', '建宁县', '1');
INSERT INTO `mc_district` VALUES ('218', '44', '687', '25', '永安市', '1');
INSERT INTO `mc_district` VALUES ('220', '44', '687', '26', '鲤城区', '1');
INSERT INTO `mc_district` VALUES ('221', '44', '687', '26', '丰泽区', '1');
INSERT INTO `mc_district` VALUES ('222', '44', '687', '26', '洛江区', '1');
INSERT INTO `mc_district` VALUES ('223', '44', '687', '26', '泉港区', '1');
INSERT INTO `mc_district` VALUES ('224', '44', '687', '26', '惠安县', '1');
INSERT INTO `mc_district` VALUES ('225', '44', '687', '26', '安溪县', '1');
INSERT INTO `mc_district` VALUES ('226', '44', '687', '26', '永春县', '1');
INSERT INTO `mc_district` VALUES ('227', '44', '687', '26', '德化县', '1');
INSERT INTO `mc_district` VALUES ('228', '44', '687', '26', '金门县', '1');
INSERT INTO `mc_district` VALUES ('229', '44', '687', '26', '石狮市', '1');
INSERT INTO `mc_district` VALUES ('230', '44', '687', '26', '晋江市', '1');
INSERT INTO `mc_district` VALUES ('231', '44', '687', '26', '南安市', '1');
INSERT INTO `mc_district` VALUES ('233', '44', '687', '27', '芗城区', '1');
INSERT INTO `mc_district` VALUES ('234', '44', '687', '27', '龙文区', '1');
INSERT INTO `mc_district` VALUES ('235', '44', '687', '27', '云霄县', '1');
INSERT INTO `mc_district` VALUES ('236', '44', '687', '27', '漳浦县', '1');
INSERT INTO `mc_district` VALUES ('237', '44', '687', '27', '诏安县', '1');
INSERT INTO `mc_district` VALUES ('238', '44', '687', '27', '长泰县', '1');
INSERT INTO `mc_district` VALUES ('239', '44', '687', '27', '东山县', '1');
INSERT INTO `mc_district` VALUES ('240', '44', '687', '27', '南靖县', '1');
INSERT INTO `mc_district` VALUES ('241', '44', '687', '27', '平和县', '1');
INSERT INTO `mc_district` VALUES ('242', '44', '687', '27', '华安县', '1');
INSERT INTO `mc_district` VALUES ('243', '44', '687', '27', '龙海市', '1');
INSERT INTO `mc_district` VALUES ('245', '44', '687', '28', '延平区', '1');
INSERT INTO `mc_district` VALUES ('246', '44', '687', '28', '顺昌县', '1');
INSERT INTO `mc_district` VALUES ('247', '44', '687', '28', '浦城县', '1');
INSERT INTO `mc_district` VALUES ('248', '44', '687', '28', '光泽县', '1');
INSERT INTO `mc_district` VALUES ('249', '44', '687', '28', '松溪县', '1');
INSERT INTO `mc_district` VALUES ('250', '44', '687', '28', '政和县', '1');
INSERT INTO `mc_district` VALUES ('251', '44', '687', '28', '邵武市', '1');
INSERT INTO `mc_district` VALUES ('252', '44', '687', '28', '武夷山市', '1');
INSERT INTO `mc_district` VALUES ('253', '44', '687', '28', '建瓯市', '1');
INSERT INTO `mc_district` VALUES ('254', '44', '687', '28', '建阳市', '1');
INSERT INTO `mc_district` VALUES ('256', '44', '687', '29', '新罗区', '1');
INSERT INTO `mc_district` VALUES ('257', '44', '687', '29', '长汀县', '1');
INSERT INTO `mc_district` VALUES ('258', '44', '687', '29', '永定县', '1');
INSERT INTO `mc_district` VALUES ('259', '44', '687', '29', '上杭县', '1');
INSERT INTO `mc_district` VALUES ('260', '44', '687', '29', '武平县', '1');
INSERT INTO `mc_district` VALUES ('261', '44', '687', '29', '连城县', '1');
INSERT INTO `mc_district` VALUES ('262', '44', '687', '29', '漳平市', '1');
INSERT INTO `mc_district` VALUES ('264', '44', '687', '30', '蕉城区', '1');
INSERT INTO `mc_district` VALUES ('265', '44', '687', '30', '霞浦县', '1');
INSERT INTO `mc_district` VALUES ('266', '44', '687', '30', '古田县', '1');
INSERT INTO `mc_district` VALUES ('267', '44', '687', '30', '屏南县', '1');
INSERT INTO `mc_district` VALUES ('268', '44', '687', '30', '寿宁县', '1');
INSERT INTO `mc_district` VALUES ('269', '44', '687', '30', '周宁县', '1');
INSERT INTO `mc_district` VALUES ('270', '44', '687', '30', '柘荣县', '1');
INSERT INTO `mc_district` VALUES ('271', '44', '687', '30', '福安市', '1');
INSERT INTO `mc_district` VALUES ('272', '44', '687', '30', '福鼎市', '1');
INSERT INTO `mc_district` VALUES ('274', '44', '688', '31', '城关区', '1');
INSERT INTO `mc_district` VALUES ('275', '44', '688', '31', '七里河区', '1');
INSERT INTO `mc_district` VALUES ('276', '44', '688', '31', '西固区', '1');
INSERT INTO `mc_district` VALUES ('277', '44', '688', '31', '安宁区', '1');
INSERT INTO `mc_district` VALUES ('278', '44', '688', '31', '红古区', '1');
INSERT INTO `mc_district` VALUES ('279', '44', '688', '31', '永登县', '1');
INSERT INTO `mc_district` VALUES ('280', '44', '688', '31', '皋兰县', '1');
INSERT INTO `mc_district` VALUES ('281', '44', '688', '31', '榆中县', '1');
INSERT INTO `mc_district` VALUES ('284', '44', '688', '33', '金川区', '1');
INSERT INTO `mc_district` VALUES ('285', '44', '688', '33', '永昌县', '1');
INSERT INTO `mc_district` VALUES ('287', '44', '688', '34', '白银区', '1');
INSERT INTO `mc_district` VALUES ('288', '44', '688', '34', '平川区', '1');
INSERT INTO `mc_district` VALUES ('289', '44', '688', '34', '靖远县', '1');
INSERT INTO `mc_district` VALUES ('290', '44', '688', '34', '会宁县', '1');
INSERT INTO `mc_district` VALUES ('291', '44', '688', '34', '景泰县', '1');
INSERT INTO `mc_district` VALUES ('293', '44', '688', '35', '秦城区', '1');
INSERT INTO `mc_district` VALUES ('294', '44', '688', '35', '北道区', '1');
INSERT INTO `mc_district` VALUES ('295', '44', '688', '35', '清水县', '1');
INSERT INTO `mc_district` VALUES ('296', '44', '688', '35', '秦安县', '1');
INSERT INTO `mc_district` VALUES ('297', '44', '688', '35', '甘谷县', '1');
INSERT INTO `mc_district` VALUES ('298', '44', '688', '35', '武山县', '1');
INSERT INTO `mc_district` VALUES ('299', '44', '688', '35', '张家川回族自治县', '1');
INSERT INTO `mc_district` VALUES ('301', '44', '688', '36', '凉州区', '1');
INSERT INTO `mc_district` VALUES ('302', '44', '688', '36', '民勤县', '1');
INSERT INTO `mc_district` VALUES ('303', '44', '688', '36', '古浪县', '1');
INSERT INTO `mc_district` VALUES ('304', '44', '688', '36', '天祝藏族自治县', '1');
INSERT INTO `mc_district` VALUES ('306', '44', '688', '37', '甘州区', '1');
INSERT INTO `mc_district` VALUES ('307', '44', '688', '37', '肃南裕固族自治县', '1');
INSERT INTO `mc_district` VALUES ('308', '44', '688', '37', '民乐县', '1');
INSERT INTO `mc_district` VALUES ('309', '44', '688', '37', '临泽县', '1');
INSERT INTO `mc_district` VALUES ('310', '44', '688', '37', '高台县', '1');
INSERT INTO `mc_district` VALUES ('311', '44', '688', '37', '山丹县', '1');
INSERT INTO `mc_district` VALUES ('313', '44', '688', '38', '崆峒区', '1');
INSERT INTO `mc_district` VALUES ('314', '44', '688', '38', '泾川县', '1');
INSERT INTO `mc_district` VALUES ('315', '44', '688', '38', '灵台县', '1');
INSERT INTO `mc_district` VALUES ('316', '44', '688', '38', '崇信县', '1');
INSERT INTO `mc_district` VALUES ('317', '44', '688', '38', '华亭县', '1');
INSERT INTO `mc_district` VALUES ('318', '44', '688', '38', '庄浪县', '1');
INSERT INTO `mc_district` VALUES ('319', '44', '688', '38', '静宁县', '1');
INSERT INTO `mc_district` VALUES ('321', '44', '688', '39', '肃州区', '1');
INSERT INTO `mc_district` VALUES ('322', '44', '688', '39', '金塔县', '1');
INSERT INTO `mc_district` VALUES ('323', '44', '688', '39', '安西县', '1');
INSERT INTO `mc_district` VALUES ('324', '44', '688', '39', '肃北蒙古族自治县', '1');
INSERT INTO `mc_district` VALUES ('325', '44', '688', '39', '阿克塞哈萨克族自治县', '1');
INSERT INTO `mc_district` VALUES ('326', '44', '688', '39', '玉门市', '1');
INSERT INTO `mc_district` VALUES ('327', '44', '688', '39', '敦煌市', '1');
INSERT INTO `mc_district` VALUES ('329', '44', '688', '40', '西峰区', '1');
INSERT INTO `mc_district` VALUES ('330', '44', '688', '40', '庆城县', '1');
INSERT INTO `mc_district` VALUES ('331', '44', '688', '40', '环　县', '1');
INSERT INTO `mc_district` VALUES ('332', '44', '688', '40', '华池县', '1');
INSERT INTO `mc_district` VALUES ('333', '44', '688', '40', '合水县', '1');
INSERT INTO `mc_district` VALUES ('334', '44', '688', '40', '正宁县', '1');
INSERT INTO `mc_district` VALUES ('335', '44', '688', '40', '宁　县', '1');
INSERT INTO `mc_district` VALUES ('336', '44', '688', '40', '镇原县', '1');
INSERT INTO `mc_district` VALUES ('338', '44', '688', '41', '安定区', '1');
INSERT INTO `mc_district` VALUES ('339', '44', '688', '41', '通渭县', '1');
INSERT INTO `mc_district` VALUES ('340', '44', '688', '41', '陇西县', '1');
INSERT INTO `mc_district` VALUES ('341', '44', '688', '41', '渭源县', '1');
INSERT INTO `mc_district` VALUES ('342', '44', '688', '41', '临洮县', '1');
INSERT INTO `mc_district` VALUES ('343', '44', '688', '41', '漳　县', '1');
INSERT INTO `mc_district` VALUES ('344', '44', '688', '41', '岷　县', '1');
INSERT INTO `mc_district` VALUES ('346', '44', '688', '42', '武都区', '1');
INSERT INTO `mc_district` VALUES ('347', '44', '688', '42', '成　县', '1');
INSERT INTO `mc_district` VALUES ('348', '44', '688', '42', '文　县', '1');
INSERT INTO `mc_district` VALUES ('349', '44', '688', '42', '宕昌县', '1');
INSERT INTO `mc_district` VALUES ('350', '44', '688', '42', '康　县', '1');
INSERT INTO `mc_district` VALUES ('351', '44', '688', '42', '西和县', '1');
INSERT INTO `mc_district` VALUES ('352', '44', '688', '42', '礼　县', '1');
INSERT INTO `mc_district` VALUES ('353', '44', '688', '42', '徽　县', '1');
INSERT INTO `mc_district` VALUES ('354', '44', '688', '42', '两当县', '1');
INSERT INTO `mc_district` VALUES ('355', '44', '688', '43', '临夏市', '1');
INSERT INTO `mc_district` VALUES ('356', '44', '688', '43', '临夏县', '1');
INSERT INTO `mc_district` VALUES ('357', '44', '688', '43', '康乐县', '1');
INSERT INTO `mc_district` VALUES ('358', '44', '688', '43', '永靖县', '1');
INSERT INTO `mc_district` VALUES ('359', '44', '688', '43', '广河县', '1');
INSERT INTO `mc_district` VALUES ('360', '44', '688', '43', '和政县', '1');
INSERT INTO `mc_district` VALUES ('361', '44', '688', '43', '东乡族自治县', '1');
INSERT INTO `mc_district` VALUES ('362', '44', '688', '43', '积石山保安族东乡族撒拉族自治县', '1');
INSERT INTO `mc_district` VALUES ('363', '44', '688', '44', '合作市', '1');
INSERT INTO `mc_district` VALUES ('364', '44', '688', '44', '临潭县', '1');
INSERT INTO `mc_district` VALUES ('365', '44', '688', '44', '卓尼县', '1');
INSERT INTO `mc_district` VALUES ('366', '44', '688', '44', '舟曲县', '1');
INSERT INTO `mc_district` VALUES ('367', '44', '688', '44', '迭部县', '1');
INSERT INTO `mc_district` VALUES ('368', '44', '688', '44', '玛曲县', '1');
INSERT INTO `mc_district` VALUES ('369', '44', '688', '44', '碌曲县', '1');
INSERT INTO `mc_district` VALUES ('370', '44', '688', '44', '夏河县', '1');
INSERT INTO `mc_district` VALUES ('372', '44', '689', '45', '东山区', '1');
INSERT INTO `mc_district` VALUES ('373', '44', '689', '45', '荔湾区', '1');
INSERT INTO `mc_district` VALUES ('374', '44', '689', '45', '越秀区', '1');
INSERT INTO `mc_district` VALUES ('375', '44', '689', '45', '海珠区', '1');
INSERT INTO `mc_district` VALUES ('376', '44', '689', '45', '天河区', '1');
INSERT INTO `mc_district` VALUES ('377', '44', '689', '45', '芳村区', '1');
INSERT INTO `mc_district` VALUES ('378', '44', '689', '45', '白云区', '1');
INSERT INTO `mc_district` VALUES ('379', '44', '689', '45', '黄埔区', '1');
INSERT INTO `mc_district` VALUES ('380', '44', '689', '45', '番禺区', '1');
INSERT INTO `mc_district` VALUES ('381', '44', '689', '45', '花都区', '1');
INSERT INTO `mc_district` VALUES ('382', '44', '689', '45', '增城市', '1');
INSERT INTO `mc_district` VALUES ('383', '44', '689', '45', '从化市', '1');
INSERT INTO `mc_district` VALUES ('385', '44', '689', '46', '武江区', '1');
INSERT INTO `mc_district` VALUES ('386', '44', '689', '46', '浈江区', '1');
INSERT INTO `mc_district` VALUES ('387', '44', '689', '46', '曲江区', '1');
INSERT INTO `mc_district` VALUES ('388', '44', '689', '46', '始兴县', '1');
INSERT INTO `mc_district` VALUES ('389', '44', '689', '46', '仁化县', '1');
INSERT INTO `mc_district` VALUES ('390', '44', '689', '46', '翁源县', '1');
INSERT INTO `mc_district` VALUES ('391', '44', '689', '46', '乳源瑶族自治县', '1');
INSERT INTO `mc_district` VALUES ('392', '44', '689', '46', '新丰县', '1');
INSERT INTO `mc_district` VALUES ('393', '44', '689', '46', '乐昌市', '1');
INSERT INTO `mc_district` VALUES ('394', '44', '689', '46', '南雄市', '1');
INSERT INTO `mc_district` VALUES ('396', '44', '689', '47', '罗湖区', '1');
INSERT INTO `mc_district` VALUES ('397', '44', '689', '47', '福田区', '1');
INSERT INTO `mc_district` VALUES ('398', '44', '689', '47', '南山区', '1');
INSERT INTO `mc_district` VALUES ('399', '44', '689', '47', '宝安区', '1');
INSERT INTO `mc_district` VALUES ('400', '44', '689', '47', '龙岗区', '1');
INSERT INTO `mc_district` VALUES ('401', '44', '689', '47', '盐田区', '1');
INSERT INTO `mc_district` VALUES ('403', '44', '689', '48', '香洲区', '1');
INSERT INTO `mc_district` VALUES ('404', '44', '689', '48', '斗门区', '1');
INSERT INTO `mc_district` VALUES ('405', '44', '689', '48', '金湾区', '1');
INSERT INTO `mc_district` VALUES ('407', '44', '689', '49', '龙湖区', '1');
INSERT INTO `mc_district` VALUES ('408', '44', '689', '49', '金平区', '1');
INSERT INTO `mc_district` VALUES ('409', '44', '689', '49', '濠江区', '1');
INSERT INTO `mc_district` VALUES ('410', '44', '689', '49', '潮阳区', '1');
INSERT INTO `mc_district` VALUES ('411', '44', '689', '49', '潮南区', '1');
INSERT INTO `mc_district` VALUES ('412', '44', '689', '49', '澄海区', '1');
INSERT INTO `mc_district` VALUES ('413', '44', '689', '49', '南澳县', '1');
INSERT INTO `mc_district` VALUES ('415', '44', '689', '50', '禅城区', '1');
INSERT INTO `mc_district` VALUES ('416', '44', '689', '50', '南海区', '1');
INSERT INTO `mc_district` VALUES ('417', '44', '689', '50', '顺德区', '1');
INSERT INTO `mc_district` VALUES ('418', '44', '689', '50', '三水区', '1');
INSERT INTO `mc_district` VALUES ('419', '44', '689', '50', '高明区', '1');
INSERT INTO `mc_district` VALUES ('421', '44', '689', '51', '蓬江区', '1');
INSERT INTO `mc_district` VALUES ('422', '44', '689', '51', '江海区', '1');
INSERT INTO `mc_district` VALUES ('423', '44', '689', '51', '新会区', '1');
INSERT INTO `mc_district` VALUES ('424', '44', '689', '51', '台山市', '1');
INSERT INTO `mc_district` VALUES ('425', '44', '689', '51', '开平市', '1');
INSERT INTO `mc_district` VALUES ('426', '44', '689', '51', '鹤山市', '1');
INSERT INTO `mc_district` VALUES ('427', '44', '689', '51', '恩平市', '1');
INSERT INTO `mc_district` VALUES ('429', '44', '689', '52', '赤坎区', '1');
INSERT INTO `mc_district` VALUES ('430', '44', '689', '52', '霞山区', '1');
INSERT INTO `mc_district` VALUES ('431', '44', '689', '52', '坡头区', '1');
INSERT INTO `mc_district` VALUES ('432', '44', '689', '52', '麻章区', '1');
INSERT INTO `mc_district` VALUES ('433', '44', '689', '52', '遂溪县', '1');
INSERT INTO `mc_district` VALUES ('434', '44', '689', '52', '徐闻县', '1');
INSERT INTO `mc_district` VALUES ('435', '44', '689', '52', '廉江市', '1');
INSERT INTO `mc_district` VALUES ('436', '44', '689', '52', '雷州市', '1');
INSERT INTO `mc_district` VALUES ('437', '44', '689', '52', '吴川市', '1');
INSERT INTO `mc_district` VALUES ('439', '44', '689', '53', '茂南区', '1');
INSERT INTO `mc_district` VALUES ('440', '44', '689', '53', '茂港区', '1');
INSERT INTO `mc_district` VALUES ('441', '44', '689', '53', '电白县', '1');
INSERT INTO `mc_district` VALUES ('442', '44', '689', '53', '高州市', '1');
INSERT INTO `mc_district` VALUES ('443', '44', '689', '53', '化州市', '1');
INSERT INTO `mc_district` VALUES ('444', '44', '689', '53', '信宜市', '1');
INSERT INTO `mc_district` VALUES ('446', '44', '689', '54', '端州区', '1');
INSERT INTO `mc_district` VALUES ('447', '44', '689', '54', '鼎湖区', '1');
INSERT INTO `mc_district` VALUES ('448', '44', '689', '54', '广宁县', '1');
INSERT INTO `mc_district` VALUES ('449', '44', '689', '54', '怀集县', '1');
INSERT INTO `mc_district` VALUES ('450', '44', '689', '54', '封开县', '1');
INSERT INTO `mc_district` VALUES ('451', '44', '689', '54', '德庆县', '1');
INSERT INTO `mc_district` VALUES ('452', '44', '689', '54', '高要市', '1');
INSERT INTO `mc_district` VALUES ('453', '44', '689', '54', '四会市', '1');
INSERT INTO `mc_district` VALUES ('455', '44', '689', '55', '惠城区', '1');
INSERT INTO `mc_district` VALUES ('456', '44', '689', '55', '惠阳区', '1');
INSERT INTO `mc_district` VALUES ('457', '44', '689', '55', '博罗县', '1');
INSERT INTO `mc_district` VALUES ('458', '44', '689', '55', '惠东县', '1');
INSERT INTO `mc_district` VALUES ('459', '44', '689', '55', '龙门县', '1');
INSERT INTO `mc_district` VALUES ('461', '44', '689', '56', '梅江区', '1');
INSERT INTO `mc_district` VALUES ('462', '44', '689', '56', '梅　县', '1');
INSERT INTO `mc_district` VALUES ('463', '44', '689', '56', '大埔县', '1');
INSERT INTO `mc_district` VALUES ('464', '44', '689', '56', '丰顺县', '1');
INSERT INTO `mc_district` VALUES ('465', '44', '689', '56', '五华县', '1');
INSERT INTO `mc_district` VALUES ('466', '44', '689', '56', '平远县', '1');
INSERT INTO `mc_district` VALUES ('467', '44', '689', '56', '蕉岭县', '1');
INSERT INTO `mc_district` VALUES ('468', '44', '689', '56', '兴宁市', '1');
INSERT INTO `mc_district` VALUES ('470', '44', '689', '57', '城　区', '1');
INSERT INTO `mc_district` VALUES ('471', '44', '689', '57', '海丰县', '1');
INSERT INTO `mc_district` VALUES ('472', '44', '689', '57', '陆河县', '1');
INSERT INTO `mc_district` VALUES ('473', '44', '689', '57', '陆丰市', '1');
INSERT INTO `mc_district` VALUES ('475', '44', '689', '58', '源城区', '1');
INSERT INTO `mc_district` VALUES ('476', '44', '689', '58', '紫金县', '1');
INSERT INTO `mc_district` VALUES ('477', '44', '689', '58', '龙川县', '1');
INSERT INTO `mc_district` VALUES ('478', '44', '689', '58', '连平县', '1');
INSERT INTO `mc_district` VALUES ('479', '44', '689', '58', '和平县', '1');
INSERT INTO `mc_district` VALUES ('480', '44', '689', '58', '东源县', '1');
INSERT INTO `mc_district` VALUES ('482', '44', '689', '59', '江城区', '1');
INSERT INTO `mc_district` VALUES ('483', '44', '689', '59', '阳西县', '1');
INSERT INTO `mc_district` VALUES ('484', '44', '689', '59', '阳东县', '1');
INSERT INTO `mc_district` VALUES ('485', '44', '689', '59', '阳春市', '1');
INSERT INTO `mc_district` VALUES ('487', '44', '689', '60', '清城区', '1');
INSERT INTO `mc_district` VALUES ('488', '44', '689', '60', '佛冈县', '1');
INSERT INTO `mc_district` VALUES ('489', '44', '689', '60', '阳山县', '1');
INSERT INTO `mc_district` VALUES ('490', '44', '689', '60', '连山壮族瑶族自治县', '1');
INSERT INTO `mc_district` VALUES ('491', '44', '689', '60', '连南瑶族自治县', '1');
INSERT INTO `mc_district` VALUES ('492', '44', '689', '60', '清新县', '1');
INSERT INTO `mc_district` VALUES ('493', '44', '689', '60', '英德市', '1');
INSERT INTO `mc_district` VALUES ('494', '44', '689', '60', '连州市', '1');
INSERT INTO `mc_district` VALUES ('496', '44', '689', '63', '湘桥区', '1');
INSERT INTO `mc_district` VALUES ('497', '44', '689', '63', '潮安县', '1');
INSERT INTO `mc_district` VALUES ('498', '44', '689', '63', '饶平县', '1');
INSERT INTO `mc_district` VALUES ('500', '44', '689', '64', '榕城区', '1');
INSERT INTO `mc_district` VALUES ('501', '44', '689', '64', '揭东县', '1');
INSERT INTO `mc_district` VALUES ('502', '44', '689', '64', '揭西县', '1');
INSERT INTO `mc_district` VALUES ('503', '44', '689', '64', '惠来县', '1');
INSERT INTO `mc_district` VALUES ('504', '44', '689', '64', '普宁市', '1');
INSERT INTO `mc_district` VALUES ('506', '44', '689', '65', '云城区', '1');
INSERT INTO `mc_district` VALUES ('507', '44', '689', '65', '新兴县', '1');
INSERT INTO `mc_district` VALUES ('508', '44', '689', '65', '郁南县', '1');
INSERT INTO `mc_district` VALUES ('509', '44', '689', '65', '云安县', '1');
INSERT INTO `mc_district` VALUES ('510', '44', '689', '65', '罗定市', '1');
INSERT INTO `mc_district` VALUES ('512', '44', '690', '66', '兴宁区', '1');
INSERT INTO `mc_district` VALUES ('513', '44', '690', '66', '青秀区', '1');
INSERT INTO `mc_district` VALUES ('514', '44', '690', '66', '江南区', '1');
INSERT INTO `mc_district` VALUES ('515', '44', '690', '66', '西乡塘区', '1');
INSERT INTO `mc_district` VALUES ('516', '44', '690', '66', '良庆区', '1');
INSERT INTO `mc_district` VALUES ('517', '44', '690', '66', '邕宁区', '1');
INSERT INTO `mc_district` VALUES ('518', '44', '690', '66', '武鸣县', '1');
INSERT INTO `mc_district` VALUES ('519', '44', '690', '66', '隆安县', '1');
INSERT INTO `mc_district` VALUES ('520', '44', '690', '66', '马山县', '1');
INSERT INTO `mc_district` VALUES ('521', '44', '690', '66', '上林县', '1');
INSERT INTO `mc_district` VALUES ('522', '44', '690', '66', '宾阳县', '1');
INSERT INTO `mc_district` VALUES ('523', '44', '690', '66', '横　县', '1');
INSERT INTO `mc_district` VALUES ('525', '44', '690', '67', '城中区', '1');
INSERT INTO `mc_district` VALUES ('526', '44', '690', '67', '鱼峰区', '1');
INSERT INTO `mc_district` VALUES ('527', '44', '690', '67', '柳南区', '1');
INSERT INTO `mc_district` VALUES ('528', '44', '690', '67', '柳北区', '1');
INSERT INTO `mc_district` VALUES ('529', '44', '690', '67', '柳江县', '1');
INSERT INTO `mc_district` VALUES ('530', '44', '690', '67', '柳城县', '1');
INSERT INTO `mc_district` VALUES ('531', '44', '690', '67', '鹿寨县', '1');
INSERT INTO `mc_district` VALUES ('532', '44', '690', '67', '融安县', '1');
INSERT INTO `mc_district` VALUES ('533', '44', '690', '67', '融水苗族自治县', '1');
INSERT INTO `mc_district` VALUES ('534', '44', '690', '67', '三江侗族自治县', '1');
INSERT INTO `mc_district` VALUES ('536', '44', '690', '68', '秀峰区', '1');
INSERT INTO `mc_district` VALUES ('537', '44', '690', '68', '叠彩区', '1');
INSERT INTO `mc_district` VALUES ('538', '44', '690', '68', '象山区', '1');
INSERT INTO `mc_district` VALUES ('539', '44', '690', '68', '七星区', '1');
INSERT INTO `mc_district` VALUES ('540', '44', '690', '68', '雁山区', '1');
INSERT INTO `mc_district` VALUES ('541', '44', '690', '68', '阳朔县', '1');
INSERT INTO `mc_district` VALUES ('542', '44', '690', '68', '临桂县', '1');
INSERT INTO `mc_district` VALUES ('543', '44', '690', '68', '灵川县', '1');
INSERT INTO `mc_district` VALUES ('544', '44', '690', '68', '全州县', '1');
INSERT INTO `mc_district` VALUES ('545', '44', '690', '68', '兴安县', '1');
INSERT INTO `mc_district` VALUES ('546', '44', '690', '68', '永福县', '1');
INSERT INTO `mc_district` VALUES ('547', '44', '690', '68', '灌阳县', '1');
INSERT INTO `mc_district` VALUES ('548', '44', '690', '68', '龙胜各族自治县', '1');
INSERT INTO `mc_district` VALUES ('549', '44', '690', '68', '资源县', '1');
INSERT INTO `mc_district` VALUES ('550', '44', '690', '68', '平乐县', '1');
INSERT INTO `mc_district` VALUES ('551', '44', '690', '68', '荔蒲县', '1');
INSERT INTO `mc_district` VALUES ('552', '44', '690', '68', '恭城瑶族自治县', '1');
INSERT INTO `mc_district` VALUES ('554', '44', '690', '69', '万秀区', '1');
INSERT INTO `mc_district` VALUES ('555', '44', '690', '69', '蝶山区', '1');
INSERT INTO `mc_district` VALUES ('556', '44', '690', '69', '长洲区', '1');
INSERT INTO `mc_district` VALUES ('557', '44', '690', '69', '苍梧县', '1');
INSERT INTO `mc_district` VALUES ('558', '44', '690', '69', '藤　县', '1');
INSERT INTO `mc_district` VALUES ('559', '44', '690', '69', '蒙山县', '1');
INSERT INTO `mc_district` VALUES ('560', '44', '690', '69', '岑溪市', '1');
INSERT INTO `mc_district` VALUES ('562', '44', '690', '70', '海城区', '1');
INSERT INTO `mc_district` VALUES ('563', '44', '690', '70', '银海区', '1');
INSERT INTO `mc_district` VALUES ('564', '44', '690', '70', '铁山港区', '1');
INSERT INTO `mc_district` VALUES ('565', '44', '690', '70', '合浦县', '1');
INSERT INTO `mc_district` VALUES ('567', '44', '690', '71', '港口区', '1');
INSERT INTO `mc_district` VALUES ('568', '44', '690', '71', '防城区', '1');
INSERT INTO `mc_district` VALUES ('569', '44', '690', '71', '上思县', '1');
INSERT INTO `mc_district` VALUES ('570', '44', '690', '71', '东兴市', '1');
INSERT INTO `mc_district` VALUES ('572', '44', '690', '72', '钦南区', '1');
INSERT INTO `mc_district` VALUES ('573', '44', '690', '72', '钦北区', '1');
INSERT INTO `mc_district` VALUES ('574', '44', '690', '72', '灵山县', '1');
INSERT INTO `mc_district` VALUES ('575', '44', '690', '72', '浦北县', '1');
INSERT INTO `mc_district` VALUES ('577', '44', '690', '73', '港北区', '1');
INSERT INTO `mc_district` VALUES ('578', '44', '690', '73', '港南区', '1');
INSERT INTO `mc_district` VALUES ('579', '44', '690', '73', '覃塘区', '1');
INSERT INTO `mc_district` VALUES ('580', '44', '690', '73', '平南县', '1');
INSERT INTO `mc_district` VALUES ('581', '44', '690', '73', '桂平市', '1');
INSERT INTO `mc_district` VALUES ('583', '44', '690', '74', '玉州区', '1');
INSERT INTO `mc_district` VALUES ('584', '44', '690', '74', '容　县', '1');
INSERT INTO `mc_district` VALUES ('585', '44', '690', '74', '陆川县', '1');
INSERT INTO `mc_district` VALUES ('586', '44', '690', '74', '博白县', '1');
INSERT INTO `mc_district` VALUES ('587', '44', '690', '74', '兴业县', '1');
INSERT INTO `mc_district` VALUES ('588', '44', '690', '74', '北流市', '1');
INSERT INTO `mc_district` VALUES ('590', '44', '690', '75', '右江区', '1');
INSERT INTO `mc_district` VALUES ('591', '44', '690', '75', '田阳县', '1');
INSERT INTO `mc_district` VALUES ('592', '44', '690', '75', '田东县', '1');
INSERT INTO `mc_district` VALUES ('593', '44', '690', '75', '平果县', '1');
INSERT INTO `mc_district` VALUES ('594', '44', '690', '75', '德保县', '1');
INSERT INTO `mc_district` VALUES ('595', '44', '690', '75', '靖西县', '1');
INSERT INTO `mc_district` VALUES ('596', '44', '690', '75', '那坡县', '1');
INSERT INTO `mc_district` VALUES ('597', '44', '690', '75', '凌云县', '1');
INSERT INTO `mc_district` VALUES ('598', '44', '690', '75', '乐业县', '1');
INSERT INTO `mc_district` VALUES ('599', '44', '690', '75', '田林县', '1');
INSERT INTO `mc_district` VALUES ('600', '44', '690', '75', '西林县', '1');
INSERT INTO `mc_district` VALUES ('601', '44', '690', '75', '隆林各族自治县', '1');
INSERT INTO `mc_district` VALUES ('603', '44', '690', '76', '八步区', '1');
INSERT INTO `mc_district` VALUES ('604', '44', '690', '76', '昭平县', '1');
INSERT INTO `mc_district` VALUES ('605', '44', '690', '76', '钟山县', '1');
INSERT INTO `mc_district` VALUES ('606', '44', '690', '76', '富川瑶族自治县', '1');
INSERT INTO `mc_district` VALUES ('608', '44', '690', '77', '金城江区', '1');
INSERT INTO `mc_district` VALUES ('609', '44', '690', '77', '南丹县', '1');
INSERT INTO `mc_district` VALUES ('610', '44', '690', '77', '天峨县', '1');
INSERT INTO `mc_district` VALUES ('611', '44', '690', '77', '凤山县', '1');
INSERT INTO `mc_district` VALUES ('612', '44', '690', '77', '东兰县', '1');
INSERT INTO `mc_district` VALUES ('613', '44', '690', '77', '罗城仫佬族自治县', '1');
INSERT INTO `mc_district` VALUES ('614', '44', '690', '77', '环江毛南族自治县', '1');
INSERT INTO `mc_district` VALUES ('615', '44', '690', '77', '巴马瑶族自治县', '1');
INSERT INTO `mc_district` VALUES ('616', '44', '690', '77', '都安瑶族自治县', '1');
INSERT INTO `mc_district` VALUES ('617', '44', '690', '77', '大化瑶族自治县', '1');
INSERT INTO `mc_district` VALUES ('618', '44', '690', '77', '宜州市', '1');
INSERT INTO `mc_district` VALUES ('620', '44', '690', '78', '兴宾区', '1');
INSERT INTO `mc_district` VALUES ('621', '44', '690', '78', '忻城县', '1');
INSERT INTO `mc_district` VALUES ('622', '44', '690', '78', '象州县', '1');
INSERT INTO `mc_district` VALUES ('623', '44', '690', '78', '武宣县', '1');
INSERT INTO `mc_district` VALUES ('624', '44', '690', '78', '金秀瑶族自治县', '1');
INSERT INTO `mc_district` VALUES ('625', '44', '690', '78', '合山市', '1');
INSERT INTO `mc_district` VALUES ('627', '44', '690', '79', '江洲区', '1');
INSERT INTO `mc_district` VALUES ('628', '44', '690', '79', '扶绥县', '1');
INSERT INTO `mc_district` VALUES ('629', '44', '690', '79', '宁明县', '1');
INSERT INTO `mc_district` VALUES ('630', '44', '690', '79', '龙州县', '1');
INSERT INTO `mc_district` VALUES ('631', '44', '690', '79', '大新县', '1');
INSERT INTO `mc_district` VALUES ('632', '44', '690', '79', '天等县', '1');
INSERT INTO `mc_district` VALUES ('633', '44', '690', '79', '凭祥市', '1');
INSERT INTO `mc_district` VALUES ('635', '44', '691', '80', '南明区', '1');
INSERT INTO `mc_district` VALUES ('636', '44', '691', '80', '云岩区', '1');
INSERT INTO `mc_district` VALUES ('637', '44', '691', '80', '花溪区', '1');
INSERT INTO `mc_district` VALUES ('638', '44', '691', '80', '乌当区', '1');
INSERT INTO `mc_district` VALUES ('639', '44', '691', '80', '白云区', '1');
INSERT INTO `mc_district` VALUES ('640', '44', '691', '80', '小河区', '1');
INSERT INTO `mc_district` VALUES ('641', '44', '691', '80', '开阳县', '1');
INSERT INTO `mc_district` VALUES ('642', '44', '691', '80', '息烽县', '1');
INSERT INTO `mc_district` VALUES ('643', '44', '691', '80', '修文县', '1');
INSERT INTO `mc_district` VALUES ('644', '44', '691', '80', '清镇市', '1');
INSERT INTO `mc_district` VALUES ('645', '44', '691', '81', '钟山区', '1');
INSERT INTO `mc_district` VALUES ('646', '44', '691', '81', '六枝特区', '1');
INSERT INTO `mc_district` VALUES ('647', '44', '691', '81', '水城县', '1');
INSERT INTO `mc_district` VALUES ('648', '44', '691', '81', '盘　县', '1');
INSERT INTO `mc_district` VALUES ('650', '44', '691', '82', '红花岗区', '1');
INSERT INTO `mc_district` VALUES ('651', '44', '691', '82', '汇川区', '1');
INSERT INTO `mc_district` VALUES ('652', '44', '691', '82', '遵义县', '1');
INSERT INTO `mc_district` VALUES ('653', '44', '691', '82', '桐梓县', '1');
INSERT INTO `mc_district` VALUES ('654', '44', '691', '82', '绥阳县', '1');
INSERT INTO `mc_district` VALUES ('655', '44', '691', '82', '正安县', '1');
INSERT INTO `mc_district` VALUES ('656', '44', '691', '82', '道真仡佬族苗族自治县', '1');
INSERT INTO `mc_district` VALUES ('657', '44', '691', '82', '务川仡佬族苗族自治县', '1');
INSERT INTO `mc_district` VALUES ('658', '44', '691', '82', '凤冈县', '1');
INSERT INTO `mc_district` VALUES ('659', '44', '691', '82', '湄潭县', '1');
INSERT INTO `mc_district` VALUES ('660', '44', '691', '82', '余庆县', '1');
INSERT INTO `mc_district` VALUES ('661', '44', '691', '82', '习水县', '1');
INSERT INTO `mc_district` VALUES ('662', '44', '691', '82', '赤水市', '1');
INSERT INTO `mc_district` VALUES ('663', '44', '691', '82', '仁怀市', '1');
INSERT INTO `mc_district` VALUES ('665', '44', '691', '83', '西秀区', '1');
INSERT INTO `mc_district` VALUES ('666', '44', '691', '83', '平坝县', '1');
INSERT INTO `mc_district` VALUES ('667', '44', '691', '83', '普定县', '1');
INSERT INTO `mc_district` VALUES ('668', '44', '691', '83', '镇宁布依族苗族自治县', '1');
INSERT INTO `mc_district` VALUES ('669', '44', '691', '83', '关岭布依族苗族自治县', '1');
INSERT INTO `mc_district` VALUES ('670', '44', '691', '83', '紫云苗族布依族自治县', '1');
INSERT INTO `mc_district` VALUES ('671', '44', '691', '84', '铜仁市', '1');
INSERT INTO `mc_district` VALUES ('672', '44', '691', '84', '江口县', '1');
INSERT INTO `mc_district` VALUES ('673', '44', '691', '84', '玉屏侗族自治县', '1');
INSERT INTO `mc_district` VALUES ('674', '44', '691', '84', '石阡县', '1');
INSERT INTO `mc_district` VALUES ('675', '44', '691', '84', '思南县', '1');
INSERT INTO `mc_district` VALUES ('676', '44', '691', '84', '印江土家族苗族自治县', '1');
INSERT INTO `mc_district` VALUES ('677', '44', '691', '84', '德江县', '1');
INSERT INTO `mc_district` VALUES ('678', '44', '691', '84', '沿河土家族自治县', '1');
INSERT INTO `mc_district` VALUES ('679', '44', '691', '84', '松桃苗族自治县', '1');
INSERT INTO `mc_district` VALUES ('680', '44', '691', '84', '万山特区', '1');
INSERT INTO `mc_district` VALUES ('681', '44', '691', '85', '兴义市', '1');
INSERT INTO `mc_district` VALUES ('682', '44', '691', '85', '兴仁县', '1');
INSERT INTO `mc_district` VALUES ('683', '44', '691', '85', '普安县', '1');
INSERT INTO `mc_district` VALUES ('684', '44', '691', '85', '晴隆县', '1');
INSERT INTO `mc_district` VALUES ('685', '44', '691', '85', '贞丰县', '1');
INSERT INTO `mc_district` VALUES ('686', '44', '691', '85', '望谟县', '1');
INSERT INTO `mc_district` VALUES ('687', '44', '691', '85', '册亨县', '1');
INSERT INTO `mc_district` VALUES ('688', '44', '691', '85', '安龙县', '1');
INSERT INTO `mc_district` VALUES ('689', '44', '691', '86', '毕节市', '1');
INSERT INTO `mc_district` VALUES ('690', '44', '691', '86', '大方县', '1');
INSERT INTO `mc_district` VALUES ('691', '44', '691', '86', '黔西县', '1');
INSERT INTO `mc_district` VALUES ('692', '44', '691', '86', '金沙县', '1');
INSERT INTO `mc_district` VALUES ('693', '44', '691', '86', '织金县', '1');
INSERT INTO `mc_district` VALUES ('694', '44', '691', '86', '纳雍县', '1');
INSERT INTO `mc_district` VALUES ('695', '44', '691', '86', '威宁彝族回族苗族自治县', '1');
INSERT INTO `mc_district` VALUES ('696', '44', '691', '86', '赫章县', '1');
INSERT INTO `mc_district` VALUES ('697', '44', '691', '87', '凯里市', '1');
INSERT INTO `mc_district` VALUES ('698', '44', '691', '87', '黄平县', '1');
INSERT INTO `mc_district` VALUES ('699', '44', '691', '87', '施秉县', '1');
INSERT INTO `mc_district` VALUES ('700', '44', '691', '87', '三穗县', '1');
INSERT INTO `mc_district` VALUES ('701', '44', '691', '87', '镇远县', '1');
INSERT INTO `mc_district` VALUES ('702', '44', '691', '87', '岑巩县', '1');
INSERT INTO `mc_district` VALUES ('703', '44', '691', '87', '天柱县', '1');
INSERT INTO `mc_district` VALUES ('704', '44', '691', '87', '锦屏县', '1');
INSERT INTO `mc_district` VALUES ('705', '44', '691', '87', '剑河县', '1');
INSERT INTO `mc_district` VALUES ('706', '44', '691', '87', '台江县', '1');
INSERT INTO `mc_district` VALUES ('707', '44', '691', '87', '黎平县', '1');
INSERT INTO `mc_district` VALUES ('708', '44', '691', '87', '榕江县', '1');
INSERT INTO `mc_district` VALUES ('709', '44', '691', '87', '从江县', '1');
INSERT INTO `mc_district` VALUES ('710', '44', '691', '87', '雷山县', '1');
INSERT INTO `mc_district` VALUES ('711', '44', '691', '87', '麻江县', '1');
INSERT INTO `mc_district` VALUES ('712', '44', '691', '87', '丹寨县', '1');
INSERT INTO `mc_district` VALUES ('713', '44', '691', '88', '都匀市', '1');
INSERT INTO `mc_district` VALUES ('714', '44', '691', '88', '福泉市', '1');
INSERT INTO `mc_district` VALUES ('715', '44', '691', '88', '荔波县', '1');
INSERT INTO `mc_district` VALUES ('716', '44', '691', '88', '贵定县', '1');
INSERT INTO `mc_district` VALUES ('717', '44', '691', '88', '瓮安县', '1');
INSERT INTO `mc_district` VALUES ('718', '44', '691', '88', '独山县', '1');
INSERT INTO `mc_district` VALUES ('719', '44', '691', '88', '平塘县', '1');
INSERT INTO `mc_district` VALUES ('720', '44', '691', '88', '罗甸县', '1');
INSERT INTO `mc_district` VALUES ('721', '44', '691', '88', '长顺县', '1');
INSERT INTO `mc_district` VALUES ('722', '44', '691', '88', '龙里县', '1');
INSERT INTO `mc_district` VALUES ('723', '44', '691', '88', '惠水县', '1');
INSERT INTO `mc_district` VALUES ('724', '44', '691', '88', '三都水族自治县', '1');
INSERT INTO `mc_district` VALUES ('726', '44', '692', '89', '秀英区', '1');
INSERT INTO `mc_district` VALUES ('727', '44', '692', '89', '龙华区', '1');
INSERT INTO `mc_district` VALUES ('728', '44', '692', '89', '琼山区', '1');
INSERT INTO `mc_district` VALUES ('729', '44', '692', '89', '美兰区', '1');
INSERT INTO `mc_district` VALUES ('731', '44', '692', '91', '五指山市', '1');
INSERT INTO `mc_district` VALUES ('732', '44', '692', '91', '琼海市', '1');
INSERT INTO `mc_district` VALUES ('733', '44', '692', '91', '儋州市', '1');
INSERT INTO `mc_district` VALUES ('734', '44', '692', '91', '文昌市', '1');
INSERT INTO `mc_district` VALUES ('735', '44', '692', '91', '万宁市', '1');
INSERT INTO `mc_district` VALUES ('736', '44', '692', '91', '东方市', '1');
INSERT INTO `mc_district` VALUES ('737', '44', '692', '91', '定安县', '1');
INSERT INTO `mc_district` VALUES ('738', '44', '692', '91', '屯昌县', '1');
INSERT INTO `mc_district` VALUES ('739', '44', '692', '91', '澄迈县', '1');
INSERT INTO `mc_district` VALUES ('740', '44', '692', '91', '临高县', '1');
INSERT INTO `mc_district` VALUES ('741', '44', '692', '91', '白沙黎族自治县', '1');
INSERT INTO `mc_district` VALUES ('742', '44', '692', '91', '昌江黎族自治县', '1');
INSERT INTO `mc_district` VALUES ('743', '44', '692', '91', '乐东黎族自治县', '1');
INSERT INTO `mc_district` VALUES ('744', '44', '692', '91', '陵水黎族自治县', '1');
INSERT INTO `mc_district` VALUES ('745', '44', '692', '91', '保亭黎族苗族自治县', '1');
INSERT INTO `mc_district` VALUES ('746', '44', '692', '91', '琼中黎族苗族自治县', '1');
INSERT INTO `mc_district` VALUES ('747', '44', '692', '91', '西沙群岛', '1');
INSERT INTO `mc_district` VALUES ('748', '44', '692', '91', '南沙群岛', '1');
INSERT INTO `mc_district` VALUES ('749', '44', '692', '91', '中沙群岛的岛礁及其海域', '1');
INSERT INTO `mc_district` VALUES ('751', '44', '693', '92', '长安区', '1');
INSERT INTO `mc_district` VALUES ('752', '44', '693', '92', '桥东区', '1');
INSERT INTO `mc_district` VALUES ('753', '44', '693', '92', '桥西区', '1');
INSERT INTO `mc_district` VALUES ('754', '44', '693', '92', '新华区', '1');
INSERT INTO `mc_district` VALUES ('755', '44', '693', '92', '井陉矿区', '1');
INSERT INTO `mc_district` VALUES ('756', '44', '693', '92', '裕华区', '1');
INSERT INTO `mc_district` VALUES ('757', '44', '693', '92', '井陉县', '1');
INSERT INTO `mc_district` VALUES ('758', '44', '693', '92', '正定县', '1');
INSERT INTO `mc_district` VALUES ('759', '44', '693', '92', '栾城县', '1');
INSERT INTO `mc_district` VALUES ('760', '44', '693', '92', '行唐县', '1');
INSERT INTO `mc_district` VALUES ('761', '44', '693', '92', '灵寿县', '1');
INSERT INTO `mc_district` VALUES ('762', '44', '693', '92', '高邑县', '1');
INSERT INTO `mc_district` VALUES ('763', '44', '693', '92', '深泽县', '1');
INSERT INTO `mc_district` VALUES ('764', '44', '693', '92', '赞皇县', '1');
INSERT INTO `mc_district` VALUES ('765', '44', '693', '92', '无极县', '1');
INSERT INTO `mc_district` VALUES ('766', '44', '693', '92', '平山县', '1');
INSERT INTO `mc_district` VALUES ('767', '44', '693', '92', '元氏县', '1');
INSERT INTO `mc_district` VALUES ('768', '44', '693', '92', '赵　县', '1');
INSERT INTO `mc_district` VALUES ('769', '44', '693', '92', '辛集市', '1');
INSERT INTO `mc_district` VALUES ('770', '44', '693', '92', '藁城市', '1');
INSERT INTO `mc_district` VALUES ('771', '44', '693', '92', '晋州市', '1');
INSERT INTO `mc_district` VALUES ('772', '44', '693', '92', '新乐市', '1');
INSERT INTO `mc_district` VALUES ('773', '44', '693', '92', '鹿泉市', '1');
INSERT INTO `mc_district` VALUES ('775', '44', '693', '93', '路南区', '1');
INSERT INTO `mc_district` VALUES ('776', '44', '693', '93', '路北区', '1');
INSERT INTO `mc_district` VALUES ('777', '44', '693', '93', '古冶区', '1');
INSERT INTO `mc_district` VALUES ('778', '44', '693', '93', '开平区', '1');
INSERT INTO `mc_district` VALUES ('779', '44', '693', '93', '丰南区', '1');
INSERT INTO `mc_district` VALUES ('780', '44', '693', '93', '丰润区', '1');
INSERT INTO `mc_district` VALUES ('781', '44', '693', '93', '滦　县', '1');
INSERT INTO `mc_district` VALUES ('782', '44', '693', '93', '滦南县', '1');
INSERT INTO `mc_district` VALUES ('783', '44', '693', '93', '乐亭县', '1');
INSERT INTO `mc_district` VALUES ('784', '44', '693', '93', '迁西县', '1');
INSERT INTO `mc_district` VALUES ('785', '44', '693', '93', '玉田县', '1');
INSERT INTO `mc_district` VALUES ('786', '44', '693', '93', '唐海县', '1');
INSERT INTO `mc_district` VALUES ('787', '44', '693', '93', '遵化市', '1');
INSERT INTO `mc_district` VALUES ('788', '44', '693', '93', '迁安市', '1');
INSERT INTO `mc_district` VALUES ('790', '44', '693', '94', '海港区', '1');
INSERT INTO `mc_district` VALUES ('791', '44', '693', '94', '山海关区', '1');
INSERT INTO `mc_district` VALUES ('792', '44', '693', '94', '北戴河区', '1');
INSERT INTO `mc_district` VALUES ('793', '44', '693', '94', '青龙满族自治县', '1');
INSERT INTO `mc_district` VALUES ('794', '44', '693', '94', '昌黎县', '1');
INSERT INTO `mc_district` VALUES ('795', '44', '693', '94', '抚宁县', '1');
INSERT INTO `mc_district` VALUES ('796', '44', '693', '94', '卢龙县', '1');
INSERT INTO `mc_district` VALUES ('798', '44', '693', '95', '邯山区', '1');
INSERT INTO `mc_district` VALUES ('799', '44', '693', '95', '丛台区', '1');
INSERT INTO `mc_district` VALUES ('800', '44', '693', '95', '复兴区', '1');
INSERT INTO `mc_district` VALUES ('801', '44', '693', '95', '峰峰矿区', '1');
INSERT INTO `mc_district` VALUES ('802', '44', '693', '95', '邯郸县', '1');
INSERT INTO `mc_district` VALUES ('803', '44', '693', '95', '临漳县', '1');
INSERT INTO `mc_district` VALUES ('804', '44', '693', '95', '成安县', '1');
INSERT INTO `mc_district` VALUES ('805', '44', '693', '95', '大名县', '1');
INSERT INTO `mc_district` VALUES ('806', '44', '693', '95', '涉　县', '1');
INSERT INTO `mc_district` VALUES ('807', '44', '693', '95', '磁　县', '1');
INSERT INTO `mc_district` VALUES ('808', '44', '693', '95', '肥乡县', '1');
INSERT INTO `mc_district` VALUES ('809', '44', '693', '95', '永年县', '1');
INSERT INTO `mc_district` VALUES ('810', '44', '693', '95', '邱　县', '1');
INSERT INTO `mc_district` VALUES ('811', '44', '693', '95', '鸡泽县', '1');
INSERT INTO `mc_district` VALUES ('812', '44', '693', '95', '广平县', '1');
INSERT INTO `mc_district` VALUES ('813', '44', '693', '95', '馆陶县', '1');
INSERT INTO `mc_district` VALUES ('814', '44', '693', '95', '魏　县', '1');
INSERT INTO `mc_district` VALUES ('815', '44', '693', '95', '曲周县', '1');
INSERT INTO `mc_district` VALUES ('816', '44', '693', '95', '武安市', '1');
INSERT INTO `mc_district` VALUES ('818', '44', '693', '96', '桥东区', '1');
INSERT INTO `mc_district` VALUES ('819', '44', '693', '96', '桥西区', '1');
INSERT INTO `mc_district` VALUES ('820', '44', '693', '96', '邢台县', '1');
INSERT INTO `mc_district` VALUES ('821', '44', '693', '96', '临城县', '1');
INSERT INTO `mc_district` VALUES ('822', '44', '693', '96', '内丘县', '1');
INSERT INTO `mc_district` VALUES ('823', '44', '693', '96', '柏乡县', '1');
INSERT INTO `mc_district` VALUES ('824', '44', '693', '96', '隆尧县', '1');
INSERT INTO `mc_district` VALUES ('825', '44', '693', '96', '任　县', '1');
INSERT INTO `mc_district` VALUES ('826', '44', '693', '96', '南和县', '1');
INSERT INTO `mc_district` VALUES ('827', '44', '693', '96', '宁晋县', '1');
INSERT INTO `mc_district` VALUES ('828', '44', '693', '96', '巨鹿县', '1');
INSERT INTO `mc_district` VALUES ('829', '44', '693', '96', '新河县', '1');
INSERT INTO `mc_district` VALUES ('830', '44', '693', '96', '广宗县', '1');
INSERT INTO `mc_district` VALUES ('831', '44', '693', '96', '平乡县', '1');
INSERT INTO `mc_district` VALUES ('832', '44', '693', '96', '威　县', '1');
INSERT INTO `mc_district` VALUES ('833', '44', '693', '96', '清河县', '1');
INSERT INTO `mc_district` VALUES ('834', '44', '693', '96', '临西县', '1');
INSERT INTO `mc_district` VALUES ('835', '44', '693', '96', '南宫市', '1');
INSERT INTO `mc_district` VALUES ('836', '44', '693', '96', '沙河市', '1');
INSERT INTO `mc_district` VALUES ('838', '44', '693', '97', '新市区', '1');
INSERT INTO `mc_district` VALUES ('839', '44', '693', '97', '北市区', '1');
INSERT INTO `mc_district` VALUES ('840', '44', '693', '97', '南市区', '1');
INSERT INTO `mc_district` VALUES ('841', '44', '693', '97', '满城县', '1');
INSERT INTO `mc_district` VALUES ('842', '44', '693', '97', '清苑县', '1');
INSERT INTO `mc_district` VALUES ('843', '44', '693', '97', '涞水县', '1');
INSERT INTO `mc_district` VALUES ('844', '44', '693', '97', '阜平县', '1');
INSERT INTO `mc_district` VALUES ('845', '44', '693', '97', '徐水县', '1');
INSERT INTO `mc_district` VALUES ('846', '44', '693', '97', '定兴县', '1');
INSERT INTO `mc_district` VALUES ('847', '44', '693', '97', '唐　县', '1');
INSERT INTO `mc_district` VALUES ('848', '44', '693', '97', '高阳县', '1');
INSERT INTO `mc_district` VALUES ('849', '44', '693', '97', '容城县', '1');
INSERT INTO `mc_district` VALUES ('850', '44', '693', '97', '涞源县', '1');
INSERT INTO `mc_district` VALUES ('851', '44', '693', '97', '望都县', '1');
INSERT INTO `mc_district` VALUES ('852', '44', '693', '97', '安新县', '1');
INSERT INTO `mc_district` VALUES ('853', '44', '693', '97', '易　县', '1');
INSERT INTO `mc_district` VALUES ('854', '44', '693', '97', '曲阳县', '1');
INSERT INTO `mc_district` VALUES ('855', '44', '693', '97', '蠡　县', '1');
INSERT INTO `mc_district` VALUES ('856', '44', '693', '97', '顺平县', '1');
INSERT INTO `mc_district` VALUES ('857', '44', '693', '97', '博野县', '1');
INSERT INTO `mc_district` VALUES ('858', '44', '693', '97', '雄　县', '1');
INSERT INTO `mc_district` VALUES ('859', '44', '693', '97', '涿州市', '1');
INSERT INTO `mc_district` VALUES ('860', '44', '693', '97', '定州市', '1');
INSERT INTO `mc_district` VALUES ('861', '44', '693', '97', '安国市', '1');
INSERT INTO `mc_district` VALUES ('862', '44', '693', '97', '高碑店市', '1');
INSERT INTO `mc_district` VALUES ('864', '44', '693', '98', '桥东区', '1');
INSERT INTO `mc_district` VALUES ('865', '44', '693', '98', '桥西区', '1');
INSERT INTO `mc_district` VALUES ('866', '44', '693', '98', '宣化区', '1');
INSERT INTO `mc_district` VALUES ('867', '44', '693', '98', '下花园区', '1');
INSERT INTO `mc_district` VALUES ('868', '44', '693', '98', '宣化县', '1');
INSERT INTO `mc_district` VALUES ('869', '44', '693', '98', '张北县', '1');
INSERT INTO `mc_district` VALUES ('870', '44', '693', '98', '康保县', '1');
INSERT INTO `mc_district` VALUES ('871', '44', '693', '98', '沽源县', '1');
INSERT INTO `mc_district` VALUES ('872', '44', '693', '98', '尚义县', '1');
INSERT INTO `mc_district` VALUES ('873', '44', '693', '98', '蔚　县', '1');
INSERT INTO `mc_district` VALUES ('874', '44', '693', '98', '阳原县', '1');
INSERT INTO `mc_district` VALUES ('875', '44', '693', '98', '怀安县', '1');
INSERT INTO `mc_district` VALUES ('876', '44', '693', '98', '万全县', '1');
INSERT INTO `mc_district` VALUES ('877', '44', '693', '98', '怀来县', '1');
INSERT INTO `mc_district` VALUES ('878', '44', '693', '98', '涿鹿县', '1');
INSERT INTO `mc_district` VALUES ('879', '44', '693', '98', '赤城县', '1');
INSERT INTO `mc_district` VALUES ('880', '44', '693', '98', '崇礼县', '1');
INSERT INTO `mc_district` VALUES ('882', '44', '693', '99', '双桥区', '1');
INSERT INTO `mc_district` VALUES ('883', '44', '693', '99', '双滦区', '1');
INSERT INTO `mc_district` VALUES ('884', '44', '693', '99', '鹰手营子矿区', '1');
INSERT INTO `mc_district` VALUES ('885', '44', '693', '99', '承德县', '1');
INSERT INTO `mc_district` VALUES ('886', '44', '693', '99', '兴隆县', '1');
INSERT INTO `mc_district` VALUES ('887', '44', '693', '99', '平泉县', '1');
INSERT INTO `mc_district` VALUES ('888', '44', '693', '99', '滦平县', '1');
INSERT INTO `mc_district` VALUES ('889', '44', '693', '99', '隆化县', '1');
INSERT INTO `mc_district` VALUES ('890', '44', '693', '99', '丰宁满族自治县', '1');
INSERT INTO `mc_district` VALUES ('891', '44', '693', '99', '宽城满族自治县', '1');
INSERT INTO `mc_district` VALUES ('892', '44', '693', '99', '围场满族蒙古族自治县', '1');
INSERT INTO `mc_district` VALUES ('894', '44', '693', '100', '新华区', '1');
INSERT INTO `mc_district` VALUES ('895', '44', '693', '100', '运河区', '1');
INSERT INTO `mc_district` VALUES ('896', '44', '693', '100', '沧　县', '1');
INSERT INTO `mc_district` VALUES ('897', '44', '693', '100', '青　县', '1');
INSERT INTO `mc_district` VALUES ('898', '44', '693', '100', '东光县', '1');
INSERT INTO `mc_district` VALUES ('899', '44', '693', '100', '海兴县', '1');
INSERT INTO `mc_district` VALUES ('900', '44', '693', '100', '盐山县', '1');
INSERT INTO `mc_district` VALUES ('901', '44', '693', '100', '肃宁县', '1');
INSERT INTO `mc_district` VALUES ('902', '44', '693', '100', '南皮县', '1');
INSERT INTO `mc_district` VALUES ('903', '44', '693', '100', '吴桥县', '1');
INSERT INTO `mc_district` VALUES ('904', '44', '693', '100', '献　县', '1');
INSERT INTO `mc_district` VALUES ('905', '44', '693', '100', '孟村回族自治县', '1');
INSERT INTO `mc_district` VALUES ('906', '44', '693', '100', '泊头市', '1');
INSERT INTO `mc_district` VALUES ('907', '44', '693', '100', '任丘市', '1');
INSERT INTO `mc_district` VALUES ('908', '44', '693', '100', '黄骅市', '1');
INSERT INTO `mc_district` VALUES ('909', '44', '693', '100', '河间市', '1');
INSERT INTO `mc_district` VALUES ('911', '44', '693', '101', '安次区', '1');
INSERT INTO `mc_district` VALUES ('912', '44', '693', '101', '广阳区', '1');
INSERT INTO `mc_district` VALUES ('913', '44', '693', '101', '固安县', '1');
INSERT INTO `mc_district` VALUES ('914', '44', '693', '101', '永清县', '1');
INSERT INTO `mc_district` VALUES ('915', '44', '693', '101', '香河县', '1');
INSERT INTO `mc_district` VALUES ('916', '44', '693', '101', '大城县', '1');
INSERT INTO `mc_district` VALUES ('917', '44', '693', '101', '文安县', '1');
INSERT INTO `mc_district` VALUES ('918', '44', '693', '101', '大厂回族自治县', '1');
INSERT INTO `mc_district` VALUES ('919', '44', '693', '101', '霸州市', '1');
INSERT INTO `mc_district` VALUES ('920', '44', '693', '101', '三河市', '1');
INSERT INTO `mc_district` VALUES ('922', '44', '693', '102', '桃城区', '1');
INSERT INTO `mc_district` VALUES ('923', '44', '693', '102', '枣强县', '1');
INSERT INTO `mc_district` VALUES ('924', '44', '693', '102', '武邑县', '1');
INSERT INTO `mc_district` VALUES ('925', '44', '693', '102', '武强县', '1');
INSERT INTO `mc_district` VALUES ('926', '44', '693', '102', '饶阳县', '1');
INSERT INTO `mc_district` VALUES ('927', '44', '693', '102', '安平县', '1');
INSERT INTO `mc_district` VALUES ('928', '44', '693', '102', '故城县', '1');
INSERT INTO `mc_district` VALUES ('929', '44', '693', '102', '景　县', '1');
INSERT INTO `mc_district` VALUES ('930', '44', '693', '102', '阜城县', '1');
INSERT INTO `mc_district` VALUES ('931', '44', '693', '102', '冀州市', '1');
INSERT INTO `mc_district` VALUES ('932', '44', '693', '102', '深州市', '1');
INSERT INTO `mc_district` VALUES ('934', '44', '694', '103', '道里区', '1');
INSERT INTO `mc_district` VALUES ('935', '44', '694', '103', '南岗区', '1');
INSERT INTO `mc_district` VALUES ('936', '44', '694', '103', '道外区', '1');
INSERT INTO `mc_district` VALUES ('937', '44', '694', '103', '香坊区', '1');
INSERT INTO `mc_district` VALUES ('938', '44', '694', '103', '动力区', '1');
INSERT INTO `mc_district` VALUES ('939', '44', '694', '103', '平房区', '1');
INSERT INTO `mc_district` VALUES ('940', '44', '694', '103', '松北区', '1');
INSERT INTO `mc_district` VALUES ('941', '44', '694', '103', '呼兰区', '1');
INSERT INTO `mc_district` VALUES ('942', '44', '694', '103', '依兰县', '1');
INSERT INTO `mc_district` VALUES ('943', '44', '694', '103', '方正县', '1');
INSERT INTO `mc_district` VALUES ('944', '44', '694', '103', '宾　县', '1');
INSERT INTO `mc_district` VALUES ('945', '44', '694', '103', '巴彦县', '1');
INSERT INTO `mc_district` VALUES ('946', '44', '694', '103', '木兰县', '1');
INSERT INTO `mc_district` VALUES ('947', '44', '694', '103', '通河县', '1');
INSERT INTO `mc_district` VALUES ('948', '44', '694', '103', '延寿县', '1');
INSERT INTO `mc_district` VALUES ('949', '44', '694', '103', '阿城市', '1');
INSERT INTO `mc_district` VALUES ('950', '44', '694', '103', '双城市', '1');
INSERT INTO `mc_district` VALUES ('951', '44', '694', '103', '尚志市', '1');
INSERT INTO `mc_district` VALUES ('952', '44', '694', '103', '五常市', '1');
INSERT INTO `mc_district` VALUES ('954', '44', '694', '104', '龙沙区', '1');
INSERT INTO `mc_district` VALUES ('955', '44', '694', '104', '建华区', '1');
INSERT INTO `mc_district` VALUES ('956', '44', '694', '104', '铁锋区', '1');
INSERT INTO `mc_district` VALUES ('957', '44', '694', '104', '昂昂溪区', '1');
INSERT INTO `mc_district` VALUES ('958', '44', '694', '104', '富拉尔基区', '1');
INSERT INTO `mc_district` VALUES ('959', '44', '694', '104', '碾子山区', '1');
INSERT INTO `mc_district` VALUES ('960', '44', '694', '104', '梅里斯达斡尔族区', '1');
INSERT INTO `mc_district` VALUES ('961', '44', '694', '104', '龙江县', '1');
INSERT INTO `mc_district` VALUES ('962', '44', '694', '104', '依安县', '1');
INSERT INTO `mc_district` VALUES ('963', '44', '694', '104', '泰来县', '1');
INSERT INTO `mc_district` VALUES ('964', '44', '694', '104', '甘南县', '1');
INSERT INTO `mc_district` VALUES ('965', '44', '694', '104', '富裕县', '1');
INSERT INTO `mc_district` VALUES ('966', '44', '694', '104', '克山县', '1');
INSERT INTO `mc_district` VALUES ('967', '44', '694', '104', '克东县', '1');
INSERT INTO `mc_district` VALUES ('968', '44', '694', '104', '拜泉县', '1');
INSERT INTO `mc_district` VALUES ('969', '44', '694', '104', '讷河市', '1');
INSERT INTO `mc_district` VALUES ('971', '44', '694', '105', '鸡冠区', '1');
INSERT INTO `mc_district` VALUES ('972', '44', '694', '105', '恒山区', '1');
INSERT INTO `mc_district` VALUES ('973', '44', '694', '105', '滴道区', '1');
INSERT INTO `mc_district` VALUES ('974', '44', '694', '105', '梨树区', '1');
INSERT INTO `mc_district` VALUES ('975', '44', '694', '105', '城子河区', '1');
INSERT INTO `mc_district` VALUES ('976', '44', '694', '105', '麻山区', '1');
INSERT INTO `mc_district` VALUES ('977', '44', '694', '105', '鸡东县', '1');
INSERT INTO `mc_district` VALUES ('978', '44', '694', '105', '虎林市', '1');
INSERT INTO `mc_district` VALUES ('979', '44', '694', '105', '密山市', '1');
INSERT INTO `mc_district` VALUES ('981', '44', '694', '106', '向阳区', '1');
INSERT INTO `mc_district` VALUES ('982', '44', '694', '106', '工农区', '1');
INSERT INTO `mc_district` VALUES ('983', '44', '694', '106', '南山区', '1');
INSERT INTO `mc_district` VALUES ('984', '44', '694', '106', '兴安区', '1');
INSERT INTO `mc_district` VALUES ('985', '44', '694', '106', '东山区', '1');
INSERT INTO `mc_district` VALUES ('986', '44', '694', '106', '兴山区', '1');
INSERT INTO `mc_district` VALUES ('987', '44', '694', '106', '萝北县', '1');
INSERT INTO `mc_district` VALUES ('988', '44', '694', '106', '绥滨县', '1');
INSERT INTO `mc_district` VALUES ('990', '44', '694', '107', '尖山区', '1');
INSERT INTO `mc_district` VALUES ('991', '44', '694', '107', '岭东区', '1');
INSERT INTO `mc_district` VALUES ('992', '44', '694', '107', '四方台区', '1');
INSERT INTO `mc_district` VALUES ('993', '44', '694', '107', '宝山区', '1');
INSERT INTO `mc_district` VALUES ('994', '44', '694', '107', '集贤县', '1');
INSERT INTO `mc_district` VALUES ('995', '44', '694', '107', '友谊县', '1');
INSERT INTO `mc_district` VALUES ('996', '44', '694', '107', '宝清县', '1');
INSERT INTO `mc_district` VALUES ('997', '44', '694', '107', '饶河县', '1');
INSERT INTO `mc_district` VALUES ('999', '44', '694', '108', '萨尔图区', '1');
INSERT INTO `mc_district` VALUES ('1000', '44', '694', '108', '龙凤区', '1');
INSERT INTO `mc_district` VALUES ('1001', '44', '694', '108', '让胡路区', '1');
INSERT INTO `mc_district` VALUES ('1002', '44', '694', '108', '红岗区', '1');
INSERT INTO `mc_district` VALUES ('1003', '44', '694', '108', '大同区', '1');
INSERT INTO `mc_district` VALUES ('1004', '44', '694', '108', '肇州县', '1');
INSERT INTO `mc_district` VALUES ('1005', '44', '694', '108', '肇源县', '1');
INSERT INTO `mc_district` VALUES ('1006', '44', '694', '108', '林甸县', '1');
INSERT INTO `mc_district` VALUES ('1007', '44', '694', '108', '杜尔伯特蒙古族自治县', '1');
INSERT INTO `mc_district` VALUES ('1009', '44', '694', '109', '伊春区', '1');
INSERT INTO `mc_district` VALUES ('1010', '44', '694', '109', '南岔区', '1');
INSERT INTO `mc_district` VALUES ('1011', '44', '694', '109', '友好区', '1');
INSERT INTO `mc_district` VALUES ('1012', '44', '694', '109', '西林区', '1');
INSERT INTO `mc_district` VALUES ('1013', '44', '694', '109', '翠峦区', '1');
INSERT INTO `mc_district` VALUES ('1014', '44', '694', '109', '新青区', '1');
INSERT INTO `mc_district` VALUES ('1015', '44', '694', '109', '美溪区', '1');
INSERT INTO `mc_district` VALUES ('1016', '44', '694', '109', '金山屯区', '1');
INSERT INTO `mc_district` VALUES ('1017', '44', '694', '109', '五营区', '1');
INSERT INTO `mc_district` VALUES ('1018', '44', '694', '109', '乌马河区', '1');
INSERT INTO `mc_district` VALUES ('1019', '44', '694', '109', '汤旺河区', '1');
INSERT INTO `mc_district` VALUES ('1020', '44', '694', '109', '带岭区', '1');
INSERT INTO `mc_district` VALUES ('1021', '44', '694', '109', '乌伊岭区', '1');
INSERT INTO `mc_district` VALUES ('1022', '44', '694', '109', '红星区', '1');
INSERT INTO `mc_district` VALUES ('1023', '44', '694', '109', '上甘岭区', '1');
INSERT INTO `mc_district` VALUES ('1024', '44', '694', '109', '嘉荫县', '1');
INSERT INTO `mc_district` VALUES ('1025', '44', '694', '109', '铁力市', '1');
INSERT INTO `mc_district` VALUES ('1027', '44', '694', '110', '永红区', '1');
INSERT INTO `mc_district` VALUES ('1028', '44', '694', '110', '向阳区', '1');
INSERT INTO `mc_district` VALUES ('1029', '44', '694', '110', '前进区', '1');
INSERT INTO `mc_district` VALUES ('1030', '44', '694', '110', '东风区', '1');
INSERT INTO `mc_district` VALUES ('1031', '44', '694', '110', '郊　区', '1');
INSERT INTO `mc_district` VALUES ('1032', '44', '694', '110', '桦南县', '1');
INSERT INTO `mc_district` VALUES ('1033', '44', '694', '110', '桦川县', '1');
INSERT INTO `mc_district` VALUES ('1034', '44', '694', '110', '汤原县', '1');
INSERT INTO `mc_district` VALUES ('1035', '44', '694', '110', '抚远县', '1');
INSERT INTO `mc_district` VALUES ('1036', '44', '694', '110', '同江市', '1');
INSERT INTO `mc_district` VALUES ('1037', '44', '694', '110', '富锦市', '1');
INSERT INTO `mc_district` VALUES ('1039', '44', '694', '111', '新兴区', '1');
INSERT INTO `mc_district` VALUES ('1040', '44', '694', '111', '桃山区', '1');
INSERT INTO `mc_district` VALUES ('1041', '44', '694', '111', '茄子河区', '1');
INSERT INTO `mc_district` VALUES ('1042', '44', '694', '111', '勃利县', '1');
INSERT INTO `mc_district` VALUES ('1044', '44', '694', '112', '东安区', '1');
INSERT INTO `mc_district` VALUES ('1045', '44', '694', '112', '阳明区', '1');
INSERT INTO `mc_district` VALUES ('1046', '44', '694', '112', '爱民区', '1');
INSERT INTO `mc_district` VALUES ('1047', '44', '694', '112', '西安区', '1');
INSERT INTO `mc_district` VALUES ('1048', '44', '694', '112', '东宁县', '1');
INSERT INTO `mc_district` VALUES ('1049', '44', '694', '112', '林口县', '1');
INSERT INTO `mc_district` VALUES ('1050', '44', '694', '112', '绥芬河市', '1');
INSERT INTO `mc_district` VALUES ('1051', '44', '694', '112', '海林市', '1');
INSERT INTO `mc_district` VALUES ('1052', '44', '694', '112', '宁安市', '1');
INSERT INTO `mc_district` VALUES ('1053', '44', '694', '112', '穆棱市', '1');
INSERT INTO `mc_district` VALUES ('1055', '44', '694', '113', '爱辉区', '1');
INSERT INTO `mc_district` VALUES ('1056', '44', '694', '113', '嫩江县', '1');
INSERT INTO `mc_district` VALUES ('1057', '44', '694', '113', '逊克县', '1');
INSERT INTO `mc_district` VALUES ('1058', '44', '694', '113', '孙吴县', '1');
INSERT INTO `mc_district` VALUES ('1059', '44', '694', '113', '北安市', '1');
INSERT INTO `mc_district` VALUES ('1060', '44', '694', '113', '五大连池市', '1');
INSERT INTO `mc_district` VALUES ('1062', '44', '694', '114', '北林区', '1');
INSERT INTO `mc_district` VALUES ('1063', '44', '694', '114', '望奎县', '1');
INSERT INTO `mc_district` VALUES ('1064', '44', '694', '114', '兰西县', '1');
INSERT INTO `mc_district` VALUES ('1065', '44', '694', '114', '青冈县', '1');
INSERT INTO `mc_district` VALUES ('1066', '44', '694', '114', '庆安县', '1');
INSERT INTO `mc_district` VALUES ('1067', '44', '694', '114', '明水县', '1');
INSERT INTO `mc_district` VALUES ('1068', '44', '694', '114', '绥棱县', '1');
INSERT INTO `mc_district` VALUES ('1069', '44', '694', '114', '安达市', '1');
INSERT INTO `mc_district` VALUES ('1070', '44', '694', '114', '肇东市', '1');
INSERT INTO `mc_district` VALUES ('1071', '44', '694', '114', '海伦市', '1');
INSERT INTO `mc_district` VALUES ('1072', '44', '694', '115', '呼玛县', '1');
INSERT INTO `mc_district` VALUES ('1073', '44', '694', '115', '塔河县', '1');
INSERT INTO `mc_district` VALUES ('1074', '44', '694', '115', '漠河县', '1');
INSERT INTO `mc_district` VALUES ('1076', '44', '695', '116', '中原区', '1');
INSERT INTO `mc_district` VALUES ('1077', '44', '695', '116', '二七区', '1');
INSERT INTO `mc_district` VALUES ('1078', '44', '695', '116', '管城回族区', '1');
INSERT INTO `mc_district` VALUES ('1079', '44', '695', '116', '金水区', '1');
INSERT INTO `mc_district` VALUES ('1080', '44', '695', '116', '上街区', '1');
INSERT INTO `mc_district` VALUES ('1081', '44', '695', '116', '邙山区', '1');
INSERT INTO `mc_district` VALUES ('1082', '44', '695', '116', '中牟县', '1');
INSERT INTO `mc_district` VALUES ('1083', '44', '695', '116', '巩义市', '1');
INSERT INTO `mc_district` VALUES ('1084', '44', '695', '116', '荥阳市', '1');
INSERT INTO `mc_district` VALUES ('1085', '44', '695', '116', '新密市', '1');
INSERT INTO `mc_district` VALUES ('1086', '44', '695', '116', '新郑市', '1');
INSERT INTO `mc_district` VALUES ('1087', '44', '695', '116', '登封市', '1');
INSERT INTO `mc_district` VALUES ('1089', '44', '695', '117', '龙亭区', '1');
INSERT INTO `mc_district` VALUES ('1090', '44', '695', '117', '顺河回族区', '1');
INSERT INTO `mc_district` VALUES ('1091', '44', '695', '117', '鼓楼区', '1');
INSERT INTO `mc_district` VALUES ('1092', '44', '695', '117', '南关区', '1');
INSERT INTO `mc_district` VALUES ('1093', '44', '695', '117', '郊　区', '1');
INSERT INTO `mc_district` VALUES ('1094', '44', '695', '117', '杞　县', '1');
INSERT INTO `mc_district` VALUES ('1095', '44', '695', '117', '通许县', '1');
INSERT INTO `mc_district` VALUES ('1096', '44', '695', '117', '尉氏县', '1');
INSERT INTO `mc_district` VALUES ('1097', '44', '695', '117', '开封县', '1');
INSERT INTO `mc_district` VALUES ('1098', '44', '695', '117', '兰考县', '1');
INSERT INTO `mc_district` VALUES ('1100', '44', '695', '118', '老城区', '1');
INSERT INTO `mc_district` VALUES ('1101', '44', '695', '118', '西工区', '1');
INSERT INTO `mc_district` VALUES ('1102', '44', '695', '118', '廛河回族区', '1');
INSERT INTO `mc_district` VALUES ('1103', '44', '695', '118', '涧西区', '1');
INSERT INTO `mc_district` VALUES ('1104', '44', '695', '118', '吉利区', '1');
INSERT INTO `mc_district` VALUES ('1105', '44', '695', '118', '洛龙区', '1');
INSERT INTO `mc_district` VALUES ('1106', '44', '695', '118', '孟津县', '1');
INSERT INTO `mc_district` VALUES ('1107', '44', '695', '118', '新安县', '1');
INSERT INTO `mc_district` VALUES ('1108', '44', '695', '118', '栾川县', '1');
INSERT INTO `mc_district` VALUES ('1109', '44', '695', '118', '嵩　县', '1');
INSERT INTO `mc_district` VALUES ('1110', '44', '695', '118', '汝阳县', '1');
INSERT INTO `mc_district` VALUES ('1111', '44', '695', '118', '宜阳县', '1');
INSERT INTO `mc_district` VALUES ('1112', '44', '695', '118', '洛宁县', '1');
INSERT INTO `mc_district` VALUES ('1113', '44', '695', '118', '伊川县', '1');
INSERT INTO `mc_district` VALUES ('1114', '44', '695', '118', '偃师市', '1');
INSERT INTO `mc_district` VALUES ('1116', '44', '695', '119', '新华区', '1');
INSERT INTO `mc_district` VALUES ('1117', '44', '695', '119', '卫东区', '1');
INSERT INTO `mc_district` VALUES ('1118', '44', '695', '119', '石龙区', '1');
INSERT INTO `mc_district` VALUES ('1119', '44', '695', '119', '湛河区', '1');
INSERT INTO `mc_district` VALUES ('1120', '44', '695', '119', '宝丰县', '1');
INSERT INTO `mc_district` VALUES ('1121', '44', '695', '119', '叶　县', '1');
INSERT INTO `mc_district` VALUES ('1122', '44', '695', '119', '鲁山县', '1');
INSERT INTO `mc_district` VALUES ('1123', '44', '695', '119', '郏　县', '1');
INSERT INTO `mc_district` VALUES ('1124', '44', '695', '119', '舞钢市', '1');
INSERT INTO `mc_district` VALUES ('1125', '44', '695', '119', '汝州市', '1');
INSERT INTO `mc_district` VALUES ('1127', '44', '695', '120', '文峰区', '1');
INSERT INTO `mc_district` VALUES ('1128', '44', '695', '120', '北关区', '1');
INSERT INTO `mc_district` VALUES ('1129', '44', '695', '120', '殷都区', '1');
INSERT INTO `mc_district` VALUES ('1130', '44', '695', '120', '龙安区', '1');
INSERT INTO `mc_district` VALUES ('1131', '44', '695', '120', '安阳县', '1');
INSERT INTO `mc_district` VALUES ('1132', '44', '695', '120', '汤阴县', '1');
INSERT INTO `mc_district` VALUES ('1133', '44', '695', '120', '滑　县', '1');
INSERT INTO `mc_district` VALUES ('1134', '44', '695', '120', '内黄县', '1');
INSERT INTO `mc_district` VALUES ('1135', '44', '695', '120', '林州市', '1');
INSERT INTO `mc_district` VALUES ('1137', '44', '695', '121', '鹤山区', '1');
INSERT INTO `mc_district` VALUES ('1138', '44', '695', '121', '山城区', '1');
INSERT INTO `mc_district` VALUES ('1139', '44', '695', '121', '淇滨区', '1');
INSERT INTO `mc_district` VALUES ('1140', '44', '695', '121', '浚　县', '1');
INSERT INTO `mc_district` VALUES ('1141', '44', '695', '121', '淇　县', '1');
INSERT INTO `mc_district` VALUES ('1143', '44', '695', '122', '红旗区', '1');
INSERT INTO `mc_district` VALUES ('1144', '44', '695', '122', '卫滨区', '1');
INSERT INTO `mc_district` VALUES ('1145', '44', '695', '122', '凤泉区', '1');
INSERT INTO `mc_district` VALUES ('1146', '44', '695', '122', '牧野区', '1');
INSERT INTO `mc_district` VALUES ('1147', '44', '695', '122', '新乡县', '1');
INSERT INTO `mc_district` VALUES ('1148', '44', '695', '122', '获嘉县', '1');
INSERT INTO `mc_district` VALUES ('1149', '44', '695', '122', '原阳县', '1');
INSERT INTO `mc_district` VALUES ('1150', '44', '695', '122', '延津县', '1');
INSERT INTO `mc_district` VALUES ('1151', '44', '695', '122', '封丘县', '1');
INSERT INTO `mc_district` VALUES ('1152', '44', '695', '122', '长垣县', '1');
INSERT INTO `mc_district` VALUES ('1153', '44', '695', '122', '卫辉市', '1');
INSERT INTO `mc_district` VALUES ('1154', '44', '695', '122', '辉县市', '1');
INSERT INTO `mc_district` VALUES ('1156', '44', '695', '123', '解放区', '1');
INSERT INTO `mc_district` VALUES ('1157', '44', '695', '123', '中站区', '1');
INSERT INTO `mc_district` VALUES ('1158', '44', '695', '123', '马村区', '1');
INSERT INTO `mc_district` VALUES ('1159', '44', '695', '123', '山阳区', '1');
INSERT INTO `mc_district` VALUES ('1160', '44', '695', '123', '修武县', '1');
INSERT INTO `mc_district` VALUES ('1161', '44', '695', '123', '博爱县', '1');
INSERT INTO `mc_district` VALUES ('1162', '44', '695', '123', '武陟县', '1');
INSERT INTO `mc_district` VALUES ('1163', '44', '695', '123', '温　县', '1');
INSERT INTO `mc_district` VALUES ('1164', '44', '695', '123', '济源市', '1');
INSERT INTO `mc_district` VALUES ('1165', '44', '695', '123', '沁阳市', '1');
INSERT INTO `mc_district` VALUES ('1166', '44', '695', '123', '孟州市', '1');
INSERT INTO `mc_district` VALUES ('1168', '44', '695', '124', '华龙区', '1');
INSERT INTO `mc_district` VALUES ('1169', '44', '695', '124', '清丰县', '1');
INSERT INTO `mc_district` VALUES ('1170', '44', '695', '124', '南乐县', '1');
INSERT INTO `mc_district` VALUES ('1171', '44', '695', '124', '范　县', '1');
INSERT INTO `mc_district` VALUES ('1172', '44', '695', '124', '台前县', '1');
INSERT INTO `mc_district` VALUES ('1173', '44', '695', '124', '濮阳县', '1');
INSERT INTO `mc_district` VALUES ('1175', '44', '695', '125', '魏都区', '1');
INSERT INTO `mc_district` VALUES ('1176', '44', '695', '125', '许昌县', '1');
INSERT INTO `mc_district` VALUES ('1177', '44', '695', '125', '鄢陵县', '1');
INSERT INTO `mc_district` VALUES ('1178', '44', '695', '125', '襄城县', '1');
INSERT INTO `mc_district` VALUES ('1179', '44', '695', '125', '禹州市', '1');
INSERT INTO `mc_district` VALUES ('1180', '44', '695', '125', '长葛市', '1');
INSERT INTO `mc_district` VALUES ('1182', '44', '695', '126', '源汇区', '1');
INSERT INTO `mc_district` VALUES ('1183', '44', '695', '126', '郾城区', '1');
INSERT INTO `mc_district` VALUES ('1184', '44', '695', '126', '召陵区', '1');
INSERT INTO `mc_district` VALUES ('1185', '44', '695', '126', '舞阳县', '1');
INSERT INTO `mc_district` VALUES ('1186', '44', '695', '126', '临颍县', '1');
INSERT INTO `mc_district` VALUES ('1188', '44', '695', '127', '湖滨区', '1');
INSERT INTO `mc_district` VALUES ('1189', '44', '695', '127', '渑池县', '1');
INSERT INTO `mc_district` VALUES ('1190', '44', '695', '127', '陕　县', '1');
INSERT INTO `mc_district` VALUES ('1191', '44', '695', '127', '卢氏县', '1');
INSERT INTO `mc_district` VALUES ('1192', '44', '695', '127', '义马市', '1');
INSERT INTO `mc_district` VALUES ('1193', '44', '695', '127', '灵宝市', '1');
INSERT INTO `mc_district` VALUES ('1195', '44', '695', '128', '宛城区', '1');
INSERT INTO `mc_district` VALUES ('1196', '44', '695', '128', '卧龙区', '1');
INSERT INTO `mc_district` VALUES ('1197', '44', '695', '128', '南召县', '1');
INSERT INTO `mc_district` VALUES ('1198', '44', '695', '128', '方城县', '1');
INSERT INTO `mc_district` VALUES ('1199', '44', '695', '128', '西峡县', '1');
INSERT INTO `mc_district` VALUES ('1200', '44', '695', '128', '镇平县', '1');
INSERT INTO `mc_district` VALUES ('1201', '44', '695', '128', '内乡县', '1');
INSERT INTO `mc_district` VALUES ('1202', '44', '695', '128', '淅川县', '1');
INSERT INTO `mc_district` VALUES ('1203', '44', '695', '128', '社旗县', '1');
INSERT INTO `mc_district` VALUES ('1204', '44', '695', '128', '唐河县', '1');
INSERT INTO `mc_district` VALUES ('1205', '44', '695', '128', '新野县', '1');
INSERT INTO `mc_district` VALUES ('1206', '44', '695', '128', '桐柏县', '1');
INSERT INTO `mc_district` VALUES ('1207', '44', '695', '128', '邓州市', '1');
INSERT INTO `mc_district` VALUES ('1209', '44', '695', '129', '梁园区', '1');
INSERT INTO `mc_district` VALUES ('1210', '44', '695', '129', '睢阳区', '1');
INSERT INTO `mc_district` VALUES ('1211', '44', '695', '129', '民权县', '1');
INSERT INTO `mc_district` VALUES ('1212', '44', '695', '129', '睢　县', '1');
INSERT INTO `mc_district` VALUES ('1213', '44', '695', '129', '宁陵县', '1');
INSERT INTO `mc_district` VALUES ('1214', '44', '695', '129', '柘城县', '1');
INSERT INTO `mc_district` VALUES ('1215', '44', '695', '129', '虞城县', '1');
INSERT INTO `mc_district` VALUES ('1216', '44', '695', '129', '夏邑县', '1');
INSERT INTO `mc_district` VALUES ('1217', '44', '695', '129', '永城市', '1');
INSERT INTO `mc_district` VALUES ('1219', '44', '695', '130', '师河区', '1');
INSERT INTO `mc_district` VALUES ('1220', '44', '695', '130', '平桥区', '1');
INSERT INTO `mc_district` VALUES ('1221', '44', '695', '130', '罗山县', '1');
INSERT INTO `mc_district` VALUES ('1222', '44', '695', '130', '光山县', '1');
INSERT INTO `mc_district` VALUES ('1223', '44', '695', '130', '新　县', '1');
INSERT INTO `mc_district` VALUES ('1224', '44', '695', '130', '商城县', '1');
INSERT INTO `mc_district` VALUES ('1225', '44', '695', '130', '固始县', '1');
INSERT INTO `mc_district` VALUES ('1226', '44', '695', '130', '潢川县', '1');
INSERT INTO `mc_district` VALUES ('1227', '44', '695', '130', '淮滨县', '1');
INSERT INTO `mc_district` VALUES ('1228', '44', '695', '130', '息　县', '1');
INSERT INTO `mc_district` VALUES ('1230', '44', '695', '131', '川汇区', '1');
INSERT INTO `mc_district` VALUES ('1231', '44', '695', '131', '扶沟县', '1');
INSERT INTO `mc_district` VALUES ('1232', '44', '695', '131', '西华县', '1');
INSERT INTO `mc_district` VALUES ('1233', '44', '695', '131', '商水县', '1');
INSERT INTO `mc_district` VALUES ('1234', '44', '695', '131', '沈丘县', '1');
INSERT INTO `mc_district` VALUES ('1235', '44', '695', '131', '郸城县', '1');
INSERT INTO `mc_district` VALUES ('1236', '44', '695', '131', '淮阳县', '1');
INSERT INTO `mc_district` VALUES ('1237', '44', '695', '131', '太康县', '1');
INSERT INTO `mc_district` VALUES ('1238', '44', '695', '131', '鹿邑县', '1');
INSERT INTO `mc_district` VALUES ('1239', '44', '695', '131', '项城市', '1');
INSERT INTO `mc_district` VALUES ('1241', '44', '695', '132', '驿城区', '1');
INSERT INTO `mc_district` VALUES ('1242', '44', '695', '132', '西平县', '1');
INSERT INTO `mc_district` VALUES ('1243', '44', '695', '132', '上蔡县', '1');
INSERT INTO `mc_district` VALUES ('1244', '44', '695', '132', '平舆县', '1');
INSERT INTO `mc_district` VALUES ('1245', '44', '695', '132', '正阳县', '1');
INSERT INTO `mc_district` VALUES ('1246', '44', '695', '132', '确山县', '1');
INSERT INTO `mc_district` VALUES ('1247', '44', '695', '132', '泌阳县', '1');
INSERT INTO `mc_district` VALUES ('1248', '44', '695', '132', '汝南县', '1');
INSERT INTO `mc_district` VALUES ('1249', '44', '695', '132', '遂平县', '1');
INSERT INTO `mc_district` VALUES ('1250', '44', '695', '132', '新蔡县', '1');
INSERT INTO `mc_district` VALUES ('1252', '44', '697', '133', '江岸区', '1');
INSERT INTO `mc_district` VALUES ('1253', '44', '697', '133', '江汉区', '1');
INSERT INTO `mc_district` VALUES ('1254', '44', '697', '133', '乔口区', '1');
INSERT INTO `mc_district` VALUES ('1255', '44', '697', '133', '汉阳区', '1');
INSERT INTO `mc_district` VALUES ('1256', '44', '697', '133', '武昌区', '1');
INSERT INTO `mc_district` VALUES ('1257', '44', '697', '133', '青山区', '1');
INSERT INTO `mc_district` VALUES ('1258', '44', '697', '133', '洪山区', '1');
INSERT INTO `mc_district` VALUES ('1259', '44', '697', '133', '东西湖区', '1');
INSERT INTO `mc_district` VALUES ('1260', '44', '697', '133', '汉南区', '1');
INSERT INTO `mc_district` VALUES ('1261', '44', '697', '133', '蔡甸区', '1');
INSERT INTO `mc_district` VALUES ('1262', '44', '697', '133', '江夏区', '1');
INSERT INTO `mc_district` VALUES ('1263', '44', '697', '133', '黄陂区', '1');
INSERT INTO `mc_district` VALUES ('1264', '44', '697', '133', '新洲区', '1');
INSERT INTO `mc_district` VALUES ('1266', '44', '697', '134', '黄石港区', '1');
INSERT INTO `mc_district` VALUES ('1267', '44', '697', '134', '西塞山区', '1');
INSERT INTO `mc_district` VALUES ('1268', '44', '697', '134', '下陆区', '1');
INSERT INTO `mc_district` VALUES ('1269', '44', '697', '134', '铁山区', '1');
INSERT INTO `mc_district` VALUES ('1270', '44', '697', '134', '阳新县', '1');
INSERT INTO `mc_district` VALUES ('1271', '44', '697', '134', '大冶市', '1');
INSERT INTO `mc_district` VALUES ('1273', '44', '697', '135', '茅箭区', '1');
INSERT INTO `mc_district` VALUES ('1274', '44', '697', '135', '张湾区', '1');
INSERT INTO `mc_district` VALUES ('1275', '44', '697', '135', '郧　县', '1');
INSERT INTO `mc_district` VALUES ('1276', '44', '697', '135', '郧西县', '1');
INSERT INTO `mc_district` VALUES ('1277', '44', '697', '135', '竹山县', '1');
INSERT INTO `mc_district` VALUES ('1278', '44', '697', '135', '竹溪县', '1');
INSERT INTO `mc_district` VALUES ('1279', '44', '697', '135', '房　县', '1');
INSERT INTO `mc_district` VALUES ('1280', '44', '697', '135', '丹江口市', '1');
INSERT INTO `mc_district` VALUES ('1282', '44', '697', '136', '西陵区', '1');
INSERT INTO `mc_district` VALUES ('1283', '44', '697', '136', '伍家岗区', '1');
INSERT INTO `mc_district` VALUES ('1284', '44', '697', '136', '点军区', '1');
INSERT INTO `mc_district` VALUES ('1285', '44', '697', '136', '猇亭区', '1');
INSERT INTO `mc_district` VALUES ('1286', '44', '697', '136', '夷陵区', '1');
INSERT INTO `mc_district` VALUES ('1287', '44', '697', '136', '远安县', '1');
INSERT INTO `mc_district` VALUES ('1288', '44', '697', '136', '兴山县', '1');
INSERT INTO `mc_district` VALUES ('1289', '44', '697', '136', '秭归县', '1');
INSERT INTO `mc_district` VALUES ('1290', '44', '697', '136', '长阳土家族自治县', '1');
INSERT INTO `mc_district` VALUES ('1291', '44', '697', '136', '五峰土家族自治县', '1');
INSERT INTO `mc_district` VALUES ('1292', '44', '697', '136', '宜都市', '1');
INSERT INTO `mc_district` VALUES ('1293', '44', '697', '136', '当阳市', '1');
INSERT INTO `mc_district` VALUES ('1294', '44', '697', '136', '枝江市', '1');
INSERT INTO `mc_district` VALUES ('1296', '44', '697', '137', '襄城区', '1');
INSERT INTO `mc_district` VALUES ('1297', '44', '697', '137', '樊城区', '1');
INSERT INTO `mc_district` VALUES ('1298', '44', '697', '137', '襄阳区', '1');
INSERT INTO `mc_district` VALUES ('1299', '44', '697', '137', '南漳县', '1');
INSERT INTO `mc_district` VALUES ('1300', '44', '697', '137', '谷城县', '1');
INSERT INTO `mc_district` VALUES ('1301', '44', '697', '137', '保康县', '1');
INSERT INTO `mc_district` VALUES ('1302', '44', '697', '137', '老河口市', '1');
INSERT INTO `mc_district` VALUES ('1303', '44', '697', '137', '枣阳市', '1');
INSERT INTO `mc_district` VALUES ('1304', '44', '697', '137', '宜城市', '1');
INSERT INTO `mc_district` VALUES ('1306', '44', '697', '138', '梁子湖区', '1');
INSERT INTO `mc_district` VALUES ('1307', '44', '697', '138', '华容区', '1');
INSERT INTO `mc_district` VALUES ('1308', '44', '697', '138', '鄂城区', '1');
INSERT INTO `mc_district` VALUES ('1310', '44', '697', '139', '东宝区', '1');
INSERT INTO `mc_district` VALUES ('1311', '44', '697', '139', '掇刀区', '1');
INSERT INTO `mc_district` VALUES ('1312', '44', '697', '139', '京山县', '1');
INSERT INTO `mc_district` VALUES ('1313', '44', '697', '139', '沙洋县', '1');
INSERT INTO `mc_district` VALUES ('1314', '44', '697', '139', '钟祥市', '1');
INSERT INTO `mc_district` VALUES ('1316', '44', '697', '140', '孝南区', '1');
INSERT INTO `mc_district` VALUES ('1317', '44', '697', '140', '孝昌县', '1');
INSERT INTO `mc_district` VALUES ('1318', '44', '697', '140', '大悟县', '1');
INSERT INTO `mc_district` VALUES ('1319', '44', '697', '140', '云梦县', '1');
INSERT INTO `mc_district` VALUES ('1320', '44', '697', '140', '应城市', '1');
INSERT INTO `mc_district` VALUES ('1321', '44', '697', '140', '安陆市', '1');
INSERT INTO `mc_district` VALUES ('1322', '44', '697', '140', '汉川市', '1');
INSERT INTO `mc_district` VALUES ('1324', '44', '697', '141', '沙市区', '1');
INSERT INTO `mc_district` VALUES ('1325', '44', '697', '141', '荆州区', '1');
INSERT INTO `mc_district` VALUES ('1326', '44', '697', '141', '公安县', '1');
INSERT INTO `mc_district` VALUES ('1327', '44', '697', '141', '监利县', '1');
INSERT INTO `mc_district` VALUES ('1328', '44', '697', '141', '江陵县', '1');
INSERT INTO `mc_district` VALUES ('1329', '44', '697', '141', '石首市', '1');
INSERT INTO `mc_district` VALUES ('1330', '44', '697', '141', '洪湖市', '1');
INSERT INTO `mc_district` VALUES ('1331', '44', '697', '141', '松滋市', '1');
INSERT INTO `mc_district` VALUES ('1333', '44', '697', '142', '黄州区', '1');
INSERT INTO `mc_district` VALUES ('1334', '44', '697', '142', '团风县', '1');
INSERT INTO `mc_district` VALUES ('1335', '44', '697', '142', '红安县', '1');
INSERT INTO `mc_district` VALUES ('1336', '44', '697', '142', '罗田县', '1');
INSERT INTO `mc_district` VALUES ('1337', '44', '697', '142', '英山县', '1');
INSERT INTO `mc_district` VALUES ('1338', '44', '697', '142', '浠水县', '1');
INSERT INTO `mc_district` VALUES ('1339', '44', '697', '142', '蕲春县', '1');
INSERT INTO `mc_district` VALUES ('1340', '44', '697', '142', '黄梅县', '1');
INSERT INTO `mc_district` VALUES ('1341', '44', '697', '142', '麻城市', '1');
INSERT INTO `mc_district` VALUES ('1342', '44', '697', '142', '武穴市', '1');
INSERT INTO `mc_district` VALUES ('1344', '44', '697', '143', '咸安区', '1');
INSERT INTO `mc_district` VALUES ('1345', '44', '697', '143', '嘉鱼县', '1');
INSERT INTO `mc_district` VALUES ('1346', '44', '697', '143', '通城县', '1');
INSERT INTO `mc_district` VALUES ('1347', '44', '697', '143', '崇阳县', '1');
INSERT INTO `mc_district` VALUES ('1348', '44', '697', '143', '通山县', '1');
INSERT INTO `mc_district` VALUES ('1349', '44', '697', '143', '赤壁市', '1');
INSERT INTO `mc_district` VALUES ('1351', '44', '697', '144', '曾都区', '1');
INSERT INTO `mc_district` VALUES ('1352', '44', '697', '144', '广水市', '1');
INSERT INTO `mc_district` VALUES ('1353', '44', '697', '145', '恩施市', '1');
INSERT INTO `mc_district` VALUES ('1354', '44', '697', '145', '利川市', '1');
INSERT INTO `mc_district` VALUES ('1355', '44', '697', '145', '建始县', '1');
INSERT INTO `mc_district` VALUES ('1356', '44', '697', '145', '巴东县', '1');
INSERT INTO `mc_district` VALUES ('1357', '44', '697', '145', '宣恩县', '1');
INSERT INTO `mc_district` VALUES ('1358', '44', '697', '145', '咸丰县', '1');
INSERT INTO `mc_district` VALUES ('1359', '44', '697', '145', '来凤县', '1');
INSERT INTO `mc_district` VALUES ('1360', '44', '697', '145', '鹤峰县', '1');
INSERT INTO `mc_district` VALUES ('1361', '44', '697', '146', '仙桃市', '1');
INSERT INTO `mc_district` VALUES ('1362', '44', '697', '146', '潜江市', '1');
INSERT INTO `mc_district` VALUES ('1363', '44', '697', '146', '天门市', '1');
INSERT INTO `mc_district` VALUES ('1364', '44', '697', '146', '神农架林区', '1');
INSERT INTO `mc_district` VALUES ('1366', '44', '698', '147', '芙蓉区', '1');
INSERT INTO `mc_district` VALUES ('1367', '44', '698', '147', '天心区', '1');
INSERT INTO `mc_district` VALUES ('1368', '44', '698', '147', '岳麓区', '1');
INSERT INTO `mc_district` VALUES ('1369', '44', '698', '147', '开福区', '1');
INSERT INTO `mc_district` VALUES ('1370', '44', '698', '147', '雨花区', '1');
INSERT INTO `mc_district` VALUES ('1371', '44', '698', '147', '长沙县', '1');
INSERT INTO `mc_district` VALUES ('1372', '44', '698', '147', '望城县', '1');
INSERT INTO `mc_district` VALUES ('1373', '44', '698', '147', '宁乡县', '1');
INSERT INTO `mc_district` VALUES ('1374', '44', '698', '147', '浏阳市', '1');
INSERT INTO `mc_district` VALUES ('1376', '44', '698', '148', '荷塘区', '1');
INSERT INTO `mc_district` VALUES ('1377', '44', '698', '148', '芦淞区', '1');
INSERT INTO `mc_district` VALUES ('1378', '44', '698', '148', '石峰区', '1');
INSERT INTO `mc_district` VALUES ('1379', '44', '698', '148', '天元区', '1');
INSERT INTO `mc_district` VALUES ('1380', '44', '698', '148', '株洲县', '1');
INSERT INTO `mc_district` VALUES ('1381', '44', '698', '148', '攸　县', '1');
INSERT INTO `mc_district` VALUES ('1382', '44', '698', '148', '茶陵县', '1');
INSERT INTO `mc_district` VALUES ('1383', '44', '698', '148', '炎陵县', '1');
INSERT INTO `mc_district` VALUES ('1384', '44', '698', '148', '醴陵市', '1');
INSERT INTO `mc_district` VALUES ('1386', '44', '698', '149', '雨湖区', '1');
INSERT INTO `mc_district` VALUES ('1387', '44', '698', '149', '岳塘区', '1');
INSERT INTO `mc_district` VALUES ('1388', '44', '698', '149', '湘潭县', '1');
INSERT INTO `mc_district` VALUES ('1389', '44', '698', '149', '湘乡市', '1');
INSERT INTO `mc_district` VALUES ('1390', '44', '698', '149', '韶山市', '1');
INSERT INTO `mc_district` VALUES ('1392', '44', '698', '150', '珠晖区', '1');
INSERT INTO `mc_district` VALUES ('1393', '44', '698', '150', '雁峰区', '1');
INSERT INTO `mc_district` VALUES ('1394', '44', '698', '150', '石鼓区', '1');
INSERT INTO `mc_district` VALUES ('1395', '44', '698', '150', '蒸湘区', '1');
INSERT INTO `mc_district` VALUES ('1396', '44', '698', '150', '南岳区', '1');
INSERT INTO `mc_district` VALUES ('1397', '44', '698', '150', '衡阳县', '1');
INSERT INTO `mc_district` VALUES ('1398', '44', '698', '150', '衡南县', '1');
INSERT INTO `mc_district` VALUES ('1399', '44', '698', '150', '衡山县', '1');
INSERT INTO `mc_district` VALUES ('1400', '44', '698', '150', '衡东县', '1');
INSERT INTO `mc_district` VALUES ('1401', '44', '698', '150', '祁东县', '1');
INSERT INTO `mc_district` VALUES ('1402', '44', '698', '150', '耒阳市', '1');
INSERT INTO `mc_district` VALUES ('1403', '44', '698', '150', '常宁市', '1');
INSERT INTO `mc_district` VALUES ('1405', '44', '698', '151', '双清区', '1');
INSERT INTO `mc_district` VALUES ('1406', '44', '698', '151', '大祥区', '1');
INSERT INTO `mc_district` VALUES ('1407', '44', '698', '151', '北塔区', '1');
INSERT INTO `mc_district` VALUES ('1408', '44', '698', '151', '邵东县', '1');
INSERT INTO `mc_district` VALUES ('1409', '44', '698', '151', '新邵县', '1');
INSERT INTO `mc_district` VALUES ('1410', '44', '698', '151', '邵阳县', '1');
INSERT INTO `mc_district` VALUES ('1411', '44', '698', '151', '隆回县', '1');
INSERT INTO `mc_district` VALUES ('1412', '44', '698', '151', '洞口县', '1');
INSERT INTO `mc_district` VALUES ('1413', '44', '698', '151', '绥宁县', '1');
INSERT INTO `mc_district` VALUES ('1414', '44', '698', '151', '新宁县', '1');
INSERT INTO `mc_district` VALUES ('1415', '44', '698', '151', '城步苗族自治县', '1');
INSERT INTO `mc_district` VALUES ('1416', '44', '698', '151', '武冈市', '1');
INSERT INTO `mc_district` VALUES ('1418', '44', '698', '152', '岳阳楼区', '1');
INSERT INTO `mc_district` VALUES ('1419', '44', '698', '152', '云溪区', '1');
INSERT INTO `mc_district` VALUES ('1420', '44', '698', '152', '君山区', '1');
INSERT INTO `mc_district` VALUES ('1421', '44', '698', '152', '岳阳县', '1');
INSERT INTO `mc_district` VALUES ('1422', '44', '698', '152', '华容县', '1');
INSERT INTO `mc_district` VALUES ('1423', '44', '698', '152', '湘阴县', '1');
INSERT INTO `mc_district` VALUES ('1424', '44', '698', '152', '平江县', '1');
INSERT INTO `mc_district` VALUES ('1425', '44', '698', '152', '汨罗市', '1');
INSERT INTO `mc_district` VALUES ('1426', '44', '698', '152', '临湘市', '1');
INSERT INTO `mc_district` VALUES ('1428', '44', '698', '153', '武陵区', '1');
INSERT INTO `mc_district` VALUES ('1429', '44', '698', '153', '鼎城区', '1');
INSERT INTO `mc_district` VALUES ('1430', '44', '698', '153', '安乡县', '1');
INSERT INTO `mc_district` VALUES ('1431', '44', '698', '153', '汉寿县', '1');
INSERT INTO `mc_district` VALUES ('1432', '44', '698', '153', '澧　县', '1');
INSERT INTO `mc_district` VALUES ('1433', '44', '698', '153', '临澧县', '1');
INSERT INTO `mc_district` VALUES ('1434', '44', '698', '153', '桃源县', '1');
INSERT INTO `mc_district` VALUES ('1435', '44', '698', '153', '石门县', '1');
INSERT INTO `mc_district` VALUES ('1436', '44', '698', '153', '津市市', '1');
INSERT INTO `mc_district` VALUES ('1438', '44', '698', '154', '永定区', '1');
INSERT INTO `mc_district` VALUES ('1439', '44', '698', '154', '武陵源区', '1');
INSERT INTO `mc_district` VALUES ('1440', '44', '698', '154', '慈利县', '1');
INSERT INTO `mc_district` VALUES ('1441', '44', '698', '154', '桑植县', '1');
INSERT INTO `mc_district` VALUES ('1443', '44', '698', '155', '资阳区', '1');
INSERT INTO `mc_district` VALUES ('1444', '44', '698', '155', '赫山区', '1');
INSERT INTO `mc_district` VALUES ('1445', '44', '698', '155', '南　县', '1');
INSERT INTO `mc_district` VALUES ('1446', '44', '698', '155', '桃江县', '1');
INSERT INTO `mc_district` VALUES ('1447', '44', '698', '155', '安化县', '1');
INSERT INTO `mc_district` VALUES ('1448', '44', '698', '155', '沅江市', '1');
INSERT INTO `mc_district` VALUES ('1450', '44', '698', '156', '北湖区', '1');
INSERT INTO `mc_district` VALUES ('1451', '44', '698', '156', '苏仙区', '1');
INSERT INTO `mc_district` VALUES ('1452', '44', '698', '156', '桂阳县', '1');
INSERT INTO `mc_district` VALUES ('1453', '44', '698', '156', '宜章县', '1');
INSERT INTO `mc_district` VALUES ('1454', '44', '698', '156', '永兴县', '1');
INSERT INTO `mc_district` VALUES ('1455', '44', '698', '156', '嘉禾县', '1');
INSERT INTO `mc_district` VALUES ('1456', '44', '698', '156', '临武县', '1');
INSERT INTO `mc_district` VALUES ('1457', '44', '698', '156', '汝城县', '1');
INSERT INTO `mc_district` VALUES ('1458', '44', '698', '156', '桂东县', '1');
INSERT INTO `mc_district` VALUES ('1459', '44', '698', '156', '安仁县', '1');
INSERT INTO `mc_district` VALUES ('1460', '44', '698', '156', '资兴市', '1');
INSERT INTO `mc_district` VALUES ('1462', '44', '698', '157', '芝山区', '1');
INSERT INTO `mc_district` VALUES ('1463', '44', '698', '157', '冷水滩区', '1');
INSERT INTO `mc_district` VALUES ('1464', '44', '698', '157', '祁阳县', '1');
INSERT INTO `mc_district` VALUES ('1465', '44', '698', '157', '东安县', '1');
INSERT INTO `mc_district` VALUES ('1466', '44', '698', '157', '双牌县', '1');
INSERT INTO `mc_district` VALUES ('1467', '44', '698', '157', '道　县', '1');
INSERT INTO `mc_district` VALUES ('1468', '44', '698', '157', '江永县', '1');
INSERT INTO `mc_district` VALUES ('1469', '44', '698', '157', '宁远县', '1');
INSERT INTO `mc_district` VALUES ('1470', '44', '698', '157', '蓝山县', '1');
INSERT INTO `mc_district` VALUES ('1471', '44', '698', '157', '新田县', '1');
INSERT INTO `mc_district` VALUES ('1472', '44', '698', '157', '江华瑶族自治县', '1');
INSERT INTO `mc_district` VALUES ('1474', '44', '698', '158', '鹤城区', '1');
INSERT INTO `mc_district` VALUES ('1475', '44', '698', '158', '中方县', '1');
INSERT INTO `mc_district` VALUES ('1476', '44', '698', '158', '沅陵县', '1');
INSERT INTO `mc_district` VALUES ('1477', '44', '698', '158', '辰溪县', '1');
INSERT INTO `mc_district` VALUES ('1478', '44', '698', '158', '溆浦县', '1');
INSERT INTO `mc_district` VALUES ('1479', '44', '698', '158', '会同县', '1');
INSERT INTO `mc_district` VALUES ('1480', '44', '698', '158', '麻阳苗族自治县', '1');
INSERT INTO `mc_district` VALUES ('1481', '44', '698', '158', '新晃侗族自治县', '1');
INSERT INTO `mc_district` VALUES ('1482', '44', '698', '158', '芷江侗族自治县', '1');
INSERT INTO `mc_district` VALUES ('1483', '44', '698', '158', '靖州苗族侗族自治县', '1');
INSERT INTO `mc_district` VALUES ('1484', '44', '698', '158', '通道侗族自治县', '1');
INSERT INTO `mc_district` VALUES ('1485', '44', '698', '158', '洪江市', '1');
INSERT INTO `mc_district` VALUES ('1487', '44', '698', '159', '娄星区', '1');
INSERT INTO `mc_district` VALUES ('1488', '44', '698', '159', '双峰县', '1');
INSERT INTO `mc_district` VALUES ('1489', '44', '698', '159', '新化县', '1');
INSERT INTO `mc_district` VALUES ('1490', '44', '698', '159', '冷水江市', '1');
INSERT INTO `mc_district` VALUES ('1491', '44', '698', '159', '涟源市', '1');
INSERT INTO `mc_district` VALUES ('1492', '44', '698', '160', '吉首市', '1');
INSERT INTO `mc_district` VALUES ('1493', '44', '698', '160', '泸溪县', '1');
INSERT INTO `mc_district` VALUES ('1494', '44', '698', '160', '凤凰县', '1');
INSERT INTO `mc_district` VALUES ('1495', '44', '698', '160', '花垣县', '1');
INSERT INTO `mc_district` VALUES ('1496', '44', '698', '160', '保靖县', '1');
INSERT INTO `mc_district` VALUES ('1497', '44', '698', '160', '古丈县', '1');
INSERT INTO `mc_district` VALUES ('1498', '44', '698', '160', '永顺县', '1');
INSERT INTO `mc_district` VALUES ('1499', '44', '698', '160', '龙山县', '1');
INSERT INTO `mc_district` VALUES ('1501', '44', '699', '161', '新城区', '1');
INSERT INTO `mc_district` VALUES ('1502', '44', '699', '161', '回民区', '1');
INSERT INTO `mc_district` VALUES ('1503', '44', '699', '161', '玉泉区', '1');
INSERT INTO `mc_district` VALUES ('1504', '44', '699', '161', '赛罕区', '1');
INSERT INTO `mc_district` VALUES ('1505', '44', '699', '161', '土默特左旗', '1');
INSERT INTO `mc_district` VALUES ('1506', '44', '699', '161', '托克托县', '1');
INSERT INTO `mc_district` VALUES ('1507', '44', '699', '161', '和林格尔县', '1');
INSERT INTO `mc_district` VALUES ('1508', '44', '699', '161', '清水河县', '1');
INSERT INTO `mc_district` VALUES ('1509', '44', '699', '161', '武川县', '1');
INSERT INTO `mc_district` VALUES ('1511', '44', '699', '162', '东河区', '1');
INSERT INTO `mc_district` VALUES ('1512', '44', '699', '162', '昆都仑区', '1');
INSERT INTO `mc_district` VALUES ('1513', '44', '699', '162', '青山区', '1');
INSERT INTO `mc_district` VALUES ('1514', '44', '699', '162', '石拐区', '1');
INSERT INTO `mc_district` VALUES ('1515', '44', '699', '162', '白云矿区', '1');
INSERT INTO `mc_district` VALUES ('1516', '44', '699', '162', '九原区', '1');
INSERT INTO `mc_district` VALUES ('1517', '44', '699', '162', '土默特右旗', '1');
INSERT INTO `mc_district` VALUES ('1518', '44', '699', '162', '固阳县', '1');
INSERT INTO `mc_district` VALUES ('1519', '44', '699', '162', '达尔罕茂明安联合旗', '1');
INSERT INTO `mc_district` VALUES ('1521', '44', '699', '163', '海勃湾区', '1');
INSERT INTO `mc_district` VALUES ('1522', '44', '699', '163', '海南区', '1');
INSERT INTO `mc_district` VALUES ('1523', '44', '699', '163', '乌达区', '1');
INSERT INTO `mc_district` VALUES ('1525', '44', '699', '164', '红山区', '1');
INSERT INTO `mc_district` VALUES ('1526', '44', '699', '164', '元宝山区', '1');
INSERT INTO `mc_district` VALUES ('1527', '44', '699', '164', '松山区', '1');
INSERT INTO `mc_district` VALUES ('1528', '44', '699', '164', '阿鲁科尔沁旗', '1');
INSERT INTO `mc_district` VALUES ('1529', '44', '699', '164', '巴林左旗', '1');
INSERT INTO `mc_district` VALUES ('1530', '44', '699', '164', '巴林右旗', '1');
INSERT INTO `mc_district` VALUES ('1531', '44', '699', '164', '林西县', '1');
INSERT INTO `mc_district` VALUES ('1532', '44', '699', '164', '克什克腾旗', '1');
INSERT INTO `mc_district` VALUES ('1533', '44', '699', '164', '翁牛特旗', '1');
INSERT INTO `mc_district` VALUES ('1534', '44', '699', '164', '喀喇沁旗', '1');
INSERT INTO `mc_district` VALUES ('1535', '44', '699', '164', '宁城县', '1');
INSERT INTO `mc_district` VALUES ('1536', '44', '699', '164', '敖汉旗', '1');
INSERT INTO `mc_district` VALUES ('1538', '44', '699', '165', '科尔沁区', '1');
INSERT INTO `mc_district` VALUES ('1539', '44', '699', '165', '科尔沁左翼中旗', '1');
INSERT INTO `mc_district` VALUES ('1540', '44', '699', '165', '科尔沁左翼后旗', '1');
INSERT INTO `mc_district` VALUES ('1541', '44', '699', '165', '开鲁县', '1');
INSERT INTO `mc_district` VALUES ('1542', '44', '699', '165', '库伦旗', '1');
INSERT INTO `mc_district` VALUES ('1543', '44', '699', '165', '奈曼旗', '1');
INSERT INTO `mc_district` VALUES ('1544', '44', '699', '165', '扎鲁特旗', '1');
INSERT INTO `mc_district` VALUES ('1545', '44', '699', '165', '霍林郭勒市', '1');
INSERT INTO `mc_district` VALUES ('1546', '44', '699', '166', '东胜区', '1');
INSERT INTO `mc_district` VALUES ('1547', '44', '699', '166', '达拉特旗', '1');
INSERT INTO `mc_district` VALUES ('1548', '44', '699', '166', '准格尔旗', '1');
INSERT INTO `mc_district` VALUES ('1549', '44', '699', '166', '鄂托克前旗', '1');
INSERT INTO `mc_district` VALUES ('1550', '44', '699', '166', '鄂托克旗', '1');
INSERT INTO `mc_district` VALUES ('1551', '44', '699', '166', '杭锦旗', '1');
INSERT INTO `mc_district` VALUES ('1552', '44', '699', '166', '乌审旗', '1');
INSERT INTO `mc_district` VALUES ('1553', '44', '699', '166', '伊金霍洛旗', '1');
INSERT INTO `mc_district` VALUES ('1555', '44', '699', '167', '海拉尔区', '1');
INSERT INTO `mc_district` VALUES ('1556', '44', '699', '167', '阿荣旗', '1');
INSERT INTO `mc_district` VALUES ('1557', '44', '699', '167', '莫力达瓦达斡尔族自治旗', '1');
INSERT INTO `mc_district` VALUES ('1558', '44', '699', '167', '鄂伦春自治旗', '1');
INSERT INTO `mc_district` VALUES ('1559', '44', '699', '167', '鄂温克族自治旗', '1');
INSERT INTO `mc_district` VALUES ('1560', '44', '699', '167', '陈巴尔虎旗', '1');
INSERT INTO `mc_district` VALUES ('1561', '44', '699', '167', '新巴尔虎左旗', '1');
INSERT INTO `mc_district` VALUES ('1562', '44', '699', '167', '新巴尔虎右旗', '1');
INSERT INTO `mc_district` VALUES ('1563', '44', '699', '167', '满洲里市', '1');
INSERT INTO `mc_district` VALUES ('1564', '44', '699', '167', '牙克石市', '1');
INSERT INTO `mc_district` VALUES ('1565', '44', '699', '167', '扎兰屯市', '1');
INSERT INTO `mc_district` VALUES ('1566', '44', '699', '167', '额尔古纳市', '1');
INSERT INTO `mc_district` VALUES ('1567', '44', '699', '167', '根河市', '1');
INSERT INTO `mc_district` VALUES ('1569', '44', '699', '168', '临河区', '1');
INSERT INTO `mc_district` VALUES ('1570', '44', '699', '168', '五原县', '1');
INSERT INTO `mc_district` VALUES ('1571', '44', '699', '168', '磴口县', '1');
INSERT INTO `mc_district` VALUES ('1572', '44', '699', '168', '乌拉特前旗', '1');
INSERT INTO `mc_district` VALUES ('1573', '44', '699', '168', '乌拉特中旗', '1');
INSERT INTO `mc_district` VALUES ('1574', '44', '699', '168', '乌拉特后旗', '1');
INSERT INTO `mc_district` VALUES ('1575', '44', '699', '168', '杭锦后旗', '1');
INSERT INTO `mc_district` VALUES ('1577', '44', '699', '169', '集宁区', '1');
INSERT INTO `mc_district` VALUES ('1578', '44', '699', '169', '卓资县', '1');
INSERT INTO `mc_district` VALUES ('1579', '44', '699', '169', '化德县', '1');
INSERT INTO `mc_district` VALUES ('1580', '44', '699', '169', '商都县', '1');
INSERT INTO `mc_district` VALUES ('1581', '44', '699', '169', '兴和县', '1');
INSERT INTO `mc_district` VALUES ('1582', '44', '699', '169', '凉城县', '1');
INSERT INTO `mc_district` VALUES ('1583', '44', '699', '169', '察哈尔右翼前旗', '1');
INSERT INTO `mc_district` VALUES ('1584', '44', '699', '169', '察哈尔右翼中旗', '1');
INSERT INTO `mc_district` VALUES ('1585', '44', '699', '169', '察哈尔右翼后旗', '1');
INSERT INTO `mc_district` VALUES ('1586', '44', '699', '169', '四子王旗', '1');
INSERT INTO `mc_district` VALUES ('1587', '44', '699', '169', '丰镇市', '1');
INSERT INTO `mc_district` VALUES ('1588', '44', '699', '170', '乌兰浩特市', '1');
INSERT INTO `mc_district` VALUES ('1589', '44', '699', '170', '阿尔山市', '1');
INSERT INTO `mc_district` VALUES ('1590', '44', '699', '170', '科尔沁右翼前旗', '1');
INSERT INTO `mc_district` VALUES ('1591', '44', '699', '170', '科尔沁右翼中旗', '1');
INSERT INTO `mc_district` VALUES ('1592', '44', '699', '170', '扎赉特旗', '1');
INSERT INTO `mc_district` VALUES ('1593', '44', '699', '170', '突泉县', '1');
INSERT INTO `mc_district` VALUES ('1594', '44', '699', '171', '二连浩特市', '1');
INSERT INTO `mc_district` VALUES ('1595', '44', '699', '171', '锡林浩特市', '1');
INSERT INTO `mc_district` VALUES ('1596', '44', '699', '171', '阿巴嘎旗', '1');
INSERT INTO `mc_district` VALUES ('1597', '44', '699', '171', '苏尼特左旗', '1');
INSERT INTO `mc_district` VALUES ('1598', '44', '699', '171', '苏尼特右旗', '1');
INSERT INTO `mc_district` VALUES ('1599', '44', '699', '171', '东乌珠穆沁旗', '1');
INSERT INTO `mc_district` VALUES ('1600', '44', '699', '171', '西乌珠穆沁旗', '1');
INSERT INTO `mc_district` VALUES ('1601', '44', '699', '171', '太仆寺旗', '1');
INSERT INTO `mc_district` VALUES ('1602', '44', '699', '171', '镶黄旗', '1');
INSERT INTO `mc_district` VALUES ('1603', '44', '699', '171', '正镶白旗', '1');
INSERT INTO `mc_district` VALUES ('1604', '44', '699', '171', '正蓝旗', '1');
INSERT INTO `mc_district` VALUES ('1605', '44', '699', '171', '多伦县', '1');
INSERT INTO `mc_district` VALUES ('1606', '44', '699', '172', '阿拉善左旗', '1');
INSERT INTO `mc_district` VALUES ('1607', '44', '699', '172', '阿拉善右旗', '1');
INSERT INTO `mc_district` VALUES ('1608', '44', '699', '172', '额济纳旗', '1');
INSERT INTO `mc_district` VALUES ('1610', '44', '700', '173', '玄武区', '1');
INSERT INTO `mc_district` VALUES ('1611', '44', '700', '173', '白下区', '1');
INSERT INTO `mc_district` VALUES ('1612', '44', '700', '173', '秦淮区', '1');
INSERT INTO `mc_district` VALUES ('1613', '44', '700', '173', '建邺区', '1');
INSERT INTO `mc_district` VALUES ('1614', '44', '700', '173', '鼓楼区', '1');
INSERT INTO `mc_district` VALUES ('1615', '44', '700', '173', '下关区', '1');
INSERT INTO `mc_district` VALUES ('1616', '44', '700', '173', '浦口区', '1');
INSERT INTO `mc_district` VALUES ('1617', '44', '700', '173', '栖霞区', '1');
INSERT INTO `mc_district` VALUES ('1618', '44', '700', '173', '雨花台区', '1');
INSERT INTO `mc_district` VALUES ('1619', '44', '700', '173', '江宁区', '1');
INSERT INTO `mc_district` VALUES ('1620', '44', '700', '173', '六合区', '1');
INSERT INTO `mc_district` VALUES ('1621', '44', '700', '173', '溧水县', '1');
INSERT INTO `mc_district` VALUES ('1622', '44', '700', '173', '高淳县', '1');
INSERT INTO `mc_district` VALUES ('1624', '44', '700', '174', '崇安区', '1');
INSERT INTO `mc_district` VALUES ('1625', '44', '700', '174', '南长区', '1');
INSERT INTO `mc_district` VALUES ('1626', '44', '700', '174', '北塘区', '1');
INSERT INTO `mc_district` VALUES ('1627', '44', '700', '174', '锡山区', '1');
INSERT INTO `mc_district` VALUES ('1628', '44', '700', '174', '惠山区', '1');
INSERT INTO `mc_district` VALUES ('1629', '44', '700', '174', '滨湖区', '1');
INSERT INTO `mc_district` VALUES ('1630', '44', '700', '174', '江阴市', '1');
INSERT INTO `mc_district` VALUES ('1631', '44', '700', '174', '宜兴市', '1');
INSERT INTO `mc_district` VALUES ('1633', '44', '700', '175', '鼓楼区', '1');
INSERT INTO `mc_district` VALUES ('1634', '44', '700', '175', '云龙区', '1');
INSERT INTO `mc_district` VALUES ('1635', '44', '700', '175', '九里区', '1');
INSERT INTO `mc_district` VALUES ('1636', '44', '700', '175', '贾汪区', '1');
INSERT INTO `mc_district` VALUES ('1637', '44', '700', '175', '泉山区', '1');
INSERT INTO `mc_district` VALUES ('1638', '44', '700', '175', '丰　县', '1');
INSERT INTO `mc_district` VALUES ('1639', '44', '700', '175', '沛　县', '1');
INSERT INTO `mc_district` VALUES ('1640', '44', '700', '175', '铜山县', '1');
INSERT INTO `mc_district` VALUES ('1641', '44', '700', '175', '睢宁县', '1');
INSERT INTO `mc_district` VALUES ('1642', '44', '700', '175', '新沂市', '1');
INSERT INTO `mc_district` VALUES ('1643', '44', '700', '175', '邳州市', '1');
INSERT INTO `mc_district` VALUES ('1645', '44', '700', '176', '天宁区', '1');
INSERT INTO `mc_district` VALUES ('1646', '44', '700', '176', '钟楼区', '1');
INSERT INTO `mc_district` VALUES ('1647', '44', '700', '176', '戚墅堰区', '1');
INSERT INTO `mc_district` VALUES ('1648', '44', '700', '176', '新北区', '1');
INSERT INTO `mc_district` VALUES ('1649', '44', '700', '176', '武进区', '1');
INSERT INTO `mc_district` VALUES ('1650', '44', '700', '176', '溧阳市', '1');
INSERT INTO `mc_district` VALUES ('1651', '44', '700', '176', '金坛市', '1');
INSERT INTO `mc_district` VALUES ('1653', '44', '700', '177', '沧浪区', '1');
INSERT INTO `mc_district` VALUES ('1654', '44', '700', '177', '平江区', '1');
INSERT INTO `mc_district` VALUES ('1655', '44', '700', '177', '金阊区', '1');
INSERT INTO `mc_district` VALUES ('1656', '44', '700', '177', '虎丘区', '1');
INSERT INTO `mc_district` VALUES ('1657', '44', '700', '177', '吴中区', '1');
INSERT INTO `mc_district` VALUES ('1658', '44', '700', '177', '相城区', '1');
INSERT INTO `mc_district` VALUES ('1659', '44', '700', '177', '常熟市', '1');
INSERT INTO `mc_district` VALUES ('1660', '44', '700', '177', '张家港市', '1');
INSERT INTO `mc_district` VALUES ('1661', '44', '700', '177', '昆山市', '1');
INSERT INTO `mc_district` VALUES ('1662', '44', '700', '177', '吴江市', '1');
INSERT INTO `mc_district` VALUES ('1663', '44', '700', '177', '太仓市', '1');
INSERT INTO `mc_district` VALUES ('1665', '44', '700', '178', '崇川区', '1');
INSERT INTO `mc_district` VALUES ('1666', '44', '700', '178', '港闸区', '1');
INSERT INTO `mc_district` VALUES ('1667', '44', '700', '178', '海安县', '1');
INSERT INTO `mc_district` VALUES ('1668', '44', '700', '178', '如东县', '1');
INSERT INTO `mc_district` VALUES ('1669', '44', '700', '178', '启东市', '1');
INSERT INTO `mc_district` VALUES ('1670', '44', '700', '178', '如皋市', '1');
INSERT INTO `mc_district` VALUES ('1671', '44', '700', '178', '通州市', '1');
INSERT INTO `mc_district` VALUES ('1672', '44', '700', '178', '海门市', '1');
INSERT INTO `mc_district` VALUES ('1674', '44', '700', '179', '连云区', '1');
INSERT INTO `mc_district` VALUES ('1675', '44', '700', '179', '新浦区', '1');
INSERT INTO `mc_district` VALUES ('1676', '44', '700', '179', '海州区', '1');
INSERT INTO `mc_district` VALUES ('1677', '44', '700', '179', '赣榆县', '1');
INSERT INTO `mc_district` VALUES ('1678', '44', '700', '179', '东海县', '1');
INSERT INTO `mc_district` VALUES ('1679', '44', '700', '179', '灌云县', '1');
INSERT INTO `mc_district` VALUES ('1680', '44', '700', '179', '灌南县', '1');
INSERT INTO `mc_district` VALUES ('1682', '44', '700', '180', '清河区', '1');
INSERT INTO `mc_district` VALUES ('1683', '44', '700', '180', '楚州区', '1');
INSERT INTO `mc_district` VALUES ('1684', '44', '700', '180', '淮阴区', '1');
INSERT INTO `mc_district` VALUES ('1685', '44', '700', '180', '清浦区', '1');
INSERT INTO `mc_district` VALUES ('1686', '44', '700', '180', '涟水县', '1');
INSERT INTO `mc_district` VALUES ('1687', '44', '700', '180', '洪泽县', '1');
INSERT INTO `mc_district` VALUES ('1688', '44', '700', '180', '盱眙县', '1');
INSERT INTO `mc_district` VALUES ('1689', '44', '700', '180', '金湖县', '1');
INSERT INTO `mc_district` VALUES ('1691', '44', '700', '181', '亭湖区', '1');
INSERT INTO `mc_district` VALUES ('1692', '44', '700', '181', '盐都区', '1');
INSERT INTO `mc_district` VALUES ('1693', '44', '700', '181', '响水县', '1');
INSERT INTO `mc_district` VALUES ('1694', '44', '700', '181', '滨海县', '1');
INSERT INTO `mc_district` VALUES ('1695', '44', '700', '181', '阜宁县', '1');
INSERT INTO `mc_district` VALUES ('1696', '44', '700', '181', '射阳县', '1');
INSERT INTO `mc_district` VALUES ('1697', '44', '700', '181', '建湖县', '1');
INSERT INTO `mc_district` VALUES ('1698', '44', '700', '181', '东台市', '1');
INSERT INTO `mc_district` VALUES ('1699', '44', '700', '181', '大丰市', '1');
INSERT INTO `mc_district` VALUES ('1701', '44', '700', '182', '广陵区', '1');
INSERT INTO `mc_district` VALUES ('1702', '44', '700', '182', '邗江区', '1');
INSERT INTO `mc_district` VALUES ('1703', '44', '700', '182', '郊　区', '1');
INSERT INTO `mc_district` VALUES ('1704', '44', '700', '182', '宝应县', '1');
INSERT INTO `mc_district` VALUES ('1705', '44', '700', '182', '仪征市', '1');
INSERT INTO `mc_district` VALUES ('1706', '44', '700', '182', '高邮市', '1');
INSERT INTO `mc_district` VALUES ('1707', '44', '700', '182', '江都市', '1');
INSERT INTO `mc_district` VALUES ('1709', '44', '700', '183', '京口区', '1');
INSERT INTO `mc_district` VALUES ('1710', '44', '700', '183', '润州区', '1');
INSERT INTO `mc_district` VALUES ('1711', '44', '700', '183', '丹徒区', '1');
INSERT INTO `mc_district` VALUES ('1712', '44', '700', '183', '丹阳市', '1');
INSERT INTO `mc_district` VALUES ('1713', '44', '700', '183', '扬中市', '1');
INSERT INTO `mc_district` VALUES ('1714', '44', '700', '183', '句容市', '1');
INSERT INTO `mc_district` VALUES ('1716', '44', '700', '184', '海陵区', '1');
INSERT INTO `mc_district` VALUES ('1717', '44', '700', '184', '高港区', '1');
INSERT INTO `mc_district` VALUES ('1718', '44', '700', '184', '兴化市', '1');
INSERT INTO `mc_district` VALUES ('1719', '44', '700', '184', '靖江市', '1');
INSERT INTO `mc_district` VALUES ('1720', '44', '700', '184', '泰兴市', '1');
INSERT INTO `mc_district` VALUES ('1721', '44', '700', '184', '姜堰市', '1');
INSERT INTO `mc_district` VALUES ('1723', '44', '700', '185', '宿城区', '1');
INSERT INTO `mc_district` VALUES ('1724', '44', '700', '185', '宿豫区', '1');
INSERT INTO `mc_district` VALUES ('1725', '44', '700', '185', '沭阳县', '1');
INSERT INTO `mc_district` VALUES ('1726', '44', '700', '185', '泗阳县', '1');
INSERT INTO `mc_district` VALUES ('1727', '44', '700', '185', '泗洪县', '1');
INSERT INTO `mc_district` VALUES ('1729', '44', '701', '186', '东湖区', '1');
INSERT INTO `mc_district` VALUES ('1730', '44', '701', '186', '西湖区', '1');
INSERT INTO `mc_district` VALUES ('1731', '44', '701', '186', '青云谱区', '1');
INSERT INTO `mc_district` VALUES ('1732', '44', '701', '186', '湾里区', '1');
INSERT INTO `mc_district` VALUES ('1733', '44', '701', '186', '青山湖区', '1');
INSERT INTO `mc_district` VALUES ('1734', '44', '701', '186', '南昌县', '1');
INSERT INTO `mc_district` VALUES ('1735', '44', '701', '186', '新建县', '1');
INSERT INTO `mc_district` VALUES ('1736', '44', '701', '186', '安义县', '1');
INSERT INTO `mc_district` VALUES ('1737', '44', '701', '186', '进贤县', '1');
INSERT INTO `mc_district` VALUES ('1739', '44', '701', '187', '昌江区', '1');
INSERT INTO `mc_district` VALUES ('1740', '44', '701', '187', '珠山区', '1');
INSERT INTO `mc_district` VALUES ('1741', '44', '701', '187', '浮梁县', '1');
INSERT INTO `mc_district` VALUES ('1742', '44', '701', '187', '乐平市', '1');
INSERT INTO `mc_district` VALUES ('1744', '44', '701', '188', '安源区', '1');
INSERT INTO `mc_district` VALUES ('1745', '44', '701', '188', '湘东区', '1');
INSERT INTO `mc_district` VALUES ('1746', '44', '701', '188', '莲花县', '1');
INSERT INTO `mc_district` VALUES ('1747', '44', '701', '188', '上栗县', '1');
INSERT INTO `mc_district` VALUES ('1748', '44', '701', '188', '芦溪县', '1');
INSERT INTO `mc_district` VALUES ('1750', '44', '701', '189', '庐山区', '1');
INSERT INTO `mc_district` VALUES ('1751', '44', '701', '189', '浔阳区', '1');
INSERT INTO `mc_district` VALUES ('1752', '44', '701', '189', '九江县', '1');
INSERT INTO `mc_district` VALUES ('1753', '44', '701', '189', '武宁县', '1');
INSERT INTO `mc_district` VALUES ('1754', '44', '701', '189', '修水县', '1');
INSERT INTO `mc_district` VALUES ('1755', '44', '701', '189', '永修县', '1');
INSERT INTO `mc_district` VALUES ('1756', '44', '701', '189', '德安县', '1');
INSERT INTO `mc_district` VALUES ('1757', '44', '701', '189', '星子县', '1');
INSERT INTO `mc_district` VALUES ('1758', '44', '701', '189', '都昌县', '1');
INSERT INTO `mc_district` VALUES ('1759', '44', '701', '189', '湖口县', '1');
INSERT INTO `mc_district` VALUES ('1760', '44', '701', '189', '彭泽县', '1');
INSERT INTO `mc_district` VALUES ('1761', '44', '701', '189', '瑞昌市', '1');
INSERT INTO `mc_district` VALUES ('1763', '44', '701', '190', '渝水区', '1');
INSERT INTO `mc_district` VALUES ('1764', '44', '701', '190', '分宜县', '1');
INSERT INTO `mc_district` VALUES ('1766', '44', '701', '191', '月湖区', '1');
INSERT INTO `mc_district` VALUES ('1767', '44', '701', '191', '余江县', '1');
INSERT INTO `mc_district` VALUES ('1768', '44', '701', '191', '贵溪市', '1');
INSERT INTO `mc_district` VALUES ('1770', '44', '701', '192', '章贡区', '1');
INSERT INTO `mc_district` VALUES ('1771', '44', '701', '192', '赣　县', '1');
INSERT INTO `mc_district` VALUES ('1772', '44', '701', '192', '信丰县', '1');
INSERT INTO `mc_district` VALUES ('1773', '44', '701', '192', '大余县', '1');
INSERT INTO `mc_district` VALUES ('1774', '44', '701', '192', '上犹县', '1');
INSERT INTO `mc_district` VALUES ('1775', '44', '701', '192', '崇义县', '1');
INSERT INTO `mc_district` VALUES ('1776', '44', '701', '192', '安远县', '1');
INSERT INTO `mc_district` VALUES ('1777', '44', '701', '192', '龙南县', '1');
INSERT INTO `mc_district` VALUES ('1778', '44', '701', '192', '定南县', '1');
INSERT INTO `mc_district` VALUES ('1779', '44', '701', '192', '全南县', '1');
INSERT INTO `mc_district` VALUES ('1780', '44', '701', '192', '宁都县', '1');
INSERT INTO `mc_district` VALUES ('1781', '44', '701', '192', '于都县', '1');
INSERT INTO `mc_district` VALUES ('1782', '44', '701', '192', '兴国县', '1');
INSERT INTO `mc_district` VALUES ('1783', '44', '701', '192', '会昌县', '1');
INSERT INTO `mc_district` VALUES ('1784', '44', '701', '192', '寻乌县', '1');
INSERT INTO `mc_district` VALUES ('1785', '44', '701', '192', '石城县', '1');
INSERT INTO `mc_district` VALUES ('1786', '44', '701', '192', '瑞金市', '1');
INSERT INTO `mc_district` VALUES ('1787', '44', '701', '192', '南康市', '1');
INSERT INTO `mc_district` VALUES ('1789', '44', '701', '193', '吉州区', '1');
INSERT INTO `mc_district` VALUES ('1790', '44', '701', '193', '青原区', '1');
INSERT INTO `mc_district` VALUES ('1791', '44', '701', '193', '吉安县', '1');
INSERT INTO `mc_district` VALUES ('1792', '44', '701', '193', '吉水县', '1');
INSERT INTO `mc_district` VALUES ('1793', '44', '701', '193', '峡江县', '1');
INSERT INTO `mc_district` VALUES ('1794', '44', '701', '193', '新干县', '1');
INSERT INTO `mc_district` VALUES ('1795', '44', '701', '193', '永丰县', '1');
INSERT INTO `mc_district` VALUES ('1796', '44', '701', '193', '泰和县', '1');
INSERT INTO `mc_district` VALUES ('1797', '44', '701', '193', '遂川县', '1');
INSERT INTO `mc_district` VALUES ('1798', '44', '701', '193', '万安县', '1');
INSERT INTO `mc_district` VALUES ('1799', '44', '701', '193', '安福县', '1');
INSERT INTO `mc_district` VALUES ('1800', '44', '701', '193', '永新县', '1');
INSERT INTO `mc_district` VALUES ('1801', '44', '701', '193', '井冈山市', '1');
INSERT INTO `mc_district` VALUES ('1803', '44', '701', '194', '袁州区', '1');
INSERT INTO `mc_district` VALUES ('1804', '44', '701', '194', '奉新县', '1');
INSERT INTO `mc_district` VALUES ('1805', '44', '701', '194', '万载县', '1');
INSERT INTO `mc_district` VALUES ('1806', '44', '701', '194', '上高县', '1');
INSERT INTO `mc_district` VALUES ('1807', '44', '701', '194', '宜丰县', '1');
INSERT INTO `mc_district` VALUES ('1808', '44', '701', '194', '靖安县', '1');
INSERT INTO `mc_district` VALUES ('1809', '44', '701', '194', '铜鼓县', '1');
INSERT INTO `mc_district` VALUES ('1810', '44', '701', '194', '丰城市', '1');
INSERT INTO `mc_district` VALUES ('1811', '44', '701', '194', '樟树市', '1');
INSERT INTO `mc_district` VALUES ('1812', '44', '701', '194', '高安市', '1');
INSERT INTO `mc_district` VALUES ('1814', '44', '701', '195', '临川区', '1');
INSERT INTO `mc_district` VALUES ('1815', '44', '701', '195', '南城县', '1');
INSERT INTO `mc_district` VALUES ('1816', '44', '701', '195', '黎川县', '1');
INSERT INTO `mc_district` VALUES ('1817', '44', '701', '195', '南丰县', '1');
INSERT INTO `mc_district` VALUES ('1818', '44', '701', '195', '崇仁县', '1');
INSERT INTO `mc_district` VALUES ('1819', '44', '701', '195', '乐安县', '1');
INSERT INTO `mc_district` VALUES ('1820', '44', '701', '195', '宜黄县', '1');
INSERT INTO `mc_district` VALUES ('1821', '44', '701', '195', '金溪县', '1');
INSERT INTO `mc_district` VALUES ('1822', '44', '701', '195', '资溪县', '1');
INSERT INTO `mc_district` VALUES ('1823', '44', '701', '195', '东乡县', '1');
INSERT INTO `mc_district` VALUES ('1824', '44', '701', '195', '广昌县', '1');
INSERT INTO `mc_district` VALUES ('1826', '44', '701', '196', '信州区', '1');
INSERT INTO `mc_district` VALUES ('1827', '44', '701', '196', '上饶县', '1');
INSERT INTO `mc_district` VALUES ('1828', '44', '701', '196', '广丰县', '1');
INSERT INTO `mc_district` VALUES ('1829', '44', '701', '196', '玉山县', '1');
INSERT INTO `mc_district` VALUES ('1830', '44', '701', '196', '铅山县', '1');
INSERT INTO `mc_district` VALUES ('1831', '44', '701', '196', '横峰县', '1');
INSERT INTO `mc_district` VALUES ('1832', '44', '701', '196', '弋阳县', '1');
INSERT INTO `mc_district` VALUES ('1833', '44', '701', '196', '余干县', '1');
INSERT INTO `mc_district` VALUES ('1834', '44', '701', '196', '鄱阳县', '1');
INSERT INTO `mc_district` VALUES ('1835', '44', '701', '196', '万年县', '1');
INSERT INTO `mc_district` VALUES ('1836', '44', '701', '196', '婺源县', '1');
INSERT INTO `mc_district` VALUES ('1837', '44', '701', '196', '德兴市', '1');
INSERT INTO `mc_district` VALUES ('1839', '44', '702', '197', '南关区', '1');
INSERT INTO `mc_district` VALUES ('1840', '44', '702', '197', '宽城区', '1');
INSERT INTO `mc_district` VALUES ('1841', '44', '702', '197', '朝阳区', '1');
INSERT INTO `mc_district` VALUES ('1842', '44', '702', '197', '二道区', '1');
INSERT INTO `mc_district` VALUES ('1843', '44', '702', '197', '绿园区', '1');
INSERT INTO `mc_district` VALUES ('1844', '44', '702', '197', '双阳区', '1');
INSERT INTO `mc_district` VALUES ('1845', '44', '702', '197', '农安县', '1');
INSERT INTO `mc_district` VALUES ('1846', '44', '702', '197', '九台市', '1');
INSERT INTO `mc_district` VALUES ('1847', '44', '702', '197', '榆树市', '1');
INSERT INTO `mc_district` VALUES ('1848', '44', '702', '197', '德惠市', '1');
INSERT INTO `mc_district` VALUES ('1850', '44', '702', '198', '昌邑区', '1');
INSERT INTO `mc_district` VALUES ('1851', '44', '702', '198', '龙潭区', '1');
INSERT INTO `mc_district` VALUES ('1852', '44', '702', '198', '船营区', '1');
INSERT INTO `mc_district` VALUES ('1853', '44', '702', '198', '丰满区', '1');
INSERT INTO `mc_district` VALUES ('1854', '44', '702', '198', '永吉县', '1');
INSERT INTO `mc_district` VALUES ('1855', '44', '702', '198', '蛟河市', '1');
INSERT INTO `mc_district` VALUES ('1856', '44', '702', '198', '桦甸市', '1');
INSERT INTO `mc_district` VALUES ('1857', '44', '702', '198', '舒兰市', '1');
INSERT INTO `mc_district` VALUES ('1858', '44', '702', '198', '磐石市', '1');
INSERT INTO `mc_district` VALUES ('1860', '44', '702', '199', '铁西区', '1');
INSERT INTO `mc_district` VALUES ('1861', '44', '702', '199', '铁东区', '1');
INSERT INTO `mc_district` VALUES ('1862', '44', '702', '199', '梨树县', '1');
INSERT INTO `mc_district` VALUES ('1863', '44', '702', '199', '伊通满族自治县', '1');
INSERT INTO `mc_district` VALUES ('1864', '44', '702', '199', '公主岭市', '1');
INSERT INTO `mc_district` VALUES ('1865', '44', '702', '199', '双辽市', '1');
INSERT INTO `mc_district` VALUES ('1867', '44', '702', '200', '龙山区', '1');
INSERT INTO `mc_district` VALUES ('1868', '44', '702', '200', '西安区', '1');
INSERT INTO `mc_district` VALUES ('1869', '44', '702', '200', '东丰县', '1');
INSERT INTO `mc_district` VALUES ('1870', '44', '702', '200', '东辽县', '1');
INSERT INTO `mc_district` VALUES ('1872', '44', '702', '201', '东昌区', '1');
INSERT INTO `mc_district` VALUES ('1873', '44', '702', '201', '二道江区', '1');
INSERT INTO `mc_district` VALUES ('1874', '44', '702', '201', '通化县', '1');
INSERT INTO `mc_district` VALUES ('1875', '44', '702', '201', '辉南县', '1');
INSERT INTO `mc_district` VALUES ('1876', '44', '702', '201', '柳河县', '1');
INSERT INTO `mc_district` VALUES ('1877', '44', '702', '201', '梅河口市', '1');
INSERT INTO `mc_district` VALUES ('1878', '44', '702', '201', '集安市', '1');
INSERT INTO `mc_district` VALUES ('1880', '44', '702', '202', '八道江区', '1');
INSERT INTO `mc_district` VALUES ('1881', '44', '702', '202', '抚松县', '1');
INSERT INTO `mc_district` VALUES ('1882', '44', '702', '202', '靖宇县', '1');
INSERT INTO `mc_district` VALUES ('1883', '44', '702', '202', '长白朝鲜族自治县', '1');
INSERT INTO `mc_district` VALUES ('1884', '44', '702', '202', '江源县', '1');
INSERT INTO `mc_district` VALUES ('1885', '44', '702', '202', '临江市', '1');
INSERT INTO `mc_district` VALUES ('1887', '44', '702', '203', '宁江区', '1');
INSERT INTO `mc_district` VALUES ('1888', '44', '702', '203', '前郭尔罗斯蒙古族自治县', '1');
INSERT INTO `mc_district` VALUES ('1889', '44', '702', '203', '长岭县', '1');
INSERT INTO `mc_district` VALUES ('1890', '44', '702', '203', '乾安县', '1');
INSERT INTO `mc_district` VALUES ('1891', '44', '702', '203', '扶余县', '1');
INSERT INTO `mc_district` VALUES ('1893', '44', '702', '204', '洮北区', '1');
INSERT INTO `mc_district` VALUES ('1894', '44', '702', '204', '镇赉县', '1');
INSERT INTO `mc_district` VALUES ('1895', '44', '702', '204', '通榆县', '1');
INSERT INTO `mc_district` VALUES ('1896', '44', '702', '204', '洮南市', '1');
INSERT INTO `mc_district` VALUES ('1897', '44', '702', '204', '大安市', '1');
INSERT INTO `mc_district` VALUES ('1898', '44', '702', '205', '延吉市', '1');
INSERT INTO `mc_district` VALUES ('1899', '44', '702', '205', '图们市', '1');
INSERT INTO `mc_district` VALUES ('1900', '44', '702', '205', '敦化市', '1');
INSERT INTO `mc_district` VALUES ('1901', '44', '702', '205', '珲春市', '1');
INSERT INTO `mc_district` VALUES ('1902', '44', '702', '205', '龙井市', '1');
INSERT INTO `mc_district` VALUES ('1903', '44', '702', '205', '和龙市', '1');
INSERT INTO `mc_district` VALUES ('1904', '44', '702', '205', '汪清县', '1');
INSERT INTO `mc_district` VALUES ('1905', '44', '702', '205', '安图县', '1');
INSERT INTO `mc_district` VALUES ('1907', '44', '703', '206', '和平区', '1');
INSERT INTO `mc_district` VALUES ('1908', '44', '703', '206', '沈河区', '1');
INSERT INTO `mc_district` VALUES ('1909', '44', '703', '206', '大东区', '1');
INSERT INTO `mc_district` VALUES ('1910', '44', '703', '206', '皇姑区', '1');
INSERT INTO `mc_district` VALUES ('1911', '44', '703', '206', '铁西区', '1');
INSERT INTO `mc_district` VALUES ('1912', '44', '703', '206', '苏家屯区', '1');
INSERT INTO `mc_district` VALUES ('1913', '44', '703', '206', '东陵区', '1');
INSERT INTO `mc_district` VALUES ('1914', '44', '703', '206', '新城子区', '1');
INSERT INTO `mc_district` VALUES ('1915', '44', '703', '206', '于洪区', '1');
INSERT INTO `mc_district` VALUES ('1916', '44', '703', '206', '辽中县', '1');
INSERT INTO `mc_district` VALUES ('1917', '44', '703', '206', '康平县', '1');
INSERT INTO `mc_district` VALUES ('1918', '44', '703', '206', '法库县', '1');
INSERT INTO `mc_district` VALUES ('1919', '44', '703', '206', '新民市', '1');
INSERT INTO `mc_district` VALUES ('1921', '44', '703', '207', '中山区', '1');
INSERT INTO `mc_district` VALUES ('1922', '44', '703', '207', '西岗区', '1');
INSERT INTO `mc_district` VALUES ('1923', '44', '703', '207', '沙河口区', '1');
INSERT INTO `mc_district` VALUES ('1924', '44', '703', '207', '甘井子区', '1');
INSERT INTO `mc_district` VALUES ('1925', '44', '703', '207', '旅顺口区', '1');
INSERT INTO `mc_district` VALUES ('1926', '44', '703', '207', '金州区', '1');
INSERT INTO `mc_district` VALUES ('1927', '44', '703', '207', '长海县', '1');
INSERT INTO `mc_district` VALUES ('1928', '44', '703', '207', '瓦房店市', '1');
INSERT INTO `mc_district` VALUES ('1929', '44', '703', '207', '普兰店市', '1');
INSERT INTO `mc_district` VALUES ('1930', '44', '703', '207', '庄河市', '1');
INSERT INTO `mc_district` VALUES ('1932', '44', '703', '208', '铁东区', '1');
INSERT INTO `mc_district` VALUES ('1933', '44', '703', '208', '铁西区', '1');
INSERT INTO `mc_district` VALUES ('1934', '44', '703', '208', '立山区', '1');
INSERT INTO `mc_district` VALUES ('1935', '44', '703', '208', '千山区', '1');
INSERT INTO `mc_district` VALUES ('1936', '44', '703', '208', '台安县', '1');
INSERT INTO `mc_district` VALUES ('1937', '44', '703', '208', '岫岩满族自治县', '1');
INSERT INTO `mc_district` VALUES ('1938', '44', '703', '208', '海城市', '1');
INSERT INTO `mc_district` VALUES ('1940', '44', '703', '209', '新抚区', '1');
INSERT INTO `mc_district` VALUES ('1941', '44', '703', '209', '东洲区', '1');
INSERT INTO `mc_district` VALUES ('1942', '44', '703', '209', '望花区', '1');
INSERT INTO `mc_district` VALUES ('1943', '44', '703', '209', '顺城区', '1');
INSERT INTO `mc_district` VALUES ('1944', '44', '703', '209', '抚顺县', '1');
INSERT INTO `mc_district` VALUES ('1945', '44', '703', '209', '新宾满族自治县', '1');
INSERT INTO `mc_district` VALUES ('1946', '44', '703', '209', '清原满族自治县', '1');
INSERT INTO `mc_district` VALUES ('1948', '44', '703', '210', '平山区', '1');
INSERT INTO `mc_district` VALUES ('1949', '44', '703', '210', '溪湖区', '1');
INSERT INTO `mc_district` VALUES ('1950', '44', '703', '210', '明山区', '1');
INSERT INTO `mc_district` VALUES ('1951', '44', '703', '210', '南芬区', '1');
INSERT INTO `mc_district` VALUES ('1952', '44', '703', '210', '本溪满族自治县', '1');
INSERT INTO `mc_district` VALUES ('1953', '44', '703', '210', '桓仁满族自治县', '1');
INSERT INTO `mc_district` VALUES ('1955', '44', '703', '211', '元宝区', '1');
INSERT INTO `mc_district` VALUES ('1956', '44', '703', '211', '振兴区', '1');
INSERT INTO `mc_district` VALUES ('1957', '44', '703', '211', '振安区', '1');
INSERT INTO `mc_district` VALUES ('1958', '44', '703', '211', '宽甸满族自治县', '1');
INSERT INTO `mc_district` VALUES ('1959', '44', '703', '211', '东港市', '1');
INSERT INTO `mc_district` VALUES ('1960', '44', '703', '211', '凤城市', '1');
INSERT INTO `mc_district` VALUES ('1962', '44', '703', '212', '古塔区', '1');
INSERT INTO `mc_district` VALUES ('1963', '44', '703', '212', '凌河区', '1');
INSERT INTO `mc_district` VALUES ('1964', '44', '703', '212', '太和区', '1');
INSERT INTO `mc_district` VALUES ('1965', '44', '703', '212', '黑山县', '1');
INSERT INTO `mc_district` VALUES ('1966', '44', '703', '212', '义　县', '1');
INSERT INTO `mc_district` VALUES ('1967', '44', '703', '212', '凌海市', '1');
INSERT INTO `mc_district` VALUES ('1968', '44', '703', '212', '北宁市', '1');
INSERT INTO `mc_district` VALUES ('1970', '44', '703', '213', '站前区', '1');
INSERT INTO `mc_district` VALUES ('1971', '44', '703', '213', '西市区', '1');
INSERT INTO `mc_district` VALUES ('1972', '44', '703', '213', '鲅鱼圈区', '1');
INSERT INTO `mc_district` VALUES ('1973', '44', '703', '213', '老边区', '1');
INSERT INTO `mc_district` VALUES ('1974', '44', '703', '213', '盖州市', '1');
INSERT INTO `mc_district` VALUES ('1975', '44', '703', '213', '大石桥市', '1');
INSERT INTO `mc_district` VALUES ('1977', '44', '703', '214', '海州区', '1');
INSERT INTO `mc_district` VALUES ('1978', '44', '703', '214', '新邱区', '1');
INSERT INTO `mc_district` VALUES ('1979', '44', '703', '214', '太平区', '1');
INSERT INTO `mc_district` VALUES ('1980', '44', '703', '214', '清河门区', '1');
INSERT INTO `mc_district` VALUES ('1981', '44', '703', '214', '细河区', '1');
INSERT INTO `mc_district` VALUES ('1982', '44', '703', '214', '阜新蒙古族自治县', '1');
INSERT INTO `mc_district` VALUES ('1983', '44', '703', '214', '彰武县', '1');
INSERT INTO `mc_district` VALUES ('1985', '44', '703', '215', '白塔区', '1');
INSERT INTO `mc_district` VALUES ('1986', '44', '703', '215', '文圣区', '1');
INSERT INTO `mc_district` VALUES ('1987', '44', '703', '215', '宏伟区', '1');
INSERT INTO `mc_district` VALUES ('1988', '44', '703', '215', '弓长岭区', '1');
INSERT INTO `mc_district` VALUES ('1989', '44', '703', '215', '太子河区', '1');
INSERT INTO `mc_district` VALUES ('1990', '44', '703', '215', '辽阳县', '1');
INSERT INTO `mc_district` VALUES ('1991', '44', '703', '215', '灯塔市', '1');
INSERT INTO `mc_district` VALUES ('1993', '44', '703', '216', '双台子区', '1');
INSERT INTO `mc_district` VALUES ('1994', '44', '703', '216', '兴隆台区', '1');
INSERT INTO `mc_district` VALUES ('1995', '44', '703', '216', '大洼县', '1');
INSERT INTO `mc_district` VALUES ('1996', '44', '703', '216', '盘山县', '1');
INSERT INTO `mc_district` VALUES ('1998', '44', '703', '217', '银州区', '1');
INSERT INTO `mc_district` VALUES ('1999', '44', '703', '217', '清河区', '1');
INSERT INTO `mc_district` VALUES ('2000', '44', '703', '217', '铁岭县', '1');
INSERT INTO `mc_district` VALUES ('2001', '44', '703', '217', '西丰县', '1');
INSERT INTO `mc_district` VALUES ('2002', '44', '703', '217', '昌图县', '1');
INSERT INTO `mc_district` VALUES ('2003', '44', '703', '217', '调兵山市', '1');
INSERT INTO `mc_district` VALUES ('2004', '44', '703', '217', '开原市', '1');
INSERT INTO `mc_district` VALUES ('2006', '44', '703', '218', '双塔区', '1');
INSERT INTO `mc_district` VALUES ('2007', '44', '703', '218', '龙城区', '1');
INSERT INTO `mc_district` VALUES ('2008', '44', '703', '218', '朝阳县', '1');
INSERT INTO `mc_district` VALUES ('2009', '44', '703', '218', '建平县', '1');
INSERT INTO `mc_district` VALUES ('2010', '44', '703', '218', '喀喇沁左翼蒙古族自治县', '1');
INSERT INTO `mc_district` VALUES ('2011', '44', '703', '218', '北票市', '1');
INSERT INTO `mc_district` VALUES ('2012', '44', '703', '218', '凌源市', '1');
INSERT INTO `mc_district` VALUES ('2014', '44', '703', '219', '连山区', '1');
INSERT INTO `mc_district` VALUES ('2015', '44', '703', '219', '龙港区', '1');
INSERT INTO `mc_district` VALUES ('2016', '44', '703', '219', '南票区', '1');
INSERT INTO `mc_district` VALUES ('2017', '44', '703', '219', '绥中县', '1');
INSERT INTO `mc_district` VALUES ('2018', '44', '703', '219', '建昌县', '1');
INSERT INTO `mc_district` VALUES ('2019', '44', '703', '219', '兴城市', '1');
INSERT INTO `mc_district` VALUES ('2021', '44', '705', '220', '兴庆区', '1');
INSERT INTO `mc_district` VALUES ('2022', '44', '705', '220', '西夏区', '1');
INSERT INTO `mc_district` VALUES ('2023', '44', '705', '220', '金凤区', '1');
INSERT INTO `mc_district` VALUES ('2024', '44', '705', '220', '永宁县', '1');
INSERT INTO `mc_district` VALUES ('2025', '44', '705', '220', '贺兰县', '1');
INSERT INTO `mc_district` VALUES ('2026', '44', '705', '220', '灵武市', '1');
INSERT INTO `mc_district` VALUES ('2028', '44', '705', '221', '大武口区', '1');
INSERT INTO `mc_district` VALUES ('2029', '44', '705', '221', '惠农区', '1');
INSERT INTO `mc_district` VALUES ('2030', '44', '705', '221', '平罗县', '1');
INSERT INTO `mc_district` VALUES ('2032', '44', '705', '222', '利通区', '1');
INSERT INTO `mc_district` VALUES ('2033', '44', '705', '222', '盐池县', '1');
INSERT INTO `mc_district` VALUES ('2034', '44', '705', '222', '同心县', '1');
INSERT INTO `mc_district` VALUES ('2035', '44', '705', '222', '青铜峡市', '1');
INSERT INTO `mc_district` VALUES ('2037', '44', '705', '223', '原州区', '1');
INSERT INTO `mc_district` VALUES ('2038', '44', '705', '223', '西吉县', '1');
INSERT INTO `mc_district` VALUES ('2039', '44', '705', '223', '隆德县', '1');
INSERT INTO `mc_district` VALUES ('2040', '44', '705', '223', '泾源县', '1');
INSERT INTO `mc_district` VALUES ('2041', '44', '705', '223', '彭阳县', '1');
INSERT INTO `mc_district` VALUES ('2043', '44', '705', '224', '沙坡头区', '1');
INSERT INTO `mc_district` VALUES ('2044', '44', '705', '224', '中宁县', '1');
INSERT INTO `mc_district` VALUES ('2045', '44', '705', '224', '海原县', '1');
INSERT INTO `mc_district` VALUES ('2047', '44', '706', '225', '新城区', '1');
INSERT INTO `mc_district` VALUES ('2048', '44', '706', '225', '碑林区', '1');
INSERT INTO `mc_district` VALUES ('2049', '44', '706', '225', '莲湖区', '1');
INSERT INTO `mc_district` VALUES ('2050', '44', '706', '225', '灞桥区', '1');
INSERT INTO `mc_district` VALUES ('2051', '44', '706', '225', '未央区', '1');
INSERT INTO `mc_district` VALUES ('2052', '44', '706', '225', '雁塔区', '1');
INSERT INTO `mc_district` VALUES ('2053', '44', '706', '225', '阎良区', '1');
INSERT INTO `mc_district` VALUES ('2054', '44', '706', '225', '临潼区', '1');
INSERT INTO `mc_district` VALUES ('2055', '44', '706', '225', '长安区', '1');
INSERT INTO `mc_district` VALUES ('2056', '44', '706', '225', '蓝田县', '1');
INSERT INTO `mc_district` VALUES ('2057', '44', '706', '225', '周至县', '1');
INSERT INTO `mc_district` VALUES ('2058', '44', '706', '225', '户　县', '1');
INSERT INTO `mc_district` VALUES ('2059', '44', '706', '225', '高陵县', '1');
INSERT INTO `mc_district` VALUES ('2061', '44', '706', '226', '王益区', '1');
INSERT INTO `mc_district` VALUES ('2062', '44', '706', '226', '印台区', '1');
INSERT INTO `mc_district` VALUES ('2063', '44', '706', '226', '耀州区', '1');
INSERT INTO `mc_district` VALUES ('2064', '44', '706', '226', '宜君县', '1');
INSERT INTO `mc_district` VALUES ('2066', '44', '706', '227', '渭滨区', '1');
INSERT INTO `mc_district` VALUES ('2067', '44', '706', '227', '金台区', '1');
INSERT INTO `mc_district` VALUES ('2068', '44', '706', '227', '陈仓区', '1');
INSERT INTO `mc_district` VALUES ('2069', '44', '706', '227', '凤翔县', '1');
INSERT INTO `mc_district` VALUES ('2070', '44', '706', '227', '岐山县', '1');
INSERT INTO `mc_district` VALUES ('2071', '44', '706', '227', '扶风县', '1');
INSERT INTO `mc_district` VALUES ('2072', '44', '706', '227', '眉　县', '1');
INSERT INTO `mc_district` VALUES ('2073', '44', '706', '227', '陇　县', '1');
INSERT INTO `mc_district` VALUES ('2074', '44', '706', '227', '千阳县', '1');
INSERT INTO `mc_district` VALUES ('2075', '44', '706', '227', '麟游县', '1');
INSERT INTO `mc_district` VALUES ('2076', '44', '706', '227', '凤　县', '1');
INSERT INTO `mc_district` VALUES ('2077', '44', '706', '227', '太白县', '1');
INSERT INTO `mc_district` VALUES ('2079', '44', '706', '228', '秦都区', '1');
INSERT INTO `mc_district` VALUES ('2080', '44', '706', '228', '杨凌区', '1');
INSERT INTO `mc_district` VALUES ('2081', '44', '706', '228', '渭城区', '1');
INSERT INTO `mc_district` VALUES ('2082', '44', '706', '228', '三原县', '1');
INSERT INTO `mc_district` VALUES ('2083', '44', '706', '228', '泾阳县', '1');
INSERT INTO `mc_district` VALUES ('2084', '44', '706', '228', '乾　县', '1');
INSERT INTO `mc_district` VALUES ('2085', '44', '706', '228', '礼泉县', '1');
INSERT INTO `mc_district` VALUES ('2086', '44', '706', '228', '永寿县', '1');
INSERT INTO `mc_district` VALUES ('2087', '44', '706', '228', '彬　县', '1');
INSERT INTO `mc_district` VALUES ('2088', '44', '706', '228', '长武县', '1');
INSERT INTO `mc_district` VALUES ('2089', '44', '706', '228', '旬邑县', '1');
INSERT INTO `mc_district` VALUES ('2090', '44', '706', '228', '淳化县', '1');
INSERT INTO `mc_district` VALUES ('2091', '44', '706', '228', '武功县', '1');
INSERT INTO `mc_district` VALUES ('2092', '44', '706', '228', '兴平市', '1');
INSERT INTO `mc_district` VALUES ('2094', '44', '706', '229', '临渭区', '1');
INSERT INTO `mc_district` VALUES ('2095', '44', '706', '229', '华　县', '1');
INSERT INTO `mc_district` VALUES ('2096', '44', '706', '229', '潼关县', '1');
INSERT INTO `mc_district` VALUES ('2097', '44', '706', '229', '大荔县', '1');
INSERT INTO `mc_district` VALUES ('2098', '44', '706', '229', '合阳县', '1');
INSERT INTO `mc_district` VALUES ('2099', '44', '706', '229', '澄城县', '1');
INSERT INTO `mc_district` VALUES ('2100', '44', '706', '229', '蒲城县', '1');
INSERT INTO `mc_district` VALUES ('2101', '44', '706', '229', '白水县', '1');
INSERT INTO `mc_district` VALUES ('2102', '44', '706', '229', '富平县', '1');
INSERT INTO `mc_district` VALUES ('2103', '44', '706', '229', '韩城市', '1');
INSERT INTO `mc_district` VALUES ('2104', '44', '706', '229', '华阴市', '1');
INSERT INTO `mc_district` VALUES ('2106', '44', '706', '230', '宝塔区', '1');
INSERT INTO `mc_district` VALUES ('2107', '44', '706', '230', '延长县', '1');
INSERT INTO `mc_district` VALUES ('2108', '44', '706', '230', '延川县', '1');
INSERT INTO `mc_district` VALUES ('2109', '44', '706', '230', '子长县', '1');
INSERT INTO `mc_district` VALUES ('2110', '44', '706', '230', '安塞县', '1');
INSERT INTO `mc_district` VALUES ('2111', '44', '706', '230', '志丹县', '1');
INSERT INTO `mc_district` VALUES ('2112', '44', '706', '230', '吴旗县', '1');
INSERT INTO `mc_district` VALUES ('2113', '44', '706', '230', '甘泉县', '1');
INSERT INTO `mc_district` VALUES ('2114', '44', '706', '230', '富　县', '1');
INSERT INTO `mc_district` VALUES ('2115', '44', '706', '230', '洛川县', '1');
INSERT INTO `mc_district` VALUES ('2116', '44', '706', '230', '宜川县', '1');
INSERT INTO `mc_district` VALUES ('2117', '44', '706', '230', '黄龙县', '1');
INSERT INTO `mc_district` VALUES ('2118', '44', '706', '230', '黄陵县', '1');
INSERT INTO `mc_district` VALUES ('2120', '44', '706', '231', '汉台区', '1');
INSERT INTO `mc_district` VALUES ('2121', '44', '706', '231', '南郑县', '1');
INSERT INTO `mc_district` VALUES ('2122', '44', '706', '231', '城固县', '1');
INSERT INTO `mc_district` VALUES ('2123', '44', '706', '231', '洋　县', '1');
INSERT INTO `mc_district` VALUES ('2124', '44', '706', '231', '西乡县', '1');
INSERT INTO `mc_district` VALUES ('2125', '44', '706', '231', '勉　县', '1');
INSERT INTO `mc_district` VALUES ('2126', '44', '706', '231', '宁强县', '1');
INSERT INTO `mc_district` VALUES ('2127', '44', '706', '231', '略阳县', '1');
INSERT INTO `mc_district` VALUES ('2128', '44', '706', '231', '镇巴县', '1');
INSERT INTO `mc_district` VALUES ('2129', '44', '706', '231', '留坝县', '1');
INSERT INTO `mc_district` VALUES ('2130', '44', '706', '231', '佛坪县', '1');
INSERT INTO `mc_district` VALUES ('2132', '44', '706', '232', '榆阳区', '1');
INSERT INTO `mc_district` VALUES ('2133', '44', '706', '232', '神木县', '1');
INSERT INTO `mc_district` VALUES ('2134', '44', '706', '232', '府谷县', '1');
INSERT INTO `mc_district` VALUES ('2135', '44', '706', '232', '横山县', '1');
INSERT INTO `mc_district` VALUES ('2136', '44', '706', '232', '靖边县', '1');
INSERT INTO `mc_district` VALUES ('2137', '44', '706', '232', '定边县', '1');
INSERT INTO `mc_district` VALUES ('2138', '44', '706', '232', '绥德县', '1');
INSERT INTO `mc_district` VALUES ('2139', '44', '706', '232', '米脂县', '1');
INSERT INTO `mc_district` VALUES ('2140', '44', '706', '232', '佳　县', '1');
INSERT INTO `mc_district` VALUES ('2141', '44', '706', '232', '吴堡县', '1');
INSERT INTO `mc_district` VALUES ('2142', '44', '706', '232', '清涧县', '1');
INSERT INTO `mc_district` VALUES ('2143', '44', '706', '232', '子洲县', '1');
INSERT INTO `mc_district` VALUES ('2145', '44', '706', '233', '汉滨区', '1');
INSERT INTO `mc_district` VALUES ('2146', '44', '706', '233', '汉阴县', '1');
INSERT INTO `mc_district` VALUES ('2147', '44', '706', '233', '石泉县', '1');
INSERT INTO `mc_district` VALUES ('2148', '44', '706', '233', '宁陕县', '1');
INSERT INTO `mc_district` VALUES ('2149', '44', '706', '233', '紫阳县', '1');
INSERT INTO `mc_district` VALUES ('2150', '44', '706', '233', '岚皋县', '1');
INSERT INTO `mc_district` VALUES ('2151', '44', '706', '233', '平利县', '1');
INSERT INTO `mc_district` VALUES ('2152', '44', '706', '233', '镇坪县', '1');
INSERT INTO `mc_district` VALUES ('2153', '44', '706', '233', '旬阳县', '1');
INSERT INTO `mc_district` VALUES ('2154', '44', '706', '233', '白河县', '1');
INSERT INTO `mc_district` VALUES ('2156', '44', '706', '234', '商州区', '1');
INSERT INTO `mc_district` VALUES ('2157', '44', '706', '234', '洛南县', '1');
INSERT INTO `mc_district` VALUES ('2158', '44', '706', '234', '丹凤县', '1');
INSERT INTO `mc_district` VALUES ('2159', '44', '706', '234', '商南县', '1');
INSERT INTO `mc_district` VALUES ('2160', '44', '706', '234', '山阳县', '1');
INSERT INTO `mc_district` VALUES ('2161', '44', '706', '234', '镇安县', '1');
INSERT INTO `mc_district` VALUES ('2162', '44', '706', '234', '柞水县', '1');
INSERT INTO `mc_district` VALUES ('2164', '44', '707', '235', '历下区', '1');
INSERT INTO `mc_district` VALUES ('2165', '44', '707', '235', '市中区', '1');
INSERT INTO `mc_district` VALUES ('2166', '44', '707', '235', '槐荫区', '1');
INSERT INTO `mc_district` VALUES ('2167', '44', '707', '235', '天桥区', '1');
INSERT INTO `mc_district` VALUES ('2168', '44', '707', '235', '历城区', '1');
INSERT INTO `mc_district` VALUES ('2169', '44', '707', '235', '长清区', '1');
INSERT INTO `mc_district` VALUES ('2170', '44', '707', '235', '平阴县', '1');
INSERT INTO `mc_district` VALUES ('2171', '44', '707', '235', '济阳县', '1');
INSERT INTO `mc_district` VALUES ('2172', '44', '707', '235', '商河县', '1');
INSERT INTO `mc_district` VALUES ('2173', '44', '707', '235', '章丘市', '1');
INSERT INTO `mc_district` VALUES ('2175', '44', '707', '236', '市南区', '1');
INSERT INTO `mc_district` VALUES ('2176', '44', '707', '236', '市北区', '1');
INSERT INTO `mc_district` VALUES ('2177', '44', '707', '236', '四方区', '1');
INSERT INTO `mc_district` VALUES ('2178', '44', '707', '236', '黄岛区', '1');
INSERT INTO `mc_district` VALUES ('2179', '44', '707', '236', '崂山区', '1');
INSERT INTO `mc_district` VALUES ('2180', '44', '707', '236', '李沧区', '1');
INSERT INTO `mc_district` VALUES ('2181', '44', '707', '236', '城阳区', '1');
INSERT INTO `mc_district` VALUES ('2182', '44', '707', '236', '胶州市', '1');
INSERT INTO `mc_district` VALUES ('2183', '44', '707', '236', '即墨市', '1');
INSERT INTO `mc_district` VALUES ('2184', '44', '707', '236', '平度市', '1');
INSERT INTO `mc_district` VALUES ('2185', '44', '707', '236', '胶南市', '1');
INSERT INTO `mc_district` VALUES ('2186', '44', '707', '236', '莱西市', '1');
INSERT INTO `mc_district` VALUES ('2188', '44', '707', '237', '淄川区', '1');
INSERT INTO `mc_district` VALUES ('2189', '44', '707', '237', '张店区', '1');
INSERT INTO `mc_district` VALUES ('2190', '44', '707', '237', '博山区', '1');
INSERT INTO `mc_district` VALUES ('2191', '44', '707', '237', '临淄区', '1');
INSERT INTO `mc_district` VALUES ('2192', '44', '707', '237', '周村区', '1');
INSERT INTO `mc_district` VALUES ('2193', '44', '707', '237', '桓台县', '1');
INSERT INTO `mc_district` VALUES ('2194', '44', '707', '237', '高青县', '1');
INSERT INTO `mc_district` VALUES ('2195', '44', '707', '237', '沂源县', '1');
INSERT INTO `mc_district` VALUES ('2197', '44', '707', '238', '市中区', '1');
INSERT INTO `mc_district` VALUES ('2198', '44', '707', '238', '薛城区', '1');
INSERT INTO `mc_district` VALUES ('2199', '44', '707', '238', '峄城区', '1');
INSERT INTO `mc_district` VALUES ('2200', '44', '707', '238', '台儿庄区', '1');
INSERT INTO `mc_district` VALUES ('2201', '44', '707', '238', '山亭区', '1');
INSERT INTO `mc_district` VALUES ('2202', '44', '707', '238', '滕州市', '1');
INSERT INTO `mc_district` VALUES ('2204', '44', '707', '239', '东营区', '1');
INSERT INTO `mc_district` VALUES ('2205', '44', '707', '239', '河口区', '1');
INSERT INTO `mc_district` VALUES ('2206', '44', '707', '239', '垦利县', '1');
INSERT INTO `mc_district` VALUES ('2207', '44', '707', '239', '利津县', '1');
INSERT INTO `mc_district` VALUES ('2208', '44', '707', '239', '广饶县', '1');
INSERT INTO `mc_district` VALUES ('2210', '44', '707', '240', '芝罘区', '1');
INSERT INTO `mc_district` VALUES ('2211', '44', '707', '240', '福山区', '1');
INSERT INTO `mc_district` VALUES ('2212', '44', '707', '240', '牟平区', '1');
INSERT INTO `mc_district` VALUES ('2213', '44', '707', '240', '莱山区', '1');
INSERT INTO `mc_district` VALUES ('2214', '44', '707', '240', '长岛县', '1');
INSERT INTO `mc_district` VALUES ('2215', '44', '707', '240', '龙口市', '1');
INSERT INTO `mc_district` VALUES ('2216', '44', '707', '240', '莱阳市', '1');
INSERT INTO `mc_district` VALUES ('2217', '44', '707', '240', '莱州市', '1');
INSERT INTO `mc_district` VALUES ('2218', '44', '707', '240', '蓬莱市', '1');
INSERT INTO `mc_district` VALUES ('2219', '44', '707', '240', '招远市', '1');
INSERT INTO `mc_district` VALUES ('2220', '44', '707', '240', '栖霞市', '1');
INSERT INTO `mc_district` VALUES ('2221', '44', '707', '240', '海阳市', '1');
INSERT INTO `mc_district` VALUES ('2223', '44', '707', '241', '潍城区', '1');
INSERT INTO `mc_district` VALUES ('2224', '44', '707', '241', '寒亭区', '1');
INSERT INTO `mc_district` VALUES ('2225', '44', '707', '241', '坊子区', '1');
INSERT INTO `mc_district` VALUES ('2226', '44', '707', '241', '奎文区', '1');
INSERT INTO `mc_district` VALUES ('2227', '44', '707', '241', '临朐县', '1');
INSERT INTO `mc_district` VALUES ('2228', '44', '707', '241', '昌乐县', '1');
INSERT INTO `mc_district` VALUES ('2229', '44', '707', '241', '青州市', '1');
INSERT INTO `mc_district` VALUES ('2230', '44', '707', '241', '诸城市', '1');
INSERT INTO `mc_district` VALUES ('2231', '44', '707', '241', '寿光市', '1');
INSERT INTO `mc_district` VALUES ('2232', '44', '707', '241', '安丘市', '1');
INSERT INTO `mc_district` VALUES ('2233', '44', '707', '241', '高密市', '1');
INSERT INTO `mc_district` VALUES ('2234', '44', '707', '241', '昌邑市', '1');
INSERT INTO `mc_district` VALUES ('2236', '44', '707', '242', '市中区', '1');
INSERT INTO `mc_district` VALUES ('2237', '44', '707', '242', '任城区', '1');
INSERT INTO `mc_district` VALUES ('2238', '44', '707', '242', '微山县', '1');
INSERT INTO `mc_district` VALUES ('2239', '44', '707', '242', '鱼台县', '1');
INSERT INTO `mc_district` VALUES ('2240', '44', '707', '242', '金乡县', '1');
INSERT INTO `mc_district` VALUES ('2241', '44', '707', '242', '嘉祥县', '1');
INSERT INTO `mc_district` VALUES ('2242', '44', '707', '242', '汶上县', '1');
INSERT INTO `mc_district` VALUES ('2243', '44', '707', '242', '泗水县', '1');
INSERT INTO `mc_district` VALUES ('2244', '44', '707', '242', '梁山县', '1');
INSERT INTO `mc_district` VALUES ('2245', '44', '707', '242', '曲阜市', '1');
INSERT INTO `mc_district` VALUES ('2246', '44', '707', '242', '兖州市', '1');
INSERT INTO `mc_district` VALUES ('2247', '44', '707', '242', '邹城市', '1');
INSERT INTO `mc_district` VALUES ('2249', '44', '707', '243', '泰山区', '1');
INSERT INTO `mc_district` VALUES ('2250', '44', '707', '243', '岱岳区', '1');
INSERT INTO `mc_district` VALUES ('2251', '44', '707', '243', '宁阳县', '1');
INSERT INTO `mc_district` VALUES ('2252', '44', '707', '243', '东平县', '1');
INSERT INTO `mc_district` VALUES ('2253', '44', '707', '243', '新泰市', '1');
INSERT INTO `mc_district` VALUES ('2254', '44', '707', '243', '肥城市', '1');
INSERT INTO `mc_district` VALUES ('2256', '44', '707', '244', '环翠区', '1');
INSERT INTO `mc_district` VALUES ('2257', '44', '707', '244', '文登市', '1');
INSERT INTO `mc_district` VALUES ('2258', '44', '707', '244', '荣成市', '1');
INSERT INTO `mc_district` VALUES ('2259', '44', '707', '244', '乳山市', '1');
INSERT INTO `mc_district` VALUES ('2261', '44', '707', '245', '东港区', '1');
INSERT INTO `mc_district` VALUES ('2262', '44', '707', '245', '岚山区', '1');
INSERT INTO `mc_district` VALUES ('2263', '44', '707', '245', '五莲县', '1');
INSERT INTO `mc_district` VALUES ('2264', '44', '707', '245', '莒　县', '1');
INSERT INTO `mc_district` VALUES ('2266', '44', '707', '246', '莱城区', '1');
INSERT INTO `mc_district` VALUES ('2267', '44', '707', '246', '钢城区', '1');
INSERT INTO `mc_district` VALUES ('2269', '44', '707', '247', '兰山区', '1');
INSERT INTO `mc_district` VALUES ('2270', '44', '707', '247', '罗庄区', '1');
INSERT INTO `mc_district` VALUES ('2271', '44', '707', '247', '河东区', '1');
INSERT INTO `mc_district` VALUES ('2272', '44', '707', '247', '沂南县', '1');
INSERT INTO `mc_district` VALUES ('2273', '44', '707', '247', '郯城县', '1');
INSERT INTO `mc_district` VALUES ('2274', '44', '707', '247', '沂水县', '1');
INSERT INTO `mc_district` VALUES ('2275', '44', '707', '247', '苍山县', '1');
INSERT INTO `mc_district` VALUES ('2276', '44', '707', '247', '费　县', '1');
INSERT INTO `mc_district` VALUES ('2277', '44', '707', '247', '平邑县', '1');
INSERT INTO `mc_district` VALUES ('2278', '44', '707', '247', '莒南县', '1');
INSERT INTO `mc_district` VALUES ('2279', '44', '707', '247', '蒙阴县', '1');
INSERT INTO `mc_district` VALUES ('2280', '44', '707', '247', '临沭县', '1');
INSERT INTO `mc_district` VALUES ('2282', '44', '707', '248', '德城区', '1');
INSERT INTO `mc_district` VALUES ('2283', '44', '707', '248', '陵　县', '1');
INSERT INTO `mc_district` VALUES ('2284', '44', '707', '248', '宁津县', '1');
INSERT INTO `mc_district` VALUES ('2285', '44', '707', '248', '庆云县', '1');
INSERT INTO `mc_district` VALUES ('2286', '44', '707', '248', '临邑县', '1');
INSERT INTO `mc_district` VALUES ('2287', '44', '707', '248', '齐河县', '1');
INSERT INTO `mc_district` VALUES ('2288', '44', '707', '248', '平原县', '1');
INSERT INTO `mc_district` VALUES ('2289', '44', '707', '248', '夏津县', '1');
INSERT INTO `mc_district` VALUES ('2290', '44', '707', '248', '武城县', '1');
INSERT INTO `mc_district` VALUES ('2291', '44', '707', '248', '乐陵市', '1');
INSERT INTO `mc_district` VALUES ('2292', '44', '707', '248', '禹城市', '1');
INSERT INTO `mc_district` VALUES ('2294', '44', '707', '249', '东昌府区', '1');
INSERT INTO `mc_district` VALUES ('2295', '44', '707', '249', '阳谷县', '1');
INSERT INTO `mc_district` VALUES ('2296', '44', '707', '249', '莘　县', '1');
INSERT INTO `mc_district` VALUES ('2297', '44', '707', '249', '茌平县', '1');
INSERT INTO `mc_district` VALUES ('2298', '44', '707', '249', '东阿县', '1');
INSERT INTO `mc_district` VALUES ('2299', '44', '707', '249', '冠　县', '1');
INSERT INTO `mc_district` VALUES ('2300', '44', '707', '249', '高唐县', '1');
INSERT INTO `mc_district` VALUES ('2301', '44', '707', '249', '临清市', '1');
INSERT INTO `mc_district` VALUES ('2303', '44', '707', '250', '滨城区', '1');
INSERT INTO `mc_district` VALUES ('2304', '44', '707', '250', '惠民县', '1');
INSERT INTO `mc_district` VALUES ('2305', '44', '707', '250', '阳信县', '1');
INSERT INTO `mc_district` VALUES ('2306', '44', '707', '250', '无棣县', '1');
INSERT INTO `mc_district` VALUES ('2307', '44', '707', '250', '沾化县', '1');
INSERT INTO `mc_district` VALUES ('2308', '44', '707', '250', '博兴县', '1');
INSERT INTO `mc_district` VALUES ('2309', '44', '707', '250', '邹平县', '1');
INSERT INTO `mc_district` VALUES ('2311', '44', '707', '251', '牡丹区', '1');
INSERT INTO `mc_district` VALUES ('2312', '44', '707', '251', '曹　县', '1');
INSERT INTO `mc_district` VALUES ('2313', '44', '707', '251', '单　县', '1');
INSERT INTO `mc_district` VALUES ('2314', '44', '707', '251', '成武县', '1');
INSERT INTO `mc_district` VALUES ('2315', '44', '707', '251', '巨野县', '1');
INSERT INTO `mc_district` VALUES ('2316', '44', '707', '251', '郓城县', '1');
INSERT INTO `mc_district` VALUES ('2317', '44', '707', '251', '鄄城县', '1');
INSERT INTO `mc_district` VALUES ('2318', '44', '707', '251', '定陶县', '1');
INSERT INTO `mc_district` VALUES ('2319', '44', '707', '251', '东明县', '1');
INSERT INTO `mc_district` VALUES ('2320', '44', '708', '252', '黄浦区', '1');
INSERT INTO `mc_district` VALUES ('2321', '44', '708', '252', '卢湾区', '1');
INSERT INTO `mc_district` VALUES ('2322', '44', '708', '252', '徐汇区', '1');
INSERT INTO `mc_district` VALUES ('2323', '44', '708', '252', '长宁区', '1');
INSERT INTO `mc_district` VALUES ('2324', '44', '708', '252', '静安区', '1');
INSERT INTO `mc_district` VALUES ('2325', '44', '708', '252', '普陀区', '1');
INSERT INTO `mc_district` VALUES ('2326', '44', '708', '252', '闸北区', '1');
INSERT INTO `mc_district` VALUES ('2327', '44', '708', '252', '虹口区', '1');
INSERT INTO `mc_district` VALUES ('2328', '44', '708', '252', '杨浦区', '1');
INSERT INTO `mc_district` VALUES ('2329', '44', '708', '252', '闵行区', '1');
INSERT INTO `mc_district` VALUES ('2330', '44', '708', '252', '宝山区', '1');
INSERT INTO `mc_district` VALUES ('2331', '44', '708', '252', '嘉定区', '1');
INSERT INTO `mc_district` VALUES ('2332', '44', '708', '252', '浦东新区', '1');
INSERT INTO `mc_district` VALUES ('2333', '44', '708', '252', '金山区', '1');
INSERT INTO `mc_district` VALUES ('2334', '44', '708', '252', '松江区', '1');
INSERT INTO `mc_district` VALUES ('2335', '44', '708', '252', '青浦区', '1');
INSERT INTO `mc_district` VALUES ('2336', '44', '708', '252', '南汇区', '1');
INSERT INTO `mc_district` VALUES ('2337', '44', '708', '252', '奉贤区', '1');
INSERT INTO `mc_district` VALUES ('2338', '44', '708', '253', '崇明县', '1');
INSERT INTO `mc_district` VALUES ('2340', '44', '709', '254', '小店区', '1');
INSERT INTO `mc_district` VALUES ('2341', '44', '709', '254', '迎泽区', '1');
INSERT INTO `mc_district` VALUES ('2342', '44', '709', '254', '杏花岭区', '1');
INSERT INTO `mc_district` VALUES ('2343', '44', '709', '254', '尖草坪区', '1');
INSERT INTO `mc_district` VALUES ('2344', '44', '709', '254', '万柏林区', '1');
INSERT INTO `mc_district` VALUES ('2345', '44', '709', '254', '晋源区', '1');
INSERT INTO `mc_district` VALUES ('2346', '44', '709', '254', '清徐县', '1');
INSERT INTO `mc_district` VALUES ('2347', '44', '709', '254', '阳曲县', '1');
INSERT INTO `mc_district` VALUES ('2348', '44', '709', '254', '娄烦县', '1');
INSERT INTO `mc_district` VALUES ('2349', '44', '709', '254', '古交市', '1');
INSERT INTO `mc_district` VALUES ('2351', '44', '709', '255', '城　区', '1');
INSERT INTO `mc_district` VALUES ('2352', '44', '709', '255', '矿　区', '1');
INSERT INTO `mc_district` VALUES ('2353', '44', '709', '255', '南郊区', '1');
INSERT INTO `mc_district` VALUES ('2354', '44', '709', '255', '新荣区', '1');
INSERT INTO `mc_district` VALUES ('2355', '44', '709', '255', '阳高县', '1');
INSERT INTO `mc_district` VALUES ('2356', '44', '709', '255', '天镇县', '1');
INSERT INTO `mc_district` VALUES ('2357', '44', '709', '255', '广灵县', '1');
INSERT INTO `mc_district` VALUES ('2358', '44', '709', '255', '灵丘县', '1');
INSERT INTO `mc_district` VALUES ('2359', '44', '709', '255', '浑源县', '1');
INSERT INTO `mc_district` VALUES ('2360', '44', '709', '255', '左云县', '1');
INSERT INTO `mc_district` VALUES ('2361', '44', '709', '255', '大同县', '1');
INSERT INTO `mc_district` VALUES ('2363', '44', '709', '256', '城　区', '1');
INSERT INTO `mc_district` VALUES ('2364', '44', '709', '256', '矿　区', '1');
INSERT INTO `mc_district` VALUES ('2365', '44', '709', '256', '郊　区', '1');
INSERT INTO `mc_district` VALUES ('2366', '44', '709', '256', '平定县', '1');
INSERT INTO `mc_district` VALUES ('2367', '44', '709', '256', '盂　县', '1');
INSERT INTO `mc_district` VALUES ('2369', '44', '709', '257', '城　区', '1');
INSERT INTO `mc_district` VALUES ('2370', '44', '709', '257', '郊　区', '1');
INSERT INTO `mc_district` VALUES ('2371', '44', '709', '257', '长治县', '1');
INSERT INTO `mc_district` VALUES ('2372', '44', '709', '257', '襄垣县', '1');
INSERT INTO `mc_district` VALUES ('2373', '44', '709', '257', '屯留县', '1');
INSERT INTO `mc_district` VALUES ('2374', '44', '709', '257', '平顺县', '1');
INSERT INTO `mc_district` VALUES ('2375', '44', '709', '257', '黎城县', '1');
INSERT INTO `mc_district` VALUES ('2376', '44', '709', '257', '壶关县', '1');
INSERT INTO `mc_district` VALUES ('2377', '44', '709', '257', '长子县', '1');
INSERT INTO `mc_district` VALUES ('2378', '44', '709', '257', '武乡县', '1');
INSERT INTO `mc_district` VALUES ('2379', '44', '709', '257', '沁　县', '1');
INSERT INTO `mc_district` VALUES ('2380', '44', '709', '257', '沁源县', '1');
INSERT INTO `mc_district` VALUES ('2381', '44', '709', '257', '潞城市', '1');
INSERT INTO `mc_district` VALUES ('2383', '44', '709', '258', '城　区', '1');
INSERT INTO `mc_district` VALUES ('2384', '44', '709', '258', '沁水县', '1');
INSERT INTO `mc_district` VALUES ('2385', '44', '709', '258', '阳城县', '1');
INSERT INTO `mc_district` VALUES ('2386', '44', '709', '258', '陵川县', '1');
INSERT INTO `mc_district` VALUES ('2387', '44', '709', '258', '泽州县', '1');
INSERT INTO `mc_district` VALUES ('2388', '44', '709', '258', '高平市', '1');
INSERT INTO `mc_district` VALUES ('2390', '44', '709', '259', '朔城区', '1');
INSERT INTO `mc_district` VALUES ('2391', '44', '709', '259', '平鲁区', '1');
INSERT INTO `mc_district` VALUES ('2392', '44', '709', '259', '山阴县', '1');
INSERT INTO `mc_district` VALUES ('2393', '44', '709', '259', '应　县', '1');
INSERT INTO `mc_district` VALUES ('2394', '44', '709', '259', '右玉县', '1');
INSERT INTO `mc_district` VALUES ('2395', '44', '709', '259', '怀仁县', '1');
INSERT INTO `mc_district` VALUES ('2397', '44', '709', '260', '榆次区', '1');
INSERT INTO `mc_district` VALUES ('2398', '44', '709', '260', '榆社县', '1');
INSERT INTO `mc_district` VALUES ('2399', '44', '709', '260', '左权县', '1');
INSERT INTO `mc_district` VALUES ('2400', '44', '709', '260', '和顺县', '1');
INSERT INTO `mc_district` VALUES ('2401', '44', '709', '260', '昔阳县', '1');
INSERT INTO `mc_district` VALUES ('2402', '44', '709', '260', '寿阳县', '1');
INSERT INTO `mc_district` VALUES ('2403', '44', '709', '260', '太谷县', '1');
INSERT INTO `mc_district` VALUES ('2404', '44', '709', '260', '祁　县', '1');
INSERT INTO `mc_district` VALUES ('2405', '44', '709', '260', '平遥县', '1');
INSERT INTO `mc_district` VALUES ('2406', '44', '709', '260', '灵石县', '1');
INSERT INTO `mc_district` VALUES ('2407', '44', '709', '260', '介休市', '1');
INSERT INTO `mc_district` VALUES ('2409', '44', '709', '261', '盐湖区', '1');
INSERT INTO `mc_district` VALUES ('2410', '44', '709', '261', '临猗县', '1');
INSERT INTO `mc_district` VALUES ('2411', '44', '709', '261', '万荣县', '1');
INSERT INTO `mc_district` VALUES ('2412', '44', '709', '261', '闻喜县', '1');
INSERT INTO `mc_district` VALUES ('2413', '44', '709', '261', '稷山县', '1');
INSERT INTO `mc_district` VALUES ('2414', '44', '709', '261', '新绛县', '1');
INSERT INTO `mc_district` VALUES ('2415', '44', '709', '261', '绛　县', '1');
INSERT INTO `mc_district` VALUES ('2416', '44', '709', '261', '垣曲县', '1');
INSERT INTO `mc_district` VALUES ('2417', '44', '709', '261', '夏　县', '1');
INSERT INTO `mc_district` VALUES ('2418', '44', '709', '261', '平陆县', '1');
INSERT INTO `mc_district` VALUES ('2419', '44', '709', '261', '芮城县', '1');
INSERT INTO `mc_district` VALUES ('2420', '44', '709', '261', '永济市', '1');
INSERT INTO `mc_district` VALUES ('2421', '44', '709', '261', '河津市', '1');
INSERT INTO `mc_district` VALUES ('2423', '44', '709', '262', '忻府区', '1');
INSERT INTO `mc_district` VALUES ('2424', '44', '709', '262', '定襄县', '1');
INSERT INTO `mc_district` VALUES ('2425', '44', '709', '262', '五台县', '1');
INSERT INTO `mc_district` VALUES ('2426', '44', '709', '262', '代　县', '1');
INSERT INTO `mc_district` VALUES ('2427', '44', '709', '262', '繁峙县', '1');
INSERT INTO `mc_district` VALUES ('2428', '44', '709', '262', '宁武县', '1');
INSERT INTO `mc_district` VALUES ('2429', '44', '709', '262', '静乐县', '1');
INSERT INTO `mc_district` VALUES ('2430', '44', '709', '262', '神池县', '1');
INSERT INTO `mc_district` VALUES ('2431', '44', '709', '262', '五寨县', '1');
INSERT INTO `mc_district` VALUES ('2432', '44', '709', '262', '岢岚县', '1');
INSERT INTO `mc_district` VALUES ('2433', '44', '709', '262', '河曲县', '1');
INSERT INTO `mc_district` VALUES ('2434', '44', '709', '262', '保德县', '1');
INSERT INTO `mc_district` VALUES ('2435', '44', '709', '262', '偏关县', '1');
INSERT INTO `mc_district` VALUES ('2436', '44', '709', '262', '原平市', '1');
INSERT INTO `mc_district` VALUES ('2438', '44', '709', '263', '尧都区', '1');
INSERT INTO `mc_district` VALUES ('2439', '44', '709', '263', '曲沃县', '1');
INSERT INTO `mc_district` VALUES ('2440', '44', '709', '263', '翼城县', '1');
INSERT INTO `mc_district` VALUES ('2441', '44', '709', '263', '襄汾县', '1');
INSERT INTO `mc_district` VALUES ('2442', '44', '709', '263', '洪洞县', '1');
INSERT INTO `mc_district` VALUES ('2443', '44', '709', '263', '古　县', '1');
INSERT INTO `mc_district` VALUES ('2444', '44', '709', '263', '安泽县', '1');
INSERT INTO `mc_district` VALUES ('2445', '44', '709', '263', '浮山县', '1');
INSERT INTO `mc_district` VALUES ('2446', '44', '709', '263', '吉　县', '1');
INSERT INTO `mc_district` VALUES ('2447', '44', '709', '263', '乡宁县', '1');
INSERT INTO `mc_district` VALUES ('2448', '44', '709', '263', '大宁县', '1');
INSERT INTO `mc_district` VALUES ('2449', '44', '709', '263', '隰　县', '1');
INSERT INTO `mc_district` VALUES ('2450', '44', '709', '263', '永和县', '1');
INSERT INTO `mc_district` VALUES ('2451', '44', '709', '263', '蒲　县', '1');
INSERT INTO `mc_district` VALUES ('2452', '44', '709', '263', '汾西县', '1');
INSERT INTO `mc_district` VALUES ('2453', '44', '709', '263', '侯马市', '1');
INSERT INTO `mc_district` VALUES ('2454', '44', '709', '263', '霍州市', '1');
INSERT INTO `mc_district` VALUES ('2456', '44', '709', '264', '离石区', '1');
INSERT INTO `mc_district` VALUES ('2457', '44', '709', '264', '文水县', '1');
INSERT INTO `mc_district` VALUES ('2458', '44', '709', '264', '交城县', '1');
INSERT INTO `mc_district` VALUES ('2459', '44', '709', '264', '兴　县', '1');
INSERT INTO `mc_district` VALUES ('2460', '44', '709', '264', '临　县', '1');
INSERT INTO `mc_district` VALUES ('2461', '44', '709', '264', '柳林县', '1');
INSERT INTO `mc_district` VALUES ('2462', '44', '709', '264', '石楼县', '1');
INSERT INTO `mc_district` VALUES ('2463', '44', '709', '264', '岚　县', '1');
INSERT INTO `mc_district` VALUES ('2464', '44', '709', '264', '方山县', '1');
INSERT INTO `mc_district` VALUES ('2465', '44', '709', '264', '中阳县', '1');
INSERT INTO `mc_district` VALUES ('2466', '44', '709', '264', '交口县', '1');
INSERT INTO `mc_district` VALUES ('2467', '44', '709', '264', '孝义市', '1');
INSERT INTO `mc_district` VALUES ('2468', '44', '709', '264', '汾阳市', '1');
INSERT INTO `mc_district` VALUES ('2470', '44', '710', '265', '锦江区', '1');
INSERT INTO `mc_district` VALUES ('2471', '44', '710', '265', '青羊区', '1');
INSERT INTO `mc_district` VALUES ('2472', '44', '710', '265', '金牛区', '1');
INSERT INTO `mc_district` VALUES ('2473', '44', '710', '265', '武侯区', '1');
INSERT INTO `mc_district` VALUES ('2474', '44', '710', '265', '成华区', '1');
INSERT INTO `mc_district` VALUES ('2475', '44', '710', '265', '龙泉驿区', '1');
INSERT INTO `mc_district` VALUES ('2476', '44', '710', '265', '青白江区', '1');
INSERT INTO `mc_district` VALUES ('2477', '44', '710', '265', '新都区', '1');
INSERT INTO `mc_district` VALUES ('2478', '44', '710', '265', '温江区', '1');
INSERT INTO `mc_district` VALUES ('2479', '44', '710', '265', '金堂县', '1');
INSERT INTO `mc_district` VALUES ('2480', '44', '710', '265', '双流县', '1');
INSERT INTO `mc_district` VALUES ('2481', '44', '710', '265', '郫　县', '1');
INSERT INTO `mc_district` VALUES ('2482', '44', '710', '265', '大邑县', '1');
INSERT INTO `mc_district` VALUES ('2483', '44', '710', '265', '蒲江县', '1');
INSERT INTO `mc_district` VALUES ('2484', '44', '710', '265', '新津县', '1');
INSERT INTO `mc_district` VALUES ('2485', '44', '710', '265', '都江堰市', '1');
INSERT INTO `mc_district` VALUES ('2486', '44', '710', '265', '彭州市', '1');
INSERT INTO `mc_district` VALUES ('2487', '44', '710', '265', '邛崃市', '1');
INSERT INTO `mc_district` VALUES ('2488', '44', '710', '265', '崇州市', '1');
INSERT INTO `mc_district` VALUES ('2490', '44', '710', '266', '自流井区', '1');
INSERT INTO `mc_district` VALUES ('2491', '44', '710', '266', '贡井区', '1');
INSERT INTO `mc_district` VALUES ('2492', '44', '710', '266', '大安区', '1');
INSERT INTO `mc_district` VALUES ('2493', '44', '710', '266', '沿滩区', '1');
INSERT INTO `mc_district` VALUES ('2494', '44', '710', '266', '荣　县', '1');
INSERT INTO `mc_district` VALUES ('2495', '44', '710', '266', '富顺县', '1');
INSERT INTO `mc_district` VALUES ('2497', '44', '710', '267', '东　区', '1');
INSERT INTO `mc_district` VALUES ('2498', '44', '710', '267', '西　区', '1');
INSERT INTO `mc_district` VALUES ('2499', '44', '710', '267', '仁和区', '1');
INSERT INTO `mc_district` VALUES ('2500', '44', '710', '267', '米易县', '1');
INSERT INTO `mc_district` VALUES ('2501', '44', '710', '267', '盐边县', '1');
INSERT INTO `mc_district` VALUES ('2503', '44', '710', '268', '江阳区', '1');
INSERT INTO `mc_district` VALUES ('2504', '44', '710', '268', '纳溪区', '1');
INSERT INTO `mc_district` VALUES ('2505', '44', '710', '268', '龙马潭区', '1');
INSERT INTO `mc_district` VALUES ('2506', '44', '710', '268', '泸　县', '1');
INSERT INTO `mc_district` VALUES ('2507', '44', '710', '268', '合江县', '1');
INSERT INTO `mc_district` VALUES ('2508', '44', '710', '268', '叙永县', '1');
INSERT INTO `mc_district` VALUES ('2509', '44', '710', '268', '古蔺县', '1');
INSERT INTO `mc_district` VALUES ('2511', '44', '710', '269', '旌阳区', '1');
INSERT INTO `mc_district` VALUES ('2512', '44', '710', '269', '中江县', '1');
INSERT INTO `mc_district` VALUES ('2513', '44', '710', '269', '罗江县', '1');
INSERT INTO `mc_district` VALUES ('2514', '44', '710', '269', '广汉市', '1');
INSERT INTO `mc_district` VALUES ('2515', '44', '710', '269', '什邡市', '1');
INSERT INTO `mc_district` VALUES ('2516', '44', '710', '269', '绵竹市', '1');
INSERT INTO `mc_district` VALUES ('2518', '44', '710', '270', '涪城区', '1');
INSERT INTO `mc_district` VALUES ('2519', '44', '710', '270', '游仙区', '1');
INSERT INTO `mc_district` VALUES ('2520', '44', '710', '270', '三台县', '1');
INSERT INTO `mc_district` VALUES ('2521', '44', '710', '270', '盐亭县', '1');
INSERT INTO `mc_district` VALUES ('2522', '44', '710', '270', '安　县', '1');
INSERT INTO `mc_district` VALUES ('2523', '44', '710', '270', '梓潼县', '1');
INSERT INTO `mc_district` VALUES ('2524', '44', '710', '270', '北川羌族自治县', '1');
INSERT INTO `mc_district` VALUES ('2525', '44', '710', '270', '平武县', '1');
INSERT INTO `mc_district` VALUES ('2526', '44', '710', '270', '江油市', '1');
INSERT INTO `mc_district` VALUES ('2528', '44', '710', '271', '市中区', '1');
INSERT INTO `mc_district` VALUES ('2529', '44', '710', '271', '元坝区', '1');
INSERT INTO `mc_district` VALUES ('2530', '44', '710', '271', '朝天区', '1');
INSERT INTO `mc_district` VALUES ('2531', '44', '710', '271', '旺苍县', '1');
INSERT INTO `mc_district` VALUES ('2532', '44', '710', '271', '青川县', '1');
INSERT INTO `mc_district` VALUES ('2533', '44', '710', '271', '剑阁县', '1');
INSERT INTO `mc_district` VALUES ('2534', '44', '710', '271', '苍溪县', '1');
INSERT INTO `mc_district` VALUES ('2536', '44', '710', '272', '船山区', '1');
INSERT INTO `mc_district` VALUES ('2537', '44', '710', '272', '安居区', '1');
INSERT INTO `mc_district` VALUES ('2538', '44', '710', '272', '蓬溪县', '1');
INSERT INTO `mc_district` VALUES ('2539', '44', '710', '272', '射洪县', '1');
INSERT INTO `mc_district` VALUES ('2540', '44', '710', '272', '大英县', '1');
INSERT INTO `mc_district` VALUES ('2542', '44', '710', '273', '市中区', '1');
INSERT INTO `mc_district` VALUES ('2543', '44', '710', '273', '东兴区', '1');
INSERT INTO `mc_district` VALUES ('2544', '44', '710', '273', '威远县', '1');
INSERT INTO `mc_district` VALUES ('2545', '44', '710', '273', '资中县', '1');
INSERT INTO `mc_district` VALUES ('2546', '44', '710', '273', '隆昌县', '1');
INSERT INTO `mc_district` VALUES ('2548', '44', '710', '274', '市中区', '1');
INSERT INTO `mc_district` VALUES ('2549', '44', '710', '274', '沙湾区', '1');
INSERT INTO `mc_district` VALUES ('2550', '44', '710', '274', '五通桥区', '1');
INSERT INTO `mc_district` VALUES ('2551', '44', '710', '274', '金口河区', '1');
INSERT INTO `mc_district` VALUES ('2552', '44', '710', '274', '犍为县', '1');
INSERT INTO `mc_district` VALUES ('2553', '44', '710', '274', '井研县', '1');
INSERT INTO `mc_district` VALUES ('2554', '44', '710', '274', '夹江县', '1');
INSERT INTO `mc_district` VALUES ('2555', '44', '710', '274', '沐川县', '1');
INSERT INTO `mc_district` VALUES ('2556', '44', '710', '274', '峨边彝族自治县', '1');
INSERT INTO `mc_district` VALUES ('2557', '44', '710', '274', '马边彝族自治县', '1');
INSERT INTO `mc_district` VALUES ('2558', '44', '710', '274', '峨眉山市', '1');
INSERT INTO `mc_district` VALUES ('2560', '44', '710', '275', '顺庆区', '1');
INSERT INTO `mc_district` VALUES ('2561', '44', '710', '275', '高坪区', '1');
INSERT INTO `mc_district` VALUES ('2562', '44', '710', '275', '嘉陵区', '1');
INSERT INTO `mc_district` VALUES ('2563', '44', '710', '275', '南部县', '1');
INSERT INTO `mc_district` VALUES ('2564', '44', '710', '275', '营山县', '1');
INSERT INTO `mc_district` VALUES ('2565', '44', '710', '275', '蓬安县', '1');
INSERT INTO `mc_district` VALUES ('2566', '44', '710', '275', '仪陇县', '1');
INSERT INTO `mc_district` VALUES ('2567', '44', '710', '275', '西充县', '1');
INSERT INTO `mc_district` VALUES ('2568', '44', '710', '275', '阆中市', '1');
INSERT INTO `mc_district` VALUES ('2570', '44', '710', '276', '东坡区', '1');
INSERT INTO `mc_district` VALUES ('2571', '44', '710', '276', '仁寿县', '1');
INSERT INTO `mc_district` VALUES ('2572', '44', '710', '276', '彭山县', '1');
INSERT INTO `mc_district` VALUES ('2573', '44', '710', '276', '洪雅县', '1');
INSERT INTO `mc_district` VALUES ('2574', '44', '710', '276', '丹棱县', '1');
INSERT INTO `mc_district` VALUES ('2575', '44', '710', '276', '青神县', '1');
INSERT INTO `mc_district` VALUES ('2577', '44', '710', '277', '翠屏区', '1');
INSERT INTO `mc_district` VALUES ('2578', '44', '710', '277', '宜宾县', '1');
INSERT INTO `mc_district` VALUES ('2579', '44', '710', '277', '南溪县', '1');
INSERT INTO `mc_district` VALUES ('2580', '44', '710', '277', '江安县', '1');
INSERT INTO `mc_district` VALUES ('2581', '44', '710', '277', '长宁县', '1');
INSERT INTO `mc_district` VALUES ('2582', '44', '710', '277', '高　县', '1');
INSERT INTO `mc_district` VALUES ('2583', '44', '710', '277', '珙　县', '1');
INSERT INTO `mc_district` VALUES ('2584', '44', '710', '277', '筠连县', '1');
INSERT INTO `mc_district` VALUES ('2585', '44', '710', '277', '兴文县', '1');
INSERT INTO `mc_district` VALUES ('2586', '44', '710', '277', '屏山县', '1');
INSERT INTO `mc_district` VALUES ('2588', '44', '710', '278', '广安区', '1');
INSERT INTO `mc_district` VALUES ('2589', '44', '710', '278', '岳池县', '1');
INSERT INTO `mc_district` VALUES ('2590', '44', '710', '278', '武胜县', '1');
INSERT INTO `mc_district` VALUES ('2591', '44', '710', '278', '邻水县', '1');
INSERT INTO `mc_district` VALUES ('2592', '44', '710', '278', '华莹市', '1');
INSERT INTO `mc_district` VALUES ('2594', '44', '710', '279', '通川区', '1');
INSERT INTO `mc_district` VALUES ('2595', '44', '710', '279', '达　县', '1');
INSERT INTO `mc_district` VALUES ('2596', '44', '710', '279', '宣汉县', '1');
INSERT INTO `mc_district` VALUES ('2597', '44', '710', '279', '开江县', '1');
INSERT INTO `mc_district` VALUES ('2598', '44', '710', '279', '大竹县', '1');
INSERT INTO `mc_district` VALUES ('2599', '44', '710', '279', '渠　县', '1');
INSERT INTO `mc_district` VALUES ('2600', '44', '710', '279', '万源市', '1');
INSERT INTO `mc_district` VALUES ('2602', '44', '710', '280', '雨城区', '1');
INSERT INTO `mc_district` VALUES ('2603', '44', '710', '280', '名山县', '1');
INSERT INTO `mc_district` VALUES ('2604', '44', '710', '280', '荥经县', '1');
INSERT INTO `mc_district` VALUES ('2605', '44', '710', '280', '汉源县', '1');
INSERT INTO `mc_district` VALUES ('2606', '44', '710', '280', '石棉县', '1');
INSERT INTO `mc_district` VALUES ('2607', '44', '710', '280', '天全县', '1');
INSERT INTO `mc_district` VALUES ('2608', '44', '710', '280', '芦山县', '1');
INSERT INTO `mc_district` VALUES ('2609', '44', '710', '280', '宝兴县', '1');
INSERT INTO `mc_district` VALUES ('2611', '44', '710', '281', '巴州区', '1');
INSERT INTO `mc_district` VALUES ('2612', '44', '710', '281', '通江县', '1');
INSERT INTO `mc_district` VALUES ('2613', '44', '710', '281', '南江县', '1');
INSERT INTO `mc_district` VALUES ('2614', '44', '710', '281', '平昌县', '1');
INSERT INTO `mc_district` VALUES ('2616', '44', '710', '282', '雁江区', '1');
INSERT INTO `mc_district` VALUES ('2617', '44', '710', '282', '安岳县', '1');
INSERT INTO `mc_district` VALUES ('2618', '44', '710', '282', '乐至县', '1');
INSERT INTO `mc_district` VALUES ('2619', '44', '710', '282', '简阳市', '1');
INSERT INTO `mc_district` VALUES ('2620', '44', '710', '283', '汶川县', '1');
INSERT INTO `mc_district` VALUES ('2621', '44', '710', '283', '理　县', '1');
INSERT INTO `mc_district` VALUES ('2622', '44', '710', '283', '茂　县', '1');
INSERT INTO `mc_district` VALUES ('2623', '44', '710', '283', '松潘县', '1');
INSERT INTO `mc_district` VALUES ('2624', '44', '710', '283', '九寨沟县', '1');
INSERT INTO `mc_district` VALUES ('2625', '44', '710', '283', '金川县', '1');
INSERT INTO `mc_district` VALUES ('2626', '44', '710', '283', '小金县', '1');
INSERT INTO `mc_district` VALUES ('2627', '44', '710', '283', '黑水县', '1');
INSERT INTO `mc_district` VALUES ('2628', '44', '710', '283', '马尔康县', '1');
INSERT INTO `mc_district` VALUES ('2629', '44', '710', '283', '壤塘县', '1');
INSERT INTO `mc_district` VALUES ('2630', '44', '710', '283', '阿坝县', '1');
INSERT INTO `mc_district` VALUES ('2631', '44', '710', '283', '若尔盖县', '1');
INSERT INTO `mc_district` VALUES ('2632', '44', '710', '283', '红原县', '1');
INSERT INTO `mc_district` VALUES ('2633', '44', '710', '284', '康定县', '1');
INSERT INTO `mc_district` VALUES ('2634', '44', '710', '284', '泸定县', '1');
INSERT INTO `mc_district` VALUES ('2635', '44', '710', '284', '丹巴县', '1');
INSERT INTO `mc_district` VALUES ('2636', '44', '710', '284', '九龙县', '1');
INSERT INTO `mc_district` VALUES ('2637', '44', '710', '284', '雅江县', '1');
INSERT INTO `mc_district` VALUES ('2638', '44', '710', '284', '道孚县', '1');
INSERT INTO `mc_district` VALUES ('2639', '44', '710', '284', '炉霍县', '1');
INSERT INTO `mc_district` VALUES ('2640', '44', '710', '284', '甘孜县', '1');
INSERT INTO `mc_district` VALUES ('2641', '44', '710', '284', '新龙县', '1');
INSERT INTO `mc_district` VALUES ('2642', '44', '710', '284', '德格县', '1');
INSERT INTO `mc_district` VALUES ('2643', '44', '710', '284', '白玉县', '1');
INSERT INTO `mc_district` VALUES ('2644', '44', '710', '284', '石渠县', '1');
INSERT INTO `mc_district` VALUES ('2645', '44', '710', '284', '色达县', '1');
INSERT INTO `mc_district` VALUES ('2646', '44', '710', '284', '理塘县', '1');
INSERT INTO `mc_district` VALUES ('2647', '44', '710', '284', '巴塘县', '1');
INSERT INTO `mc_district` VALUES ('2648', '44', '710', '284', '乡城县', '1');
INSERT INTO `mc_district` VALUES ('2649', '44', '710', '284', '稻城县', '1');
INSERT INTO `mc_district` VALUES ('2650', '44', '710', '284', '得荣县', '1');
INSERT INTO `mc_district` VALUES ('2651', '44', '710', '285', '西昌市', '1');
INSERT INTO `mc_district` VALUES ('2652', '44', '710', '285', '木里藏族自治县', '1');
INSERT INTO `mc_district` VALUES ('2653', '44', '710', '285', '盐源县', '1');
INSERT INTO `mc_district` VALUES ('2654', '44', '710', '285', '德昌县', '1');
INSERT INTO `mc_district` VALUES ('2655', '44', '710', '285', '会理县', '1');
INSERT INTO `mc_district` VALUES ('2656', '44', '710', '285', '会东县', '1');
INSERT INTO `mc_district` VALUES ('2657', '44', '710', '285', '宁南县', '1');
INSERT INTO `mc_district` VALUES ('2658', '44', '710', '285', '普格县', '1');
INSERT INTO `mc_district` VALUES ('2659', '44', '710', '285', '布拖县', '1');
INSERT INTO `mc_district` VALUES ('2660', '44', '710', '285', '金阳县', '1');
INSERT INTO `mc_district` VALUES ('2661', '44', '710', '285', '昭觉县', '1');
INSERT INTO `mc_district` VALUES ('2662', '44', '710', '285', '喜德县', '1');
INSERT INTO `mc_district` VALUES ('2663', '44', '710', '285', '冕宁县', '1');
INSERT INTO `mc_district` VALUES ('2664', '44', '710', '285', '越西县', '1');
INSERT INTO `mc_district` VALUES ('2665', '44', '710', '285', '甘洛县', '1');
INSERT INTO `mc_district` VALUES ('2666', '44', '710', '285', '美姑县', '1');
INSERT INTO `mc_district` VALUES ('2667', '44', '710', '285', '雷波县', '1');
INSERT INTO `mc_district` VALUES ('2669', '44', '712', '286', '天山区', '1');
INSERT INTO `mc_district` VALUES ('2670', '44', '712', '286', '沙依巴克区', '1');
INSERT INTO `mc_district` VALUES ('2671', '44', '712', '286', '新市区', '1');
INSERT INTO `mc_district` VALUES ('2672', '44', '712', '286', '水磨沟区', '1');
INSERT INTO `mc_district` VALUES ('2673', '44', '712', '286', '头屯河区', '1');
INSERT INTO `mc_district` VALUES ('2674', '44', '712', '286', '达坂城区', '1');
INSERT INTO `mc_district` VALUES ('2675', '44', '712', '286', '东山区', '1');
INSERT INTO `mc_district` VALUES ('2676', '44', '712', '286', '乌鲁木齐县', '1');
INSERT INTO `mc_district` VALUES ('2678', '44', '712', '287', '独山子区', '1');
INSERT INTO `mc_district` VALUES ('2679', '44', '712', '287', '克拉玛依区', '1');
INSERT INTO `mc_district` VALUES ('2680', '44', '712', '287', '白碱滩区', '1');
INSERT INTO `mc_district` VALUES ('2681', '44', '712', '287', '乌尔禾区', '1');
INSERT INTO `mc_district` VALUES ('2682', '44', '712', '288', '吐鲁番市', '1');
INSERT INTO `mc_district` VALUES ('2683', '44', '712', '288', '鄯善县', '1');
INSERT INTO `mc_district` VALUES ('2684', '44', '712', '288', '托克逊县', '1');
INSERT INTO `mc_district` VALUES ('2685', '44', '712', '289', '哈密市', '1');
INSERT INTO `mc_district` VALUES ('2686', '44', '712', '289', '巴里坤哈萨克自治县', '1');
INSERT INTO `mc_district` VALUES ('2687', '44', '712', '289', '伊吾县', '1');
INSERT INTO `mc_district` VALUES ('2688', '44', '712', '290', '昌吉市', '1');
INSERT INTO `mc_district` VALUES ('2689', '44', '712', '290', '阜康市', '1');
INSERT INTO `mc_district` VALUES ('2690', '44', '712', '290', '米泉市', '1');
INSERT INTO `mc_district` VALUES ('2691', '44', '712', '290', '呼图壁县', '1');
INSERT INTO `mc_district` VALUES ('2692', '44', '712', '290', '玛纳斯县', '1');
INSERT INTO `mc_district` VALUES ('2693', '44', '712', '290', '奇台县', '1');
INSERT INTO `mc_district` VALUES ('2694', '44', '712', '290', '吉木萨尔县', '1');
INSERT INTO `mc_district` VALUES ('2695', '44', '712', '290', '木垒哈萨克自治县', '1');
INSERT INTO `mc_district` VALUES ('2696', '44', '712', '291', '博乐市', '1');
INSERT INTO `mc_district` VALUES ('2697', '44', '712', '291', '精河县', '1');
INSERT INTO `mc_district` VALUES ('2698', '44', '712', '291', '温泉县', '1');
INSERT INTO `mc_district` VALUES ('2699', '44', '712', '292', '库尔勒市', '1');
INSERT INTO `mc_district` VALUES ('2700', '44', '712', '292', '轮台县', '1');
INSERT INTO `mc_district` VALUES ('2701', '44', '712', '292', '尉犁县', '1');
INSERT INTO `mc_district` VALUES ('2702', '44', '712', '292', '若羌县', '1');
INSERT INTO `mc_district` VALUES ('2703', '44', '712', '292', '且末县', '1');
INSERT INTO `mc_district` VALUES ('2704', '44', '712', '292', '焉耆回族自治县', '1');
INSERT INTO `mc_district` VALUES ('2705', '44', '712', '292', '和静县', '1');
INSERT INTO `mc_district` VALUES ('2706', '44', '712', '292', '和硕县', '1');
INSERT INTO `mc_district` VALUES ('2707', '44', '712', '292', '博湖县', '1');
INSERT INTO `mc_district` VALUES ('2708', '44', '712', '293', '阿克苏市', '1');
INSERT INTO `mc_district` VALUES ('2709', '44', '712', '293', '温宿县', '1');
INSERT INTO `mc_district` VALUES ('2710', '44', '712', '293', '库车县', '1');
INSERT INTO `mc_district` VALUES ('2711', '44', '712', '293', '沙雅县', '1');
INSERT INTO `mc_district` VALUES ('2712', '44', '712', '293', '新和县', '1');
INSERT INTO `mc_district` VALUES ('2713', '44', '712', '293', '拜城县', '1');
INSERT INTO `mc_district` VALUES ('2714', '44', '712', '293', '乌什县', '1');
INSERT INTO `mc_district` VALUES ('2715', '44', '712', '293', '阿瓦提县', '1');
INSERT INTO `mc_district` VALUES ('2716', '44', '712', '293', '柯坪县', '1');
INSERT INTO `mc_district` VALUES ('2717', '44', '712', '294', '阿图什市', '1');
INSERT INTO `mc_district` VALUES ('2718', '44', '712', '294', '阿克陶县', '1');
INSERT INTO `mc_district` VALUES ('2719', '44', '712', '294', '阿合奇县', '1');
INSERT INTO `mc_district` VALUES ('2720', '44', '712', '294', '乌恰县', '1');
INSERT INTO `mc_district` VALUES ('2721', '44', '712', '295', '喀什市', '1');
INSERT INTO `mc_district` VALUES ('2722', '44', '712', '295', '疏附县', '1');
INSERT INTO `mc_district` VALUES ('2723', '44', '712', '295', '疏勒县', '1');
INSERT INTO `mc_district` VALUES ('2724', '44', '712', '295', '英吉沙县', '1');
INSERT INTO `mc_district` VALUES ('2725', '44', '712', '295', '泽普县', '1');
INSERT INTO `mc_district` VALUES ('2726', '44', '712', '295', '莎车县', '1');
INSERT INTO `mc_district` VALUES ('2727', '44', '712', '295', '叶城县', '1');
INSERT INTO `mc_district` VALUES ('2728', '44', '712', '295', '麦盖提县', '1');
INSERT INTO `mc_district` VALUES ('2729', '44', '712', '295', '岳普湖县', '1');
INSERT INTO `mc_district` VALUES ('2730', '44', '712', '295', '伽师县', '1');
INSERT INTO `mc_district` VALUES ('2731', '44', '712', '295', '巴楚县', '1');
INSERT INTO `mc_district` VALUES ('2732', '44', '712', '295', '塔什库尔干塔吉克自治县', '1');
INSERT INTO `mc_district` VALUES ('2733', '44', '712', '296', '和田市', '1');
INSERT INTO `mc_district` VALUES ('2734', '44', '712', '296', '和田县', '1');
INSERT INTO `mc_district` VALUES ('2735', '44', '712', '296', '墨玉县', '1');
INSERT INTO `mc_district` VALUES ('2736', '44', '712', '296', '皮山县', '1');
INSERT INTO `mc_district` VALUES ('2737', '44', '712', '296', '洛浦县', '1');
INSERT INTO `mc_district` VALUES ('2738', '44', '712', '296', '策勒县', '1');
INSERT INTO `mc_district` VALUES ('2739', '44', '712', '296', '于田县', '1');
INSERT INTO `mc_district` VALUES ('2740', '44', '712', '296', '民丰县', '1');
INSERT INTO `mc_district` VALUES ('2741', '44', '712', '297', '伊宁市', '1');
INSERT INTO `mc_district` VALUES ('2742', '44', '712', '297', '奎屯市', '1');
INSERT INTO `mc_district` VALUES ('2743', '44', '712', '297', '伊宁县', '1');
INSERT INTO `mc_district` VALUES ('2744', '44', '712', '297', '察布查尔锡伯自治县', '1');
INSERT INTO `mc_district` VALUES ('2745', '44', '712', '297', '霍城县', '1');
INSERT INTO `mc_district` VALUES ('2746', '44', '712', '297', '巩留县', '1');
INSERT INTO `mc_district` VALUES ('2747', '44', '712', '297', '新源县', '1');
INSERT INTO `mc_district` VALUES ('2748', '44', '712', '297', '昭苏县', '1');
INSERT INTO `mc_district` VALUES ('2749', '44', '712', '297', '特克斯县', '1');
INSERT INTO `mc_district` VALUES ('2750', '44', '712', '297', '尼勒克县', '1');
INSERT INTO `mc_district` VALUES ('2751', '44', '712', '298', '塔城市', '1');
INSERT INTO `mc_district` VALUES ('2752', '44', '712', '298', '乌苏市', '1');
INSERT INTO `mc_district` VALUES ('2753', '44', '712', '298', '额敏县', '1');
INSERT INTO `mc_district` VALUES ('2754', '44', '712', '298', '沙湾县', '1');
INSERT INTO `mc_district` VALUES ('2755', '44', '712', '298', '托里县', '1');
INSERT INTO `mc_district` VALUES ('2756', '44', '712', '298', '裕民县', '1');
INSERT INTO `mc_district` VALUES ('2757', '44', '712', '298', '和布克赛尔蒙古自治县', '1');
INSERT INTO `mc_district` VALUES ('2758', '44', '712', '299', '阿勒泰市', '1');
INSERT INTO `mc_district` VALUES ('2759', '44', '712', '299', '布尔津县', '1');
INSERT INTO `mc_district` VALUES ('2760', '44', '712', '299', '富蕴县', '1');
INSERT INTO `mc_district` VALUES ('2761', '44', '712', '299', '福海县', '1');
INSERT INTO `mc_district` VALUES ('2762', '44', '712', '299', '哈巴河县', '1');
INSERT INTO `mc_district` VALUES ('2763', '44', '712', '299', '青河县', '1');
INSERT INTO `mc_district` VALUES ('2764', '44', '712', '299', '吉木乃县', '1');
INSERT INTO `mc_district` VALUES ('2765', '44', '712', '300', '石河子市', '1');
INSERT INTO `mc_district` VALUES ('2766', '44', '712', '300', '阿拉尔市', '1');
INSERT INTO `mc_district` VALUES ('2767', '44', '712', '300', '图木舒克市', '1');
INSERT INTO `mc_district` VALUES ('2768', '44', '712', '300', '五家渠市', '1');
INSERT INTO `mc_district` VALUES ('2770', '44', '713', '301', '五华区', '1');
INSERT INTO `mc_district` VALUES ('2771', '44', '713', '301', '盘龙区', '1');
INSERT INTO `mc_district` VALUES ('2772', '44', '713', '301', '官渡区', '1');
INSERT INTO `mc_district` VALUES ('2773', '44', '713', '301', '西山区', '1');
INSERT INTO `mc_district` VALUES ('2774', '44', '713', '301', '东川区', '1');
INSERT INTO `mc_district` VALUES ('2775', '44', '713', '301', '呈贡县', '1');
INSERT INTO `mc_district` VALUES ('2776', '44', '713', '301', '晋宁县', '1');
INSERT INTO `mc_district` VALUES ('2777', '44', '713', '301', '富民县', '1');
INSERT INTO `mc_district` VALUES ('2778', '44', '713', '301', '宜良县', '1');
INSERT INTO `mc_district` VALUES ('2779', '44', '713', '301', '石林彝族自治县', '1');
INSERT INTO `mc_district` VALUES ('2780', '44', '713', '301', '嵩明县', '1');
INSERT INTO `mc_district` VALUES ('2781', '44', '713', '301', '禄劝彝族苗族自治县', '1');
INSERT INTO `mc_district` VALUES ('2782', '44', '713', '301', '寻甸回族彝族自治县', '1');
INSERT INTO `mc_district` VALUES ('2783', '44', '713', '301', '安宁市', '1');
INSERT INTO `mc_district` VALUES ('2785', '44', '713', '302', '麒麟区', '1');
INSERT INTO `mc_district` VALUES ('2786', '44', '713', '302', '马龙县', '1');
INSERT INTO `mc_district` VALUES ('2787', '44', '713', '302', '陆良县', '1');
INSERT INTO `mc_district` VALUES ('2788', '44', '713', '302', '师宗县', '1');
INSERT INTO `mc_district` VALUES ('2789', '44', '713', '302', '罗平县', '1');
INSERT INTO `mc_district` VALUES ('2790', '44', '713', '302', '富源县', '1');
INSERT INTO `mc_district` VALUES ('2791', '44', '713', '302', '会泽县', '1');
INSERT INTO `mc_district` VALUES ('2792', '44', '713', '302', '沾益县', '1');
INSERT INTO `mc_district` VALUES ('2793', '44', '713', '302', '宣威市', '1');
INSERT INTO `mc_district` VALUES ('2795', '44', '713', '303', '红塔区', '1');
INSERT INTO `mc_district` VALUES ('2796', '44', '713', '303', '江川县', '1');
INSERT INTO `mc_district` VALUES ('2797', '44', '713', '303', '澄江县', '1');
INSERT INTO `mc_district` VALUES ('2798', '44', '713', '303', '通海县', '1');
INSERT INTO `mc_district` VALUES ('2799', '44', '713', '303', '华宁县', '1');
INSERT INTO `mc_district` VALUES ('2800', '44', '713', '303', '易门县', '1');
INSERT INTO `mc_district` VALUES ('2801', '44', '713', '303', '峨山彝族自治县', '1');
INSERT INTO `mc_district` VALUES ('2802', '44', '713', '303', '新平彝族傣族自治县', '1');
INSERT INTO `mc_district` VALUES ('2803', '44', '713', '303', '元江哈尼族彝族傣族自治县', '1');
INSERT INTO `mc_district` VALUES ('2805', '44', '713', '304', '隆阳区', '1');
INSERT INTO `mc_district` VALUES ('2806', '44', '713', '304', '施甸县', '1');
INSERT INTO `mc_district` VALUES ('2807', '44', '713', '304', '腾冲县', '1');
INSERT INTO `mc_district` VALUES ('2808', '44', '713', '304', '龙陵县', '1');
INSERT INTO `mc_district` VALUES ('2809', '44', '713', '304', '昌宁县', '1');
INSERT INTO `mc_district` VALUES ('3140', '44', '711', '343', '蓟　县', '1');
INSERT INTO `mc_district` VALUES ('2811', '44', '713', '305', '昭阳区', '1');
INSERT INTO `mc_district` VALUES ('2812', '44', '713', '305', '鲁甸县', '1');
INSERT INTO `mc_district` VALUES ('2813', '44', '713', '305', '巧家县', '1');
INSERT INTO `mc_district` VALUES ('2814', '44', '713', '305', '盐津县', '1');
INSERT INTO `mc_district` VALUES ('2815', '44', '713', '305', '大关县', '1');
INSERT INTO `mc_district` VALUES ('2816', '44', '713', '305', '永善县', '1');
INSERT INTO `mc_district` VALUES ('2817', '44', '713', '305', '绥江县', '1');
INSERT INTO `mc_district` VALUES ('2818', '44', '713', '305', '镇雄县', '1');
INSERT INTO `mc_district` VALUES ('2819', '44', '713', '305', '彝良县', '1');
INSERT INTO `mc_district` VALUES ('2820', '44', '713', '305', '威信县', '1');
INSERT INTO `mc_district` VALUES ('2821', '44', '713', '305', '水富县', '1');
INSERT INTO `mc_district` VALUES ('3139', '44', '711', '343', '静海区', '1');
INSERT INTO `mc_district` VALUES ('2823', '44', '713', '306', '古城区', '1');
INSERT INTO `mc_district` VALUES ('2824', '44', '713', '306', '玉龙纳西族自治县', '1');
INSERT INTO `mc_district` VALUES ('2825', '44', '713', '306', '永胜县', '1');
INSERT INTO `mc_district` VALUES ('2826', '44', '713', '306', '华坪县', '1');
INSERT INTO `mc_district` VALUES ('2827', '44', '713', '306', '宁蒗彝族自治县', '1');
INSERT INTO `mc_district` VALUES ('3138', '44', '711', '343', '宁河区', '1');
INSERT INTO `mc_district` VALUES ('2829', '44', '713', '307', '翠云区', '1');
INSERT INTO `mc_district` VALUES ('2830', '44', '713', '307', '普洱哈尼族彝族自治县', '1');
INSERT INTO `mc_district` VALUES ('2831', '44', '713', '307', '墨江哈尼族自治县', '1');
INSERT INTO `mc_district` VALUES ('2832', '44', '713', '307', '景东彝族自治县', '1');
INSERT INTO `mc_district` VALUES ('2833', '44', '713', '307', '景谷傣族彝族自治县', '1');
INSERT INTO `mc_district` VALUES ('2834', '44', '713', '307', '镇沅彝族哈尼族拉祜族自治县', '1');
INSERT INTO `mc_district` VALUES ('2835', '44', '713', '307', '江城哈尼族彝族自治县', '1');
INSERT INTO `mc_district` VALUES ('2836', '44', '713', '307', '孟连傣族拉祜族佤族自治县', '1');
INSERT INTO `mc_district` VALUES ('2837', '44', '713', '307', '澜沧拉祜族自治县', '1');
INSERT INTO `mc_district` VALUES ('2838', '44', '713', '307', '西盟佤族自治县', '1');
INSERT INTO `mc_district` VALUES ('2840', '44', '713', '308', '临翔区', '1');
INSERT INTO `mc_district` VALUES ('2841', '44', '713', '308', '凤庆县', '1');
INSERT INTO `mc_district` VALUES ('2842', '44', '713', '308', '云　县', '1');
INSERT INTO `mc_district` VALUES ('2843', '44', '713', '308', '永德县', '1');
INSERT INTO `mc_district` VALUES ('2844', '44', '713', '308', '镇康县', '1');
INSERT INTO `mc_district` VALUES ('2845', '44', '713', '308', '双江拉祜族佤族布朗族傣族自治县', '1');
INSERT INTO `mc_district` VALUES ('2846', '44', '713', '308', '耿马傣族佤族自治县', '1');
INSERT INTO `mc_district` VALUES ('2847', '44', '713', '308', '沧源佤族自治县', '1');
INSERT INTO `mc_district` VALUES ('2848', '44', '713', '309', '楚雄市', '1');
INSERT INTO `mc_district` VALUES ('2849', '44', '713', '309', '双柏县', '1');
INSERT INTO `mc_district` VALUES ('2850', '44', '713', '309', '牟定县', '1');
INSERT INTO `mc_district` VALUES ('2851', '44', '713', '309', '南华县', '1');
INSERT INTO `mc_district` VALUES ('2852', '44', '713', '309', '姚安县', '1');
INSERT INTO `mc_district` VALUES ('2853', '44', '713', '309', '大姚县', '1');
INSERT INTO `mc_district` VALUES ('2854', '44', '713', '309', '永仁县', '1');
INSERT INTO `mc_district` VALUES ('2855', '44', '713', '309', '元谋县', '1');
INSERT INTO `mc_district` VALUES ('2856', '44', '713', '309', '武定县', '1');
INSERT INTO `mc_district` VALUES ('2857', '44', '713', '309', '禄丰县', '1');
INSERT INTO `mc_district` VALUES ('2858', '44', '713', '310', '个旧市', '1');
INSERT INTO `mc_district` VALUES ('2859', '44', '713', '310', '开远市', '1');
INSERT INTO `mc_district` VALUES ('2860', '44', '713', '310', '蒙自县', '1');
INSERT INTO `mc_district` VALUES ('2861', '44', '713', '310', '屏边苗族自治县', '1');
INSERT INTO `mc_district` VALUES ('2862', '44', '713', '310', '建水县', '1');
INSERT INTO `mc_district` VALUES ('2863', '44', '713', '310', '石屏县', '1');
INSERT INTO `mc_district` VALUES ('2864', '44', '713', '310', '弥勒县', '1');
INSERT INTO `mc_district` VALUES ('2865', '44', '713', '310', '泸西县', '1');
INSERT INTO `mc_district` VALUES ('2866', '44', '713', '310', '元阳县', '1');
INSERT INTO `mc_district` VALUES ('2867', '44', '713', '310', '红河县', '1');
INSERT INTO `mc_district` VALUES ('2868', '44', '713', '310', '金平苗族瑶族傣族自治县', '1');
INSERT INTO `mc_district` VALUES ('2869', '44', '713', '310', '绿春县', '1');
INSERT INTO `mc_district` VALUES ('2870', '44', '713', '310', '河口瑶族自治县', '1');
INSERT INTO `mc_district` VALUES ('2871', '44', '713', '311', '文山县', '1');
INSERT INTO `mc_district` VALUES ('2872', '44', '713', '311', '砚山县', '1');
INSERT INTO `mc_district` VALUES ('2873', '44', '713', '311', '西畴县', '1');
INSERT INTO `mc_district` VALUES ('2874', '44', '713', '311', '麻栗坡县', '1');
INSERT INTO `mc_district` VALUES ('2875', '44', '713', '311', '马关县', '1');
INSERT INTO `mc_district` VALUES ('2876', '44', '713', '311', '丘北县', '1');
INSERT INTO `mc_district` VALUES ('2877', '44', '713', '311', '广南县', '1');
INSERT INTO `mc_district` VALUES ('2878', '44', '713', '311', '富宁县', '1');
INSERT INTO `mc_district` VALUES ('2879', '44', '713', '312', '景洪市', '1');
INSERT INTO `mc_district` VALUES ('2880', '44', '713', '312', '勐海县', '1');
INSERT INTO `mc_district` VALUES ('2881', '44', '713', '312', '勐腊县', '1');
INSERT INTO `mc_district` VALUES ('2882', '44', '713', '313', '大理市', '1');
INSERT INTO `mc_district` VALUES ('2883', '44', '713', '313', '漾濞彝族自治县', '1');
INSERT INTO `mc_district` VALUES ('2884', '44', '713', '313', '祥云县', '1');
INSERT INTO `mc_district` VALUES ('2885', '44', '713', '313', '宾川县', '1');
INSERT INTO `mc_district` VALUES ('2886', '44', '713', '313', '弥渡县', '1');
INSERT INTO `mc_district` VALUES ('2887', '44', '713', '313', '南涧彝族自治县', '1');
INSERT INTO `mc_district` VALUES ('2888', '44', '713', '313', '巍山彝族回族自治县', '1');
INSERT INTO `mc_district` VALUES ('2889', '44', '713', '313', '永平县', '1');
INSERT INTO `mc_district` VALUES ('2890', '44', '713', '313', '云龙县', '1');
INSERT INTO `mc_district` VALUES ('2891', '44', '713', '313', '洱源县', '1');
INSERT INTO `mc_district` VALUES ('2892', '44', '713', '313', '剑川县', '1');
INSERT INTO `mc_district` VALUES ('2893', '44', '713', '313', '鹤庆县', '1');
INSERT INTO `mc_district` VALUES ('2894', '44', '713', '314', '瑞丽市', '1');
INSERT INTO `mc_district` VALUES ('2895', '44', '713', '314', '潞西市', '1');
INSERT INTO `mc_district` VALUES ('2896', '44', '713', '314', '梁河县', '1');
INSERT INTO `mc_district` VALUES ('2897', '44', '713', '314', '盈江县', '1');
INSERT INTO `mc_district` VALUES ('2898', '44', '713', '314', '陇川县', '1');
INSERT INTO `mc_district` VALUES ('2899', '44', '713', '315', '泸水县', '1');
INSERT INTO `mc_district` VALUES ('2900', '44', '713', '315', '福贡县', '1');
INSERT INTO `mc_district` VALUES ('2901', '44', '713', '315', '贡山独龙族怒族自治县', '1');
INSERT INTO `mc_district` VALUES ('2902', '44', '713', '315', '兰坪白族普米族自治县', '1');
INSERT INTO `mc_district` VALUES ('2903', '44', '713', '316', '香格里拉县', '1');
INSERT INTO `mc_district` VALUES ('2904', '44', '713', '316', '德钦县', '1');
INSERT INTO `mc_district` VALUES ('2905', '44', '713', '316', '维西傈僳族自治县', '1');
INSERT INTO `mc_district` VALUES ('3137', '44', '711', '343', '滨海新区', '1');
INSERT INTO `mc_district` VALUES ('2907', '44', '714', '317', '上城区', '1');
INSERT INTO `mc_district` VALUES ('2908', '44', '714', '317', '下城区', '1');
INSERT INTO `mc_district` VALUES ('2909', '44', '714', '317', '江干区', '1');
INSERT INTO `mc_district` VALUES ('2910', '44', '714', '317', '拱墅区', '1');
INSERT INTO `mc_district` VALUES ('2911', '44', '714', '317', '西湖区', '1');
INSERT INTO `mc_district` VALUES ('2912', '44', '714', '317', '滨江区', '1');
INSERT INTO `mc_district` VALUES ('2913', '44', '714', '317', '萧山区', '1');
INSERT INTO `mc_district` VALUES ('2914', '44', '714', '317', '余杭区', '1');
INSERT INTO `mc_district` VALUES ('2915', '44', '714', '317', '桐庐县', '1');
INSERT INTO `mc_district` VALUES ('2916', '44', '714', '317', '淳安县', '1');
INSERT INTO `mc_district` VALUES ('2917', '44', '714', '317', '建德市', '1');
INSERT INTO `mc_district` VALUES ('2918', '44', '714', '317', '富阳市', '1');
INSERT INTO `mc_district` VALUES ('2919', '44', '714', '317', '临安市', '1');
INSERT INTO `mc_district` VALUES ('3136', '44', '711', '343', '宝坻区', '1');
INSERT INTO `mc_district` VALUES ('2921', '44', '714', '318', '海曙区', '1');
INSERT INTO `mc_district` VALUES ('2922', '44', '714', '318', '江东区', '1');
INSERT INTO `mc_district` VALUES ('2923', '44', '714', '318', '江北区', '1');
INSERT INTO `mc_district` VALUES ('2924', '44', '714', '318', '北仑区', '1');
INSERT INTO `mc_district` VALUES ('2925', '44', '714', '318', '镇海区', '1');
INSERT INTO `mc_district` VALUES ('2926', '44', '714', '318', '鄞州区', '1');
INSERT INTO `mc_district` VALUES ('2927', '44', '714', '318', '象山县', '1');
INSERT INTO `mc_district` VALUES ('2928', '44', '714', '318', '宁海县', '1');
INSERT INTO `mc_district` VALUES ('2929', '44', '714', '318', '余姚市', '1');
INSERT INTO `mc_district` VALUES ('2930', '44', '714', '318', '慈溪市', '1');
INSERT INTO `mc_district` VALUES ('2931', '44', '714', '318', '奉化市', '1');
INSERT INTO `mc_district` VALUES ('3135', '44', '711', '343', '武清区', '1');
INSERT INTO `mc_district` VALUES ('2933', '44', '714', '319', '鹿城区', '1');
INSERT INTO `mc_district` VALUES ('2934', '44', '714', '319', '龙湾区', '1');
INSERT INTO `mc_district` VALUES ('2935', '44', '714', '319', '瓯海区', '1');
INSERT INTO `mc_district` VALUES ('2936', '44', '714', '319', '洞头县', '1');
INSERT INTO `mc_district` VALUES ('2937', '44', '714', '319', '永嘉县', '1');
INSERT INTO `mc_district` VALUES ('2938', '44', '714', '319', '平阳县', '1');
INSERT INTO `mc_district` VALUES ('2939', '44', '714', '319', '苍南县', '1');
INSERT INTO `mc_district` VALUES ('2940', '44', '714', '319', '文成县', '1');
INSERT INTO `mc_district` VALUES ('2941', '44', '714', '319', '泰顺县', '1');
INSERT INTO `mc_district` VALUES ('2942', '44', '714', '319', '瑞安市', '1');
INSERT INTO `mc_district` VALUES ('2943', '44', '714', '319', '乐清市', '1');
INSERT INTO `mc_district` VALUES ('3134', '44', '711', '343', '北辰区', '1');
INSERT INTO `mc_district` VALUES ('2945', '44', '714', '320', '秀城区', '1');
INSERT INTO `mc_district` VALUES ('2946', '44', '714', '320', '秀洲区', '1');
INSERT INTO `mc_district` VALUES ('2947', '44', '714', '320', '嘉善县', '1');
INSERT INTO `mc_district` VALUES ('2948', '44', '714', '320', '海盐县', '1');
INSERT INTO `mc_district` VALUES ('2949', '44', '714', '320', '海宁市', '1');
INSERT INTO `mc_district` VALUES ('2950', '44', '714', '320', '平湖市', '1');
INSERT INTO `mc_district` VALUES ('2951', '44', '714', '320', '桐乡市', '1');
INSERT INTO `mc_district` VALUES ('3133', '44', '711', '343', '津南区', '1');
INSERT INTO `mc_district` VALUES ('2953', '44', '714', '321', '吴兴区', '1');
INSERT INTO `mc_district` VALUES ('2954', '44', '714', '321', '南浔区', '1');
INSERT INTO `mc_district` VALUES ('2955', '44', '714', '321', '德清县', '1');
INSERT INTO `mc_district` VALUES ('2956', '44', '714', '321', '长兴县', '1');
INSERT INTO `mc_district` VALUES ('2957', '44', '714', '321', '安吉县', '1');
INSERT INTO `mc_district` VALUES ('3132', '44', '711', '343', '西青区', '1');
INSERT INTO `mc_district` VALUES ('2959', '44', '714', '322', '越城区', '1');
INSERT INTO `mc_district` VALUES ('2960', '44', '714', '322', '绍兴县', '1');
INSERT INTO `mc_district` VALUES ('2961', '44', '714', '322', '新昌县', '1');
INSERT INTO `mc_district` VALUES ('2962', '44', '714', '322', '诸暨市', '1');
INSERT INTO `mc_district` VALUES ('2963', '44', '714', '322', '上虞市', '1');
INSERT INTO `mc_district` VALUES ('2964', '44', '714', '322', '嵊州市', '1');
INSERT INTO `mc_district` VALUES ('3131', '44', '711', '343', '东丽区', '1');
INSERT INTO `mc_district` VALUES ('2966', '44', '714', '323', '婺城区', '1');
INSERT INTO `mc_district` VALUES ('2967', '44', '714', '323', '金东区', '1');
INSERT INTO `mc_district` VALUES ('2968', '44', '714', '323', '武义县', '1');
INSERT INTO `mc_district` VALUES ('2969', '44', '714', '323', '浦江县', '1');
INSERT INTO `mc_district` VALUES ('2970', '44', '714', '323', '磐安县', '1');
INSERT INTO `mc_district` VALUES ('2971', '44', '714', '323', '兰溪市', '1');
INSERT INTO `mc_district` VALUES ('2972', '44', '714', '323', '义乌市', '1');
INSERT INTO `mc_district` VALUES ('2973', '44', '714', '323', '东阳市', '1');
INSERT INTO `mc_district` VALUES ('2974', '44', '714', '323', '永康市', '1');
INSERT INTO `mc_district` VALUES ('3130', '44', '711', '343', '红桥区', '1');
INSERT INTO `mc_district` VALUES ('2976', '44', '714', '324', '柯城区', '1');
INSERT INTO `mc_district` VALUES ('2977', '44', '714', '324', '衢江区', '1');
INSERT INTO `mc_district` VALUES ('2978', '44', '714', '324', '常山县', '1');
INSERT INTO `mc_district` VALUES ('2979', '44', '714', '324', '开化县', '1');
INSERT INTO `mc_district` VALUES ('2980', '44', '714', '324', '龙游县', '1');
INSERT INTO `mc_district` VALUES ('2981', '44', '714', '324', '江山市', '1');
INSERT INTO `mc_district` VALUES ('3129', '44', '711', '343', '河北区', '1');
INSERT INTO `mc_district` VALUES ('2983', '44', '714', '325', '定海区', '1');
INSERT INTO `mc_district` VALUES ('2984', '44', '714', '325', '普陀区', '1');
INSERT INTO `mc_district` VALUES ('2985', '44', '714', '325', '岱山县', '1');
INSERT INTO `mc_district` VALUES ('2986', '44', '714', '325', '嵊泗县', '1');
INSERT INTO `mc_district` VALUES ('3128', '44', '711', '343', '南开区', '1');
INSERT INTO `mc_district` VALUES ('2988', '44', '714', '326', '椒江区', '1');
INSERT INTO `mc_district` VALUES ('2989', '44', '714', '326', '黄岩区', '1');
INSERT INTO `mc_district` VALUES ('2990', '44', '714', '326', '路桥区', '1');
INSERT INTO `mc_district` VALUES ('2991', '44', '714', '326', '玉环县', '1');
INSERT INTO `mc_district` VALUES ('2992', '44', '714', '326', '三门县', '1');
INSERT INTO `mc_district` VALUES ('2993', '44', '714', '326', '天台县', '1');
INSERT INTO `mc_district` VALUES ('2994', '44', '714', '326', '仙居县', '1');
INSERT INTO `mc_district` VALUES ('2995', '44', '714', '326', '温岭市', '1');
INSERT INTO `mc_district` VALUES ('2996', '44', '714', '326', '临海市', '1');
INSERT INTO `mc_district` VALUES ('3127', '44', '711', '343', '河西区', '1');
INSERT INTO `mc_district` VALUES ('2998', '44', '714', '327', '莲都区', '1');
INSERT INTO `mc_district` VALUES ('2999', '44', '714', '327', '青田县', '1');
INSERT INTO `mc_district` VALUES ('3000', '44', '714', '327', '缙云县', '1');
INSERT INTO `mc_district` VALUES ('3001', '44', '714', '327', '遂昌县', '1');
INSERT INTO `mc_district` VALUES ('3002', '44', '714', '327', '松阳县', '1');
INSERT INTO `mc_district` VALUES ('3003', '44', '714', '327', '云和县', '1');
INSERT INTO `mc_district` VALUES ('3004', '44', '714', '327', '庆元县', '1');
INSERT INTO `mc_district` VALUES ('3005', '44', '714', '327', '景宁畲族自治县', '1');
INSERT INTO `mc_district` VALUES ('3006', '44', '714', '327', '龙泉市', '1');
INSERT INTO `mc_district` VALUES ('3126', '44', '711', '343', '河东区', '1');
INSERT INTO `mc_district` VALUES ('3008', '44', '4225', '328', '城关区', '1');
INSERT INTO `mc_district` VALUES ('3009', '44', '4225', '328', '林周县', '1');
INSERT INTO `mc_district` VALUES ('3010', '44', '4225', '328', '当雄县', '1');
INSERT INTO `mc_district` VALUES ('3011', '44', '4225', '328', '尼木县', '1');
INSERT INTO `mc_district` VALUES ('3012', '44', '4225', '328', '曲水县', '1');
INSERT INTO `mc_district` VALUES ('3013', '44', '4225', '328', '堆龙德庆县', '1');
INSERT INTO `mc_district` VALUES ('3014', '44', '4225', '328', '达孜县', '1');
INSERT INTO `mc_district` VALUES ('3015', '44', '4225', '328', '墨竹工卡县', '1');
INSERT INTO `mc_district` VALUES ('3016', '44', '4225', '329', '昌都县', '1');
INSERT INTO `mc_district` VALUES ('3017', '44', '4225', '329', '江达县', '1');
INSERT INTO `mc_district` VALUES ('3018', '44', '4225', '329', '贡觉县', '1');
INSERT INTO `mc_district` VALUES ('3019', '44', '4225', '329', '类乌齐县', '1');
INSERT INTO `mc_district` VALUES ('3020', '44', '4225', '329', '丁青县', '1');
INSERT INTO `mc_district` VALUES ('3021', '44', '4225', '329', '察雅县', '1');
INSERT INTO `mc_district` VALUES ('3022', '44', '4225', '329', '八宿县', '1');
INSERT INTO `mc_district` VALUES ('3023', '44', '4225', '329', '左贡县', '1');
INSERT INTO `mc_district` VALUES ('3024', '44', '4225', '329', '芒康县', '1');
INSERT INTO `mc_district` VALUES ('3025', '44', '4225', '329', '洛隆县', '1');
INSERT INTO `mc_district` VALUES ('3026', '44', '4225', '329', '边坝县', '1');
INSERT INTO `mc_district` VALUES ('3027', '44', '4225', '330', '乃东县', '1');
INSERT INTO `mc_district` VALUES ('3028', '44', '4225', '330', '扎囊县', '1');
INSERT INTO `mc_district` VALUES ('3029', '44', '4225', '330', '贡嘎县', '1');
INSERT INTO `mc_district` VALUES ('3030', '44', '4225', '330', '桑日县', '1');
INSERT INTO `mc_district` VALUES ('3031', '44', '4225', '330', '琼结县', '1');
INSERT INTO `mc_district` VALUES ('3032', '44', '4225', '330', '曲松县', '1');
INSERT INTO `mc_district` VALUES ('3033', '44', '4225', '330', '措美县', '1');
INSERT INTO `mc_district` VALUES ('3034', '44', '4225', '330', '洛扎县', '1');
INSERT INTO `mc_district` VALUES ('3035', '44', '4225', '330', '加查县', '1');
INSERT INTO `mc_district` VALUES ('3036', '44', '4225', '330', '隆子县', '1');
INSERT INTO `mc_district` VALUES ('3037', '44', '4225', '330', '错那县', '1');
INSERT INTO `mc_district` VALUES ('3038', '44', '4225', '330', '浪卡子县', '1');
INSERT INTO `mc_district` VALUES ('3039', '44', '4225', '331', '日喀则市', '1');
INSERT INTO `mc_district` VALUES ('3040', '44', '4225', '331', '南木林县', '1');
INSERT INTO `mc_district` VALUES ('3041', '44', '4225', '331', '江孜县', '1');
INSERT INTO `mc_district` VALUES ('3042', '44', '4225', '331', '定日县', '1');
INSERT INTO `mc_district` VALUES ('3043', '44', '4225', '331', '萨迦县', '1');
INSERT INTO `mc_district` VALUES ('3044', '44', '4225', '331', '拉孜县', '1');
INSERT INTO `mc_district` VALUES ('3045', '44', '4225', '331', '昂仁县', '1');
INSERT INTO `mc_district` VALUES ('3046', '44', '4225', '331', '谢通门县', '1');
INSERT INTO `mc_district` VALUES ('3047', '44', '4225', '331', '白朗县', '1');
INSERT INTO `mc_district` VALUES ('3048', '44', '4225', '331', '仁布县', '1');
INSERT INTO `mc_district` VALUES ('3049', '44', '4225', '331', '康马县', '1');
INSERT INTO `mc_district` VALUES ('3050', '44', '4225', '331', '定结县', '1');
INSERT INTO `mc_district` VALUES ('3051', '44', '4225', '331', '仲巴县', '1');
INSERT INTO `mc_district` VALUES ('3052', '44', '4225', '331', '亚东县', '1');
INSERT INTO `mc_district` VALUES ('3053', '44', '4225', '331', '吉隆县', '1');
INSERT INTO `mc_district` VALUES ('3054', '44', '4225', '331', '聂拉木县', '1');
INSERT INTO `mc_district` VALUES ('3055', '44', '4225', '331', '萨嘎县', '1');
INSERT INTO `mc_district` VALUES ('3056', '44', '4225', '331', '岗巴县', '1');
INSERT INTO `mc_district` VALUES ('3057', '44', '4225', '332', '那曲县', '1');
INSERT INTO `mc_district` VALUES ('3058', '44', '4225', '332', '嘉黎县', '1');
INSERT INTO `mc_district` VALUES ('3059', '44', '4225', '332', '比如县', '1');
INSERT INTO `mc_district` VALUES ('3060', '44', '4225', '332', '聂荣县', '1');
INSERT INTO `mc_district` VALUES ('3061', '44', '4225', '332', '安多县', '1');
INSERT INTO `mc_district` VALUES ('3062', '44', '4225', '332', '申扎县', '1');
INSERT INTO `mc_district` VALUES ('3063', '44', '4225', '332', '索　县', '1');
INSERT INTO `mc_district` VALUES ('3064', '44', '4225', '332', '班戈县', '1');
INSERT INTO `mc_district` VALUES ('3065', '44', '4225', '332', '巴青县', '1');
INSERT INTO `mc_district` VALUES ('3066', '44', '4225', '332', '尼玛县', '1');
INSERT INTO `mc_district` VALUES ('3067', '44', '4225', '333', '普兰县', '1');
INSERT INTO `mc_district` VALUES ('3068', '44', '4225', '333', '札达县', '1');
INSERT INTO `mc_district` VALUES ('3069', '44', '4225', '333', '噶尔县', '1');
INSERT INTO `mc_district` VALUES ('3070', '44', '4225', '333', '日土县', '1');
INSERT INTO `mc_district` VALUES ('3071', '44', '4225', '333', '革吉县', '1');
INSERT INTO `mc_district` VALUES ('3072', '44', '4225', '333', '改则县', '1');
INSERT INTO `mc_district` VALUES ('3073', '44', '4225', '333', '措勤县', '1');
INSERT INTO `mc_district` VALUES ('3074', '44', '4225', '334', '林芝县', '1');
INSERT INTO `mc_district` VALUES ('3075', '44', '4225', '334', '工布江达县', '1');
INSERT INTO `mc_district` VALUES ('3076', '44', '4225', '334', '米林县', '1');
INSERT INTO `mc_district` VALUES ('3077', '44', '4225', '334', '墨脱县', '1');
INSERT INTO `mc_district` VALUES ('3078', '44', '4225', '334', '波密县', '1');
INSERT INTO `mc_district` VALUES ('3079', '44', '4225', '334', '察隅县', '1');
INSERT INTO `mc_district` VALUES ('3080', '44', '4225', '334', '朗　县', '1');
INSERT INTO `mc_district` VALUES ('3125', '44', '711', '343', '和平区', '1');
INSERT INTO `mc_district` VALUES ('3082', '44', '4227', '335', '城东区', '1');
INSERT INTO `mc_district` VALUES ('3083', '44', '4227', '335', '城中区', '1');
INSERT INTO `mc_district` VALUES ('3084', '44', '4227', '335', '城西区', '1');
INSERT INTO `mc_district` VALUES ('3085', '44', '4227', '335', '城北区', '1');
INSERT INTO `mc_district` VALUES ('3086', '44', '4227', '335', '大通回族土族自治县', '1');
INSERT INTO `mc_district` VALUES ('3087', '44', '4227', '335', '湟中县', '1');
INSERT INTO `mc_district` VALUES ('3088', '44', '4227', '335', '湟源县', '1');
INSERT INTO `mc_district` VALUES ('3089', '44', '4227', '336', '平安县', '1');
INSERT INTO `mc_district` VALUES ('3090', '44', '4227', '336', '民和回族土族自治县', '1');
INSERT INTO `mc_district` VALUES ('3091', '44', '4227', '336', '乐都县', '1');
INSERT INTO `mc_district` VALUES ('3092', '44', '4227', '336', '互助土族自治县', '1');
INSERT INTO `mc_district` VALUES ('3093', '44', '4227', '336', '化隆回族自治县', '1');
INSERT INTO `mc_district` VALUES ('3094', '44', '4227', '336', '循化撒拉族自治县', '1');
INSERT INTO `mc_district` VALUES ('3095', '44', '4227', '337', '门源回族自治县', '1');
INSERT INTO `mc_district` VALUES ('3096', '44', '4227', '337', '祁连县', '1');
INSERT INTO `mc_district` VALUES ('3097', '44', '4227', '337', '海晏县', '1');
INSERT INTO `mc_district` VALUES ('3098', '44', '4227', '337', '刚察县', '1');
INSERT INTO `mc_district` VALUES ('3099', '44', '4227', '338', '同仁县', '1');
INSERT INTO `mc_district` VALUES ('3100', '44', '4227', '338', '尖扎县', '1');
INSERT INTO `mc_district` VALUES ('3101', '44', '4227', '338', '泽库县', '1');
INSERT INTO `mc_district` VALUES ('3102', '44', '4227', '338', '河南蒙古族自治县', '1');
INSERT INTO `mc_district` VALUES ('3103', '44', '4227', '339', '共和县', '1');
INSERT INTO `mc_district` VALUES ('3104', '44', '4227', '339', '同德县', '1');
INSERT INTO `mc_district` VALUES ('3105', '44', '4227', '339', '贵德县', '1');
INSERT INTO `mc_district` VALUES ('3106', '44', '4227', '339', '兴海县', '1');
INSERT INTO `mc_district` VALUES ('3107', '44', '4227', '339', '贵南县', '1');
INSERT INTO `mc_district` VALUES ('3108', '44', '4227', '340', '玛沁县', '1');
INSERT INTO `mc_district` VALUES ('3109', '44', '4227', '340', '班玛县', '1');
INSERT INTO `mc_district` VALUES ('3110', '44', '4227', '340', '甘德县', '1');
INSERT INTO `mc_district` VALUES ('3111', '44', '4227', '340', '达日县', '1');
INSERT INTO `mc_district` VALUES ('3112', '44', '4227', '340', '久治县', '1');
INSERT INTO `mc_district` VALUES ('3113', '44', '4227', '340', '玛多县', '1');
INSERT INTO `mc_district` VALUES ('3114', '44', '4227', '341', '玉树县', '1');
INSERT INTO `mc_district` VALUES ('3115', '44', '4227', '341', '杂多县', '1');
INSERT INTO `mc_district` VALUES ('3116', '44', '4227', '341', '称多县', '1');
INSERT INTO `mc_district` VALUES ('3117', '44', '4227', '341', '治多县', '1');
INSERT INTO `mc_district` VALUES ('3118', '44', '4227', '341', '囊谦县', '1');
INSERT INTO `mc_district` VALUES ('3119', '44', '4227', '341', '曲麻莱县', '1');
INSERT INTO `mc_district` VALUES ('3120', '44', '4227', '342', '格尔木市', '1');
INSERT INTO `mc_district` VALUES ('3121', '44', '4227', '342', '德令哈市', '1');
INSERT INTO `mc_district` VALUES ('3122', '44', '4227', '342', '乌兰县', '1');
INSERT INTO `mc_district` VALUES ('3123', '44', '4227', '342', '都兰县', '1');
INSERT INTO `mc_district` VALUES ('3124', '44', '4227', '342', '天峻县', '1');

-- ----------------------------
-- Table structure for mc_download
-- ----------------------------
DROP TABLE IF EXISTS `mc_download`;
CREATE TABLE `mc_download` (
  `download_id` int(11) NOT NULL AUTO_INCREMENT,
  `filename` varchar(160) NOT NULL,
  `mask` varchar(128) NOT NULL,
  `date_added` datetime NOT NULL,
  PRIMARY KEY (`download_id`)
) ENGINE=MyISAM DEFAULT CHARSET=utf8;

-- ----------------------------
-- Records of mc_download
-- ----------------------------

-- ----------------------------
-- Table structure for mc_download_description
-- ----------------------------
DROP TABLE IF EXISTS `mc_download_description`;
CREATE TABLE `mc_download_description` (
  `download_id` int(11) NOT NULL,
  `language_id` int(11) NOT NULL,
  `name` varchar(64) NOT NULL,
  PRIMARY KEY (`download_id`,`language_id`)
) ENGINE=MyISAM DEFAULT CHARSET=utf8;

-- ----------------------------
-- Records of mc_download_description
-- ----------------------------

-- ----------------------------
-- Table structure for mc_event
-- ----------------------------
DROP TABLE IF EXISTS `mc_event`;
CREATE TABLE `mc_event` (
  `event_id` int(11) NOT NULL AUTO_INCREMENT,
  `code` varchar(64) NOT NULL,
  `trigger` text NOT NULL,
  `action` text NOT NULL,
  `status` tinyint(1) NOT NULL,
  `sort_order` int(3) NOT NULL,
  PRIMARY KEY (`event_id`)
) ENGINE=MyISAM AUTO_INCREMENT=39 DEFAULT CHARSET=utf8;

-- ----------------------------
-- Records of mc_event
-- ----------------------------
INSERT INTO `mc_event` VALUES ('1', 'activity_customer_add', 'catalog/model/account/customer/addCustomer/after', 'event/activity/addCustomer', '1', '0');
INSERT INTO `mc_event` VALUES ('2', 'activity_customer_edit', 'catalog/model/account/customer/editCustomer/after', 'event/activity/editCustomer', '1', '0');
INSERT INTO `mc_event` VALUES ('3', 'activity_customer_password', 'catalog/model/account/customer/editPassword/after', 'event/activity/editPassword', '1', '0');
INSERT INTO `mc_event` VALUES ('4', 'activity_customer_forgotten', 'catalog/model/account/customer/editCode/after', 'event/activity/forgotten', '1', '0');
INSERT INTO `mc_event` VALUES ('5', 'activity_transaction', 'catalog/model/account/customer/addTransaction/after', 'event/activity/addTransaction', '1', '0');
INSERT INTO `mc_event` VALUES ('6', 'activity_customer_login', 'catalog/model/account/customer/deleteLoginAttempts/after', 'event/activity/login', '1', '0');
INSERT INTO `mc_event` VALUES ('7', 'activity_address_add', 'catalog/model/account/address/addAddress/after', 'event/activity/addAddress', '1', '0');
INSERT INTO `mc_event` VALUES ('8', 'activity_address_edit', 'catalog/model/account/address/editAddress/after', 'event/activity/editAddress', '1', '0');
INSERT INTO `mc_event` VALUES ('9', 'activity_address_delete', 'catalog/model/account/address/deleteAddress/after', 'event/activity/deleteAddress', '1', '0');
INSERT INTO `mc_event` VALUES ('10', 'activity_affiliate_add', 'catalog/model/account/customer/addAffiliate/after', 'event/activity/addAffiliate', '1', '0');
INSERT INTO `mc_event` VALUES ('11', 'activity_affiliate_edit', 'catalog/model/account/customer/editAffiliate/after', 'event/activity/editAffiliate', '1', '0');
INSERT INTO `mc_event` VALUES ('12', 'activity_order_add', 'catalog/model/checkout/order/addOrderHistory/before', 'event/activity/addOrderHistory', '1', '0');
INSERT INTO `mc_event` VALUES ('13', 'activity_return_add', 'catalog/model/account/return/addReturn/after', 'event/activity/addReturn', '1', '0');
INSERT INTO `mc_event` VALUES ('14', 'mail_transaction', 'catalog/model/account/customer/addTransaction/after', 'mail/transaction', '1', '0');
INSERT INTO `mc_event` VALUES ('15', 'mail_forgotten', 'catalog/model/account/customer/editCode/after', 'mail/forgotten', '1', '0');
INSERT INTO `mc_event` VALUES ('16', 'mail_customer_add', 'catalog/model/account/customer/addCustomer/after', 'mail/register', '1', '0');
INSERT INTO `mc_event` VALUES ('17', 'mail_customer_alert', 'catalog/model/account/customer/addCustomer/after', 'mail/register/alert', '1', '0');
INSERT INTO `mc_event` VALUES ('18', 'mail_affiliate_add', 'catalog/model/account/customer/addAffiliate/after', 'mail/affiliate', '1', '0');
INSERT INTO `mc_event` VALUES ('19', 'mail_affiliate_alert', 'catalog/model/account/customer/addAffiliate/after', 'mail/affiliate/alert', '1', '0');
INSERT INTO `mc_event` VALUES ('20', 'mail_voucher', 'catalog/model/checkout/order/addOrderHistory/after', 'extension/total/voucher/send', '1', '0');
INSERT INTO `mc_event` VALUES ('21', 'mail_order_add', 'catalog/model/checkout/order/addOrderHistory/before', 'mail/order', '1', '0');
INSERT INTO `mc_event` VALUES ('22', 'mail_order_alert', 'catalog/model/checkout/order/addOrderHistory/before', 'mail/order/alert', '1', '0');
INSERT INTO `mc_event` VALUES ('23', 'statistics_review_add', 'catalog/model/catalog/review/addReview/after', 'event/statistics/addReview', '1', '0');
INSERT INTO `mc_event` VALUES ('24', 'statistics_return_add', 'catalog/model/account/return/addReturn/after', 'event/statistics/addReturn', '1', '0');
INSERT INTO `mc_event` VALUES ('25', 'statistics_order_history', 'catalog/model/checkout/order/addOrderHistory/after', 'event/statistics/addOrderHistory', '1', '0');
INSERT INTO `mc_event` VALUES ('26', 'admin_mail_affiliate_approve', 'admin/model/customer/customer_approval/approveAffiliate/after', 'mail/affiliate/approve', '1', '0');
INSERT INTO `mc_event` VALUES ('27', 'admin_mail_affiliate_deny', 'admin/model/customer/customer_approval/denyAffiliate/after', 'mail/affiliate/deny', '1', '0');
INSERT INTO `mc_event` VALUES ('28', 'admin_mail_customer_approve', 'admin/model/customer/customer_approval/approveCustomer/after', 'mail/customer/approve', '1', '0');
INSERT INTO `mc_event` VALUES ('29', 'admin_mail_customer_deny', 'admin/model/customer/customer_approval/denyCustomer/after', 'mail/customer/deny', '1', '0');
INSERT INTO `mc_event` VALUES ('30', 'admin_mail_reward', 'admin/model/customer/customer/addReward/after', 'mail/reward', '1', '0');
INSERT INTO `mc_event` VALUES ('31', 'admin_mail_transaction', 'admin/model/customer/customer/addTransaction/after', 'mail/transaction', '1', '0');
INSERT INTO `mc_event` VALUES ('32', 'admin_mail_return', 'admin/model/sale/return/addReturn/after', 'mail/return', '1', '0');
INSERT INTO `mc_event` VALUES ('33', 'admin_mail_forgotten', 'admin/model/user/user/editCode/after', 'mail/forgotten', '1', '0');
INSERT INTO `mc_event` VALUES ('34', 'qq_login', 'catalog/controller/account/logout/after', 'extension/module/qq_login/logout', '1', '0');
INSERT INTO `mc_event` VALUES ('35', 'weibo_login', 'catalog/controller/account/logout/after', 'extension/module/weibo_login/logout', '1', '0');
INSERT INTO `mc_event` VALUES ('36', 'weixin_login', 'catalog/controller/account/logout/after', 'extension/module/weixin_login/logout', '1', '0');
INSERT INTO `mc_event` VALUES ('37', 'qq_login', 'catalog/controller/account/logout/after', 'extension/module/qq_login/logout', '1', '0');
INSERT INTO `mc_event` VALUES ('38', 'weibo_login', 'catalog/controller/account/logout/after', 'extension/module/weibo_login/logout', '1', '0');

-- ----------------------------
-- Table structure for mc_extension
-- ----------------------------
DROP TABLE IF EXISTS `mc_extension`;
CREATE TABLE `mc_extension` (
  `extension_id` int(11) NOT NULL AUTO_INCREMENT,
  `type` varchar(32) NOT NULL,
  `code` varchar(32) NOT NULL,
  PRIMARY KEY (`extension_id`)
) ENGINE=MyISAM AUTO_INCREMENT=86 DEFAULT CHARSET=utf8;

-- ----------------------------
-- Records of mc_extension
-- ----------------------------
INSERT INTO `mc_extension` VALUES ('1', 'payment', 'cod');
INSERT INTO `mc_extension` VALUES ('2', 'total', 'shipping');
INSERT INTO `mc_extension` VALUES ('3', 'total', 'sub_total');
INSERT INTO `mc_extension` VALUES ('4', 'total', 'tax');
INSERT INTO `mc_extension` VALUES ('5', 'total', 'total');
INSERT INTO `mc_extension` VALUES ('6', 'module', 'banner');
INSERT INTO `mc_extension` VALUES ('7', 'module', 'carousel');
INSERT INTO `mc_extension` VALUES ('8', 'total', 'credit');
INSERT INTO `mc_extension` VALUES ('9', 'shipping', 'flat');
INSERT INTO `mc_extension` VALUES ('10', 'total', 'handling');
INSERT INTO `mc_extension` VALUES ('11', 'total', 'low_order_fee');
INSERT INTO `mc_extension` VALUES ('12', 'total', 'coupon');
INSERT INTO `mc_extension` VALUES ('13', 'module', 'category');
INSERT INTO `mc_extension` VALUES ('14', 'module', 'account');
INSERT INTO `mc_extension` VALUES ('15', 'total', 'reward');
INSERT INTO `mc_extension` VALUES ('16', 'total', 'voucher');
INSERT INTO `mc_extension` VALUES ('17', 'payment', 'free_checkout');
INSERT INTO `mc_extension` VALUES ('18', 'module', 'featured');
INSERT INTO `mc_extension` VALUES ('19', 'module', 'slideshow');
INSERT INTO `mc_extension` VALUES ('20', 'theme', 'default');
INSERT INTO `mc_extension` VALUES ('21', 'dashboard', 'activity');
INSERT INTO `mc_extension` VALUES ('22', 'dashboard', 'sale');
INSERT INTO `mc_extension` VALUES ('23', 'dashboard', 'recent');
INSERT INTO `mc_extension` VALUES ('24', 'dashboard', 'order');
INSERT INTO `mc_extension` VALUES ('25', 'dashboard', 'online');
INSERT INTO `mc_extension` VALUES ('26', 'dashboard', 'map');
INSERT INTO `mc_extension` VALUES ('27', 'dashboard', 'customer');
INSERT INTO `mc_extension` VALUES ('28', 'dashboard', 'chart');
INSERT INTO `mc_extension` VALUES ('29', 'report', 'sale_coupon');
INSERT INTO `mc_extension` VALUES ('31', 'report', 'customer_search');
INSERT INTO `mc_extension` VALUES ('32', 'report', 'customer_transaction');
INSERT INTO `mc_extension` VALUES ('33', 'report', 'product_purchased');
INSERT INTO `mc_extension` VALUES ('34', 'report', 'product_viewed');
INSERT INTO `mc_extension` VALUES ('35', 'report', 'sale_return');
INSERT INTO `mc_extension` VALUES ('36', 'report', 'sale_order');
INSERT INTO `mc_extension` VALUES ('37', 'report', 'sale_shipping');
INSERT INTO `mc_extension` VALUES ('38', 'report', 'sale_tax');
INSERT INTO `mc_extension` VALUES ('39', 'report', 'customer_activity');
INSERT INTO `mc_extension` VALUES ('40', 'report', 'customer_order');
INSERT INTO `mc_extension` VALUES ('41', 'report', 'customer_reward');
INSERT INTO `mc_extension` VALUES ('50', 'captcha', 'basic');
INSERT INTO `mc_extension` VALUES ('52', 'module', 'kefu');
INSERT INTO `mc_extension` VALUES ('67', 'module', 'qq_login');
INSERT INTO `mc_extension` VALUES ('69', 'module', 'blog_comment');
INSERT INTO `mc_extension` VALUES ('68', 'module', 'blog_latest');
INSERT INTO `mc_extension` VALUES ('59', 'module', 'press_category');
INSERT INTO `mc_extension` VALUES ('60', 'module', 'faq_category');
INSERT INTO `mc_extension` VALUES ('63', 'module', 'blog_category');
INSERT INTO `mc_extension` VALUES ('64', 'module', 'blog_search');
INSERT INTO `mc_extension` VALUES ('66', 'module', 'press_latest');
INSERT INTO `mc_extension` VALUES ('71', 'module', 'weibo_login');
INSERT INTO `mc_extension` VALUES ('79', 'analytics', 'google');
INSERT INTO `mc_extension` VALUES ('80', 'feed', 'google_sitemap');
INSERT INTO `mc_extension` VALUES ('82', 'report', 'marketing');

-- ----------------------------
-- Table structure for mc_extension_install
-- ----------------------------
DROP TABLE IF EXISTS `mc_extension_install`;
CREATE TABLE `mc_extension_install` (
  `extension_install_id` int(11) NOT NULL AUTO_INCREMENT,
  `extension_download_id` int(11) NOT NULL,
  `filename` varchar(255) NOT NULL,
  `date_added` datetime NOT NULL,
  PRIMARY KEY (`extension_install_id`)
) ENGINE=MyISAM DEFAULT CHARSET=utf8;

-- ----------------------------
-- Records of mc_extension_install
-- ----------------------------

-- ----------------------------
-- Table structure for mc_extension_path
-- ----------------------------
DROP TABLE IF EXISTS `mc_extension_path`;
CREATE TABLE `mc_extension_path` (
  `extension_path_id` int(11) NOT NULL AUTO_INCREMENT,
  `extension_install_id` int(11) NOT NULL,
  `path` varchar(255) NOT NULL,
  `date_added` datetime NOT NULL,
  PRIMARY KEY (`extension_path_id`)
) ENGINE=MyISAM DEFAULT CHARSET=utf8;

-- ----------------------------
-- Records of mc_extension_path
-- ----------------------------

-- ----------------------------
-- Table structure for mc_faq
-- ----------------------------
DROP TABLE IF EXISTS `mc_faq`;
CREATE TABLE `mc_faq` (
  `faq_id` int(11) NOT NULL AUTO_INCREMENT,
  `image` varchar(255) DEFAULT NULL,
  `sort_order` int(11) NOT NULL DEFAULT '0',
  `status` tinyint(1) NOT NULL DEFAULT '0',
  `date_added` datetime NOT NULL,
  `date_modified` datetime NOT NULL,
  PRIMARY KEY (`faq_id`)
) ENGINE=MyISAM AUTO_INCREMENT=35 DEFAULT CHARSET=utf8;

-- ----------------------------
-- Records of mc_faq
-- ----------------------------
INSERT INTO `mc_faq` VALUES ('25', null, '1', '1', '2016-02-19 14:09:56', '2016-03-13 16:40:19');
INSERT INTO `mc_faq` VALUES ('26', null, '1', '1', '2016-02-19 14:10:24', '2016-02-19 14:40:46');
INSERT INTO `mc_faq` VALUES ('27', null, '1', '1', '2016-02-19 14:10:56', '2016-02-19 14:40:58');
INSERT INTO `mc_faq` VALUES ('28', null, '1', '1', '2016-02-25 10:23:07', '0000-00-00 00:00:00');
INSERT INTO `mc_faq` VALUES ('29', null, '1', '1', '2016-02-25 10:23:28', '0000-00-00 00:00:00');
INSERT INTO `mc_faq` VALUES ('30', null, '1', '1', '2016-02-25 10:23:49', '0000-00-00 00:00:00');
INSERT INTO `mc_faq` VALUES ('31', null, '1', '1', '2016-02-25 10:24:07', '0000-00-00 00:00:00');
INSERT INTO `mc_faq` VALUES ('32', null, '1', '1', '2016-02-25 10:24:25', '0000-00-00 00:00:00');
INSERT INTO `mc_faq` VALUES ('33', null, '1', '1', '2016-02-25 10:24:41', '0000-00-00 00:00:00');
INSERT INTO `mc_faq` VALUES ('34', null, '1', '1', '2016-02-25 10:24:57', '0000-00-00 00:00:00');

-- ----------------------------
-- Table structure for mc_faq_category
-- ----------------------------
DROP TABLE IF EXISTS `mc_faq_category`;
CREATE TABLE `mc_faq_category` (
  `faq_category_id` int(11) NOT NULL AUTO_INCREMENT,
  `parent_id` int(11) NOT NULL DEFAULT '0',
  `sort_order` int(3) NOT NULL DEFAULT '0',
  `status` tinyint(1) NOT NULL,
  `date_added` datetime NOT NULL,
  `date_modified` datetime NOT NULL,
  PRIMARY KEY (`faq_category_id`),
  KEY `parent_id` (`parent_id`)
) ENGINE=MyISAM AUTO_INCREMENT=18 DEFAULT CHARSET=utf8;

-- ----------------------------
-- Records of mc_faq_category
-- ----------------------------
INSERT INTO `mc_faq_category` VALUES ('13', '0', '1', '1', '2016-02-19 14:01:16', '2016-02-19 14:01:16');
INSERT INTO `mc_faq_category` VALUES ('14', '0', '2', '1', '2016-02-19 14:01:59', '2016-02-19 14:01:59');
INSERT INTO `mc_faq_category` VALUES ('15', '13', '1', '1', '2016-02-19 14:02:44', '2016-02-19 14:02:44');
INSERT INTO `mc_faq_category` VALUES ('16', '13', '2', '1', '2016-02-19 14:03:23', '2016-08-22 15:03:20');

-- ----------------------------
-- Table structure for mc_faq_category_description
-- ----------------------------
DROP TABLE IF EXISTS `mc_faq_category_description`;
CREATE TABLE `mc_faq_category_description` (
  `faq_category_id` int(11) NOT NULL,
  `language_id` int(11) NOT NULL,
  `name` varchar(255) NOT NULL,
  `description` text NOT NULL,
  `meta_title` varchar(255) NOT NULL,
  `meta_description` varchar(255) NOT NULL,
  `meta_keyword` varchar(255) NOT NULL,
  PRIMARY KEY (`faq_category_id`,`language_id`),
  KEY `name` (`name`)
) ENGINE=MyISAM DEFAULT CHARSET=utf8;

-- ----------------------------
-- Records of mc_faq_category_description
-- ----------------------------
INSERT INTO `mc_faq_category_description` VALUES ('13', '1', '常见问题分类一', '&lt;p&gt;常见问题分类一&lt;br&gt;&lt;/p&gt;', '常见问题分类一', '常见问题分类一', '常见问题分类一');
INSERT INTO `mc_faq_category_description` VALUES ('13', '2', '常见问题分类一', '&lt;p&gt;常见问题分类一&lt;br&gt;&lt;/p&gt;', '常见问题分类一', '常见问题分类一', '常见问题分类一');
INSERT INTO `mc_faq_category_description` VALUES ('13', '3', '常见问题分类一', '&lt;p&gt;常见问题分类一&lt;br&gt;&lt;/p&gt;', '常见问题分类一', '常见问题分类一', '常见问题分类一');
INSERT INTO `mc_faq_category_description` VALUES ('14', '1', '常见问题分类二', '&lt;p&gt;常见问题分类二&lt;br&gt;&lt;/p&gt;', '常见问题分类二', '常见问题分类二', '常见问题分类二');
INSERT INTO `mc_faq_category_description` VALUES ('14', '2', '常见问题分类二', '&lt;p&gt;常见问题分类二&lt;br&gt;&lt;/p&gt;', '常见问题分类二', '常见问题分类二', '常见问题分类二');
INSERT INTO `mc_faq_category_description` VALUES ('14', '3', '常见问题分类二', '&lt;p&gt;常见问题分类二&lt;br&gt;&lt;/p&gt;', '常见问题分类二', '常见问题分类二', '常见问题分类二');
INSERT INTO `mc_faq_category_description` VALUES ('15', '1', '苹果问题', '&lt;p&gt;苹果问题&lt;br&gt;&lt;/p&gt;', '苹果问题', '苹果问题', '苹果问题');
INSERT INTO `mc_faq_category_description` VALUES ('15', '2', '苹果问题', '&lt;p&gt;苹果问题&lt;br&gt;&lt;/p&gt;', '苹果问题', '苹果问题', '苹果问题');
INSERT INTO `mc_faq_category_description` VALUES ('15', '3', '苹果问题', '&lt;p&gt;苹果问题&lt;br&gt;&lt;/p&gt;', '苹果问题', '苹果问题', '苹果问题');
INSERT INTO `mc_faq_category_description` VALUES ('16', '3', '桔子问题', '&lt;p&gt;桔子问题&lt;br&gt;&lt;/p&gt;', '桔子问题', '桔子问题', '桔子问题');
INSERT INTO `mc_faq_category_description` VALUES ('16', '1', '桔子问题', '&lt;p&gt;桔子问题&lt;br&gt;&lt;/p&gt;', '桔子问题', '桔子问题', '桔子问题');
INSERT INTO `mc_faq_category_description` VALUES ('16', '2', '桔子问题', '&lt;p&gt;桔子问题&lt;br&gt;&lt;/p&gt;', '桔子问题', '桔子问题', '桔子问题');

-- ----------------------------
-- Table structure for mc_faq_category_path
-- ----------------------------
DROP TABLE IF EXISTS `mc_faq_category_path`;
CREATE TABLE `mc_faq_category_path` (
  `faq_category_id` int(11) NOT NULL,
  `path_id` int(11) NOT NULL,
  `level` int(11) NOT NULL,
  PRIMARY KEY (`faq_category_id`,`path_id`)
) ENGINE=MyISAM DEFAULT CHARSET=utf8;

-- ----------------------------
-- Records of mc_faq_category_path
-- ----------------------------
INSERT INTO `mc_faq_category_path` VALUES ('13', '13', '0');
INSERT INTO `mc_faq_category_path` VALUES ('14', '14', '0');
INSERT INTO `mc_faq_category_path` VALUES ('15', '13', '0');
INSERT INTO `mc_faq_category_path` VALUES ('15', '15', '1');
INSERT INTO `mc_faq_category_path` VALUES ('16', '13', '0');
INSERT INTO `mc_faq_category_path` VALUES ('16', '16', '1');

-- ----------------------------
-- Table structure for mc_faq_category_to_layout
-- ----------------------------
DROP TABLE IF EXISTS `mc_faq_category_to_layout`;
CREATE TABLE `mc_faq_category_to_layout` (
  `faq_category_id` int(11) NOT NULL,
  `store_id` int(11) NOT NULL,
  `layout_id` int(11) NOT NULL,
  PRIMARY KEY (`faq_category_id`,`store_id`)
) ENGINE=MyISAM DEFAULT CHARSET=utf8;

-- ----------------------------
-- Records of mc_faq_category_to_layout
-- ----------------------------
INSERT INTO `mc_faq_category_to_layout` VALUES ('13', '0', '0');
INSERT INTO `mc_faq_category_to_layout` VALUES ('14', '0', '0');
INSERT INTO `mc_faq_category_to_layout` VALUES ('15', '0', '0');
INSERT INTO `mc_faq_category_to_layout` VALUES ('16', '0', '0');

-- ----------------------------
-- Table structure for mc_faq_category_to_store
-- ----------------------------
DROP TABLE IF EXISTS `mc_faq_category_to_store`;
CREATE TABLE `mc_faq_category_to_store` (
  `faq_category_id` int(11) NOT NULL,
  `store_id` int(11) NOT NULL,
  PRIMARY KEY (`faq_category_id`,`store_id`)
) ENGINE=MyISAM DEFAULT CHARSET=utf8;

-- ----------------------------
-- Records of mc_faq_category_to_store
-- ----------------------------
INSERT INTO `mc_faq_category_to_store` VALUES ('13', '0');
INSERT INTO `mc_faq_category_to_store` VALUES ('14', '0');
INSERT INTO `mc_faq_category_to_store` VALUES ('15', '0');
INSERT INTO `mc_faq_category_to_store` VALUES ('16', '0');

-- ----------------------------
-- Table structure for mc_faq_description
-- ----------------------------
DROP TABLE IF EXISTS `mc_faq_description`;
CREATE TABLE `mc_faq_description` (
  `faq_id` int(11) NOT NULL,
  `language_id` int(11) NOT NULL,
  `title` varchar(255) NOT NULL,
  `answer` text NOT NULL,
  PRIMARY KEY (`faq_id`,`language_id`),
  KEY `name` (`title`)
) ENGINE=MyISAM DEFAULT CHARSET=utf8;

-- ----------------------------
-- Records of mc_faq_description
-- ----------------------------
INSERT INTO `mc_faq_description` VALUES ('26', '3', '问题2', '&lt;p&gt;问题2&lt;br&gt;&lt;/p&gt;');
INSERT INTO `mc_faq_description` VALUES ('26', '2', '问题2', '&lt;p&gt;问题2&lt;br&gt;&lt;/p&gt;');
INSERT INTO `mc_faq_description` VALUES ('26', '1', '问题2', '&lt;p&gt;问题2&lt;br&gt;&lt;/p&gt;');
INSERT INTO `mc_faq_description` VALUES ('27', '3', '问题3', '&lt;p&gt;问题3&lt;br&gt;&lt;/p&gt;');
INSERT INTO `mc_faq_description` VALUES ('27', '2', '问题3', '&lt;p&gt;问题3&lt;br&gt;&lt;/p&gt;');
INSERT INTO `mc_faq_description` VALUES ('27', '1', '问题3', '&lt;p&gt;问题3&lt;br&gt;&lt;/p&gt;');
INSERT INTO `mc_faq_description` VALUES ('25', '1', 'MyCnCart系统可以商用吗？', '&lt;p&gt;是的，完全可以！!！&lt;br&gt;&lt;br&gt;mycncart系统遵循GPL3协议，您可以用它来用作商业网站，并且免费使用。&lt;br&gt;&lt;br&gt;你所需要遵循的就是：如果您做了二次开发并且将其销售，则您必须保持所做的二次开发也是开源的，不能做任何加密。&lt;br&gt;&lt;br&gt;mycncart系统本身可以被免费使用，但不能包装起来后被销售。&lt;br&gt;&lt;br&gt;您可以将【技术支持 MyCnCart】移除， 但希望您能够做一捐款， 如此MyCnCart的开发者才能够投入更多的时间精力为大家提供更好的版本服务。&lt;br&gt;&lt;br&gt;请使用支付宝捐款至支付宝账户：tonyspace2010@gmail.com&amp;nbsp; 姓名： 杨兆锋&lt;br&gt;&lt;br&gt;&lt;br&gt;&lt;/p&gt;&lt;p&gt;&lt;br&gt;&lt;/p&gt;');
INSERT INTO `mc_faq_description` VALUES ('28', '1', '问题4', '&lt;p&gt;问题4&lt;br&gt;&lt;/p&gt;');
INSERT INTO `mc_faq_description` VALUES ('28', '2', '问题4', '&lt;p&gt;问题4&lt;br&gt;&lt;/p&gt;');
INSERT INTO `mc_faq_description` VALUES ('28', '3', '问题4', '&lt;p&gt;问题4&lt;br&gt;&lt;/p&gt;');
INSERT INTO `mc_faq_description` VALUES ('29', '1', '问题5', '&lt;p&gt;问题5&lt;br&gt;&lt;/p&gt;');
INSERT INTO `mc_faq_description` VALUES ('29', '2', '问题5', '&lt;p&gt;问题5&lt;br&gt;&lt;/p&gt;');
INSERT INTO `mc_faq_description` VALUES ('29', '3', '问题5', '&lt;p&gt;问题5&lt;br&gt;&lt;/p&gt;');
INSERT INTO `mc_faq_description` VALUES ('30', '1', '问题6', '&lt;p&gt;问题6&lt;br&gt;&lt;/p&gt;');
INSERT INTO `mc_faq_description` VALUES ('30', '2', '问题6', '&lt;p&gt;问题6&lt;br&gt;&lt;/p&gt;');
INSERT INTO `mc_faq_description` VALUES ('30', '3', '问题6', '&lt;p&gt;问题6&lt;br&gt;&lt;/p&gt;');
INSERT INTO `mc_faq_description` VALUES ('31', '1', '问题7', '&lt;p&gt;问题7&lt;br&gt;&lt;/p&gt;');
INSERT INTO `mc_faq_description` VALUES ('31', '2', '问题7', '&lt;p&gt;问题7&lt;br&gt;&lt;/p&gt;');
INSERT INTO `mc_faq_description` VALUES ('31', '3', '问题7', '&lt;p&gt;问题7&lt;br&gt;&lt;/p&gt;');
INSERT INTO `mc_faq_description` VALUES ('32', '1', '问题8', '&lt;p&gt;问题8&lt;br&gt;&lt;/p&gt;');
INSERT INTO `mc_faq_description` VALUES ('32', '2', '问题8', '&lt;p&gt;问题8&lt;br&gt;&lt;/p&gt;');
INSERT INTO `mc_faq_description` VALUES ('32', '3', '问题8', '&lt;p&gt;问题8&lt;br&gt;&lt;/p&gt;');
INSERT INTO `mc_faq_description` VALUES ('33', '1', '问题9', '&lt;p&gt;问题9&lt;br&gt;&lt;/p&gt;');
INSERT INTO `mc_faq_description` VALUES ('33', '2', '问题9', '&lt;p&gt;问题9&lt;br&gt;&lt;/p&gt;');
INSERT INTO `mc_faq_description` VALUES ('33', '3', '问题9', '&lt;p&gt;问题9&lt;br&gt;&lt;/p&gt;');
INSERT INTO `mc_faq_description` VALUES ('34', '1', '问题10', '&lt;p&gt;问题10&lt;br&gt;&lt;/p&gt;');
INSERT INTO `mc_faq_description` VALUES ('34', '2', '问题10', '&lt;p&gt;问题10&lt;br&gt;&lt;/p&gt;');
INSERT INTO `mc_faq_description` VALUES ('34', '3', '问题10', '&lt;p&gt;问题10&lt;br&gt;&lt;/p&gt;');
INSERT INTO `mc_faq_description` VALUES ('25', '2', 'MyCnCart系统可以商用吗？', '&lt;p&gt;是的，完全可以！!！&lt;br&gt;&lt;br&gt;mycncart系统遵循GPL3协议，您可以用它来用作商业网站，并且免费使用。&lt;br&gt;&lt;br&gt;你所需要遵循的就是：如果您做了二次开发并且将其销售，则您必须保持所做的二次开发也是开源的，不能做任何加密。&lt;br&gt;&lt;br&gt;mycncart系统本身可以被免费使用，但不能包装起来后被销售。&lt;br&gt;&lt;br&gt;您可以将【技术支持 MyCnCart】移除， 但希望您能够做一捐款， 如此MyCnCart的开发者才能够投入更多的时间精力为大家提供更好的版本服务。&lt;br&gt;&lt;br&gt;请使用支付宝捐款至支付宝账户：tonyspace2010@gmail.com&amp;nbsp; 姓名： 杨兆锋&lt;br&gt;&lt;br&gt;&lt;br&gt;&lt;/p&gt;&lt;p&gt;&lt;br&gt;&lt;/p&gt;');
INSERT INTO `mc_faq_description` VALUES ('25', '3', 'MyCnCart系统可以商用吗？', '&lt;p&gt;是的，完全可以！!！&lt;br&gt;&lt;br&gt;mycncart系统遵循GPL3协议，您可以用它来用作商业网站，并且免费使用。&lt;br&gt;&lt;br&gt;你所需要遵循的就是：如果您做了二次开发并且将其销售，则您必须保持所做的二次开发也是开源的，不能做任何加密。&lt;br&gt;&lt;br&gt;mycncart系统本身可以被免费使用，但不能包装起来后被销售。&lt;br&gt;&lt;br&gt;您可以将【技术支持 MyCnCart】移除， 但希望您能够做一捐款， 如此MyCnCart的开发者才能够投入更多的时间精力为大家提供更好的版本服务。&lt;br&gt;&lt;br&gt;请使用支付宝捐款至支付宝账户：tonyspace2010@gmail.com&amp;nbsp; 姓名： 杨兆锋&lt;br&gt;&lt;br&gt;&lt;br&gt;&lt;/p&gt;&lt;p&gt;&lt;br&gt;&lt;/p&gt;');

-- ----------------------------
-- Table structure for mc_faq_product
-- ----------------------------
DROP TABLE IF EXISTS `mc_faq_product`;
CREATE TABLE `mc_faq_product` (
  `faq_id` int(11) NOT NULL,
  `related_id` int(11) NOT NULL,
  UNIQUE KEY `faq_id` (`faq_id`,`related_id`)
) ENGINE=MyISAM DEFAULT CHARSET=utf8;

-- ----------------------------
-- Records of mc_faq_product
-- ----------------------------
INSERT INTO `mc_faq_product` VALUES ('25', '28');
INSERT INTO `mc_faq_product` VALUES ('25', '41');
INSERT INTO `mc_faq_product` VALUES ('25', '42');
INSERT INTO `mc_faq_product` VALUES ('25', '47');
INSERT INTO `mc_faq_product` VALUES ('26', '41');
INSERT INTO `mc_faq_product` VALUES ('26', '48');
INSERT INTO `mc_faq_product` VALUES ('27', '28');
INSERT INTO `mc_faq_product` VALUES ('27', '48');

-- ----------------------------
-- Table structure for mc_faq_to_faq_category
-- ----------------------------
DROP TABLE IF EXISTS `mc_faq_to_faq_category`;
CREATE TABLE `mc_faq_to_faq_category` (
  `faq_id` int(11) NOT NULL,
  `faq_category_id` int(11) NOT NULL,
  PRIMARY KEY (`faq_id`,`faq_category_id`),
  KEY `faq_category_id` (`faq_category_id`)
) ENGINE=MyISAM DEFAULT CHARSET=utf8;

-- ----------------------------
-- Records of mc_faq_to_faq_category
-- ----------------------------
INSERT INTO `mc_faq_to_faq_category` VALUES ('25', '13');
INSERT INTO `mc_faq_to_faq_category` VALUES ('25', '15');
INSERT INTO `mc_faq_to_faq_category` VALUES ('26', '13');
INSERT INTO `mc_faq_to_faq_category` VALUES ('26', '16');
INSERT INTO `mc_faq_to_faq_category` VALUES ('27', '14');
INSERT INTO `mc_faq_to_faq_category` VALUES ('28', '16');
INSERT INTO `mc_faq_to_faq_category` VALUES ('29', '16');
INSERT INTO `mc_faq_to_faq_category` VALUES ('30', '16');
INSERT INTO `mc_faq_to_faq_category` VALUES ('31', '16');
INSERT INTO `mc_faq_to_faq_category` VALUES ('32', '16');
INSERT INTO `mc_faq_to_faq_category` VALUES ('33', '16');
INSERT INTO `mc_faq_to_faq_category` VALUES ('34', '16');

-- ----------------------------
-- Table structure for mc_faq_to_layout
-- ----------------------------
DROP TABLE IF EXISTS `mc_faq_to_layout`;
CREATE TABLE `mc_faq_to_layout` (
  `faq_id` int(11) NOT NULL,
  `store_id` int(11) NOT NULL,
  `layout_id` int(11) NOT NULL,
  PRIMARY KEY (`faq_id`,`store_id`)
) ENGINE=MyISAM DEFAULT CHARSET=utf8;

-- ----------------------------
-- Records of mc_faq_to_layout
-- ----------------------------
INSERT INTO `mc_faq_to_layout` VALUES ('25', '0', '0');
INSERT INTO `mc_faq_to_layout` VALUES ('26', '0', '0');
INSERT INTO `mc_faq_to_layout` VALUES ('27', '0', '0');
INSERT INTO `mc_faq_to_layout` VALUES ('28', '0', '0');
INSERT INTO `mc_faq_to_layout` VALUES ('29', '0', '0');
INSERT INTO `mc_faq_to_layout` VALUES ('30', '0', '0');
INSERT INTO `mc_faq_to_layout` VALUES ('31', '0', '0');
INSERT INTO `mc_faq_to_layout` VALUES ('32', '0', '0');
INSERT INTO `mc_faq_to_layout` VALUES ('33', '0', '0');
INSERT INTO `mc_faq_to_layout` VALUES ('34', '0', '0');

-- ----------------------------
-- Table structure for mc_faq_to_store
-- ----------------------------
DROP TABLE IF EXISTS `mc_faq_to_store`;
CREATE TABLE `mc_faq_to_store` (
  `faq_id` int(11) NOT NULL,
  `store_id` int(11) NOT NULL DEFAULT '0',
  PRIMARY KEY (`faq_id`,`store_id`)
) ENGINE=MyISAM DEFAULT CHARSET=utf8;

-- ----------------------------
-- Records of mc_faq_to_store
-- ----------------------------
INSERT INTO `mc_faq_to_store` VALUES ('25', '0');
INSERT INTO `mc_faq_to_store` VALUES ('26', '0');
INSERT INTO `mc_faq_to_store` VALUES ('27', '0');
INSERT INTO `mc_faq_to_store` VALUES ('28', '0');
INSERT INTO `mc_faq_to_store` VALUES ('29', '0');
INSERT INTO `mc_faq_to_store` VALUES ('30', '0');
INSERT INTO `mc_faq_to_store` VALUES ('31', '0');
INSERT INTO `mc_faq_to_store` VALUES ('32', '0');
INSERT INTO `mc_faq_to_store` VALUES ('33', '0');
INSERT INTO `mc_faq_to_store` VALUES ('34', '0');

-- ----------------------------
-- Table structure for mc_filter
-- ----------------------------
DROP TABLE IF EXISTS `mc_filter`;
CREATE TABLE `mc_filter` (
  `filter_id` int(11) NOT NULL AUTO_INCREMENT,
  `filter_group_id` int(11) NOT NULL,
  `sort_order` int(3) NOT NULL,
  PRIMARY KEY (`filter_id`)
) ENGINE=MyISAM DEFAULT CHARSET=utf8;

-- ----------------------------
-- Records of mc_filter
-- ----------------------------

-- ----------------------------
-- Table structure for mc_filter_description
-- ----------------------------
DROP TABLE IF EXISTS `mc_filter_description`;
CREATE TABLE `mc_filter_description` (
  `filter_id` int(11) NOT NULL,
  `language_id` int(11) NOT NULL,
  `filter_group_id` int(11) NOT NULL,
  `name` varchar(64) NOT NULL,
  PRIMARY KEY (`filter_id`,`language_id`)
) ENGINE=MyISAM DEFAULT CHARSET=utf8;

-- ----------------------------
-- Records of mc_filter_description
-- ----------------------------

-- ----------------------------
-- Table structure for mc_filter_group
-- ----------------------------
DROP TABLE IF EXISTS `mc_filter_group`;
CREATE TABLE `mc_filter_group` (
  `filter_group_id` int(11) NOT NULL AUTO_INCREMENT,
  `sort_order` int(3) NOT NULL,
  PRIMARY KEY (`filter_group_id`)
) ENGINE=MyISAM DEFAULT CHARSET=utf8;

-- ----------------------------
-- Records of mc_filter_group
-- ----------------------------

-- ----------------------------
-- Table structure for mc_filter_group_description
-- ----------------------------
DROP TABLE IF EXISTS `mc_filter_group_description`;
CREATE TABLE `mc_filter_group_description` (
  `filter_group_id` int(11) NOT NULL,
  `language_id` int(11) NOT NULL,
  `name` varchar(64) NOT NULL,
  PRIMARY KEY (`filter_group_id`,`language_id`)
) ENGINE=MyISAM DEFAULT CHARSET=utf8;

-- ----------------------------
-- Records of mc_filter_group_description
-- ----------------------------

-- ----------------------------
-- Table structure for mc_geo_zone
-- ----------------------------
DROP TABLE IF EXISTS `mc_geo_zone`;
CREATE TABLE `mc_geo_zone` (
  `geo_zone_id` int(11) NOT NULL AUTO_INCREMENT,
  `name` varchar(32) NOT NULL,
  `description` varchar(255) NOT NULL,
  `date_added` datetime NOT NULL,
  `date_modified` datetime NOT NULL,
  PRIMARY KEY (`geo_zone_id`)
) ENGINE=MyISAM AUTO_INCREMENT=7 DEFAULT CHARSET=utf8;

-- ----------------------------
-- Records of mc_geo_zone
-- ----------------------------
INSERT INTO `mc_geo_zone` VALUES ('3', '中国普通地区', '中国普通地区', '2009-01-06 23:26:25', '2015-04-01 22:23:18');
INSERT INTO `mc_geo_zone` VALUES ('4', '中国偏远地区配送', '中国偏远地区配送', '2009-06-23 01:14:53', '2015-04-01 22:11:53');
INSERT INTO `mc_geo_zone` VALUES ('5', '中国特别地区', '中国特别地区', '2015-04-01 22:24:09', '0000-00-00 00:00:00');
INSERT INTO `mc_geo_zone` VALUES ('6', '北京重点区域', '北京重点区域', '2016-09-22 11:34:24', '2016-09-29 17:45:23');

-- ----------------------------
-- Table structure for mc_information
-- ----------------------------
DROP TABLE IF EXISTS `mc_information`;
CREATE TABLE `mc_information` (
  `information_id` int(11) NOT NULL AUTO_INCREMENT,
  `bottom` int(1) NOT NULL DEFAULT '0',
  `sort_order` int(3) NOT NULL DEFAULT '0',
  `status` tinyint(1) NOT NULL DEFAULT '1',
  PRIMARY KEY (`information_id`)
) ENGINE=MyISAM AUTO_INCREMENT=7 DEFAULT CHARSET=utf8;

-- ----------------------------
-- Records of mc_information
-- ----------------------------
INSERT INTO `mc_information` VALUES ('3', '1', '3', '1');
INSERT INTO `mc_information` VALUES ('4', '1', '1', '1');
INSERT INTO `mc_information` VALUES ('5', '1', '4', '1');
INSERT INTO `mc_information` VALUES ('6', '1', '2', '1');

-- ----------------------------
-- Table structure for mc_information_description
-- ----------------------------
DROP TABLE IF EXISTS `mc_information_description`;
CREATE TABLE `mc_information_description` (
  `information_id` int(11) NOT NULL,
  `language_id` int(11) NOT NULL,
  `title` varchar(64) NOT NULL,
  `description` mediumtext NOT NULL,
  `meta_title` varchar(255) NOT NULL,
  `meta_description` varchar(255) NOT NULL,
  `meta_keyword` varchar(255) NOT NULL,
  PRIMARY KEY (`information_id`,`language_id`)
) ENGINE=MyISAM DEFAULT CHARSET=utf8;

-- ----------------------------
-- Records of mc_information_description
-- ----------------------------
INSERT INTO `mc_information_description` VALUES ('6', '2', 'Delivery Information', '&lt;p&gt;\r\n	Delivery Information&lt;/p&gt;\r\n', 'Delivery Information', '', '');
INSERT INTO `mc_information_description` VALUES ('4', '2', 'About Us', '&lt;p&gt;\r\n	About Us&lt;/p&gt;\r\n', 'About Us', '', '');
INSERT INTO `mc_information_description` VALUES ('3', '2', 'Privacy Policy', '&lt;p&gt;\r\n	Privacy Policy&lt;/p&gt;\r\n', 'Privacy Policy', '', '');
INSERT INTO `mc_information_description` VALUES ('5', '2', 'Terms &amp; Conditions', 'Terms &amp;amp; Conditions', 'Terms &amp; Conditions', '', '');
INSERT INTO `mc_information_description` VALUES ('4', '1', '关于我们', '&lt;p&gt;\r\n	About Us&lt;/p&gt;\r\n', '关于我们', '', '');
INSERT INTO `mc_information_description` VALUES ('3', '1', '隐私政策', '&lt;p&gt;\r\n	隐私政策&lt;/p&gt;\r\n', '隐私政策', '', '');
INSERT INTO `mc_information_description` VALUES ('6', '1', '物流配送', '&lt;p&gt;\r\n	物流配送&lt;/p&gt;\r\n', '物流配送', '', '');
INSERT INTO `mc_information_description` VALUES ('5', '1', '使用条款', '&lt;p&gt;使用条款&lt;br&gt;&lt;/p&gt;', '使用条款', '', '');
INSERT INTO `mc_information_description` VALUES ('6', '3', '物流配送', '&lt;p&gt;\r\n	物流配送&lt;/p&gt;\r\n', '物流配送', '', '');
INSERT INTO `mc_information_description` VALUES ('5', '3', '使用條款', '&lt;p&gt;\r\n	使用條款&lt;/p&gt;\r\n', '使用條款', '', '');
INSERT INTO `mc_information_description` VALUES ('3', '3', '隱私政策', '&lt;p&gt;\r\n	隱私政策&lt;/p&gt;\r\n', '隱私政策', '', '');
INSERT INTO `mc_information_description` VALUES ('4', '3', '关于我们', '&lt;p&gt;\r\n	关于我们&lt;/p&gt;\r\n', '关于我们', '', '');

-- ----------------------------
-- Table structure for mc_information_to_layout
-- ----------------------------
DROP TABLE IF EXISTS `mc_information_to_layout`;
CREATE TABLE `mc_information_to_layout` (
  `information_id` int(11) NOT NULL,
  `store_id` int(11) NOT NULL,
  `layout_id` int(11) NOT NULL,
  PRIMARY KEY (`information_id`,`store_id`)
) ENGINE=MyISAM DEFAULT CHARSET=utf8;

-- ----------------------------
-- Records of mc_information_to_layout
-- ----------------------------

-- ----------------------------
-- Table structure for mc_information_to_store
-- ----------------------------
DROP TABLE IF EXISTS `mc_information_to_store`;
CREATE TABLE `mc_information_to_store` (
  `information_id` int(11) NOT NULL,
  `store_id` int(11) NOT NULL,
  PRIMARY KEY (`information_id`,`store_id`)
) ENGINE=MyISAM DEFAULT CHARSET=utf8;

-- ----------------------------
-- Records of mc_information_to_store
-- ----------------------------
INSERT INTO `mc_information_to_store` VALUES ('3', '0');
INSERT INTO `mc_information_to_store` VALUES ('4', '0');
INSERT INTO `mc_information_to_store` VALUES ('5', '0');
INSERT INTO `mc_information_to_store` VALUES ('6', '0');

-- ----------------------------
-- Table structure for mc_language
-- ----------------------------
DROP TABLE IF EXISTS `mc_language`;
CREATE TABLE `mc_language` (
  `language_id` int(11) NOT NULL AUTO_INCREMENT,
  `name` varchar(32) NOT NULL,
  `code` varchar(5) NOT NULL,
  `locale` varchar(255) NOT NULL,
  `image` varchar(64) NOT NULL,
  `directory` varchar(32) NOT NULL,
  `sort_order` int(3) NOT NULL DEFAULT '0',
  `status` tinyint(1) NOT NULL,
  PRIMARY KEY (`language_id`),
  KEY `name` (`name`)
) ENGINE=MyISAM AUTO_INCREMENT=4 DEFAULT CHARSET=utf8;

-- ----------------------------
-- Records of mc_language
-- ----------------------------
INSERT INTO `mc_language` VALUES ('2', 'English', 'en-gb', 'en-US,en_US.UTF-8,en_US,en-gb,english', 'gb.png', 'english', '1', '1');
INSERT INTO `mc_language` VALUES ('1', '简体中文', 'zh-cn', 'zh-CN,zh-CN.UTF-8,zh-cn', '', '', '1', '1');
INSERT INTO `mc_language` VALUES ('3', '繁體中文', 'zh-hk', 'zh-HK,tchinese,zh-hk,ZH-HK', '', '', '1', '1');

-- ----------------------------
-- Table structure for mc_layout
-- ----------------------------
DROP TABLE IF EXISTS `mc_layout`;
CREATE TABLE `mc_layout` (
  `layout_id` int(11) NOT NULL AUTO_INCREMENT,
  `name` varchar(64) NOT NULL,
  PRIMARY KEY (`layout_id`)
) ENGINE=MyISAM AUTO_INCREMENT=20 DEFAULT CHARSET=utf8;

-- ----------------------------
-- Records of mc_layout
-- ----------------------------
INSERT INTO `mc_layout` VALUES ('1', '首页布局');
INSERT INTO `mc_layout` VALUES ('2', '商品详情');
INSERT INTO `mc_layout` VALUES ('3', '分类布局');
INSERT INTO `mc_layout` VALUES ('4', '默认布局');
INSERT INTO `mc_layout` VALUES ('5', '品牌 / 制造商');
INSERT INTO `mc_layout` VALUES ('6', '会员账户');
INSERT INTO `mc_layout` VALUES ('7', '结帐布局');
INSERT INTO `mc_layout` VALUES ('8', '联系我们');
INSERT INTO `mc_layout` VALUES ('9', '网站地图');
INSERT INTO `mc_layout` VALUES ('10', '加盟推广');
INSERT INTO `mc_layout` VALUES ('11', '信息文章');
INSERT INTO `mc_layout` VALUES ('12', '商品比较');
INSERT INTO `mc_layout` VALUES ('13', '检索布局');
INSERT INTO `mc_layout` VALUES ('14', '博客列表');
INSERT INTO `mc_layout` VALUES ('15', '博客詳情');
INSERT INTO `mc_layout` VALUES ('16', '新闻列表');
INSERT INTO `mc_layout` VALUES ('17', '新闻详情');
INSERT INTO `mc_layout` VALUES ('18', '常见问题与解答(FAQs)布局');
INSERT INTO `mc_layout` VALUES ('19', '账号登录布局');

-- ----------------------------
-- Table structure for mc_layout_module
-- ----------------------------
DROP TABLE IF EXISTS `mc_layout_module`;
CREATE TABLE `mc_layout_module` (
  `layout_module_id` int(11) NOT NULL AUTO_INCREMENT,
  `layout_id` int(11) NOT NULL,
  `code` varchar(64) NOT NULL,
  `position` varchar(14) NOT NULL,
  `sort_order` int(3) NOT NULL,
  PRIMARY KEY (`layout_module_id`)
) ENGINE=MyISAM AUTO_INCREMENT=153 DEFAULT CHARSET=utf8;

-- ----------------------------
-- Records of mc_layout_module
-- ----------------------------
INSERT INTO `mc_layout_module` VALUES ('83', '5', 'account', 'column_left', '2');
INSERT INTO `mc_layout_module` VALUES ('75', '10', 'account', 'column_right', '1');
INSERT INTO `mc_layout_module` VALUES ('119', '6', 'account', 'column_right', '3');
INSERT INTO `mc_layout_module` VALUES ('130', '1', 'carousel.29', 'content_top', '3');
INSERT INTO `mc_layout_module` VALUES ('127', '3', 'banner.30', 'column_left', '2');
INSERT INTO `mc_layout_module` VALUES ('126', '3', 'category', 'column_left', '1');
INSERT INTO `mc_layout_module` VALUES ('129', '1', 'featured.28', 'content_top', '2');
INSERT INTO `mc_layout_module` VALUES ('142', '14', 'blog_latest.36', 'column_left', '2');
INSERT INTO `mc_layout_module` VALUES ('86', '15', 'blog_search', 'column_left', '0');
INSERT INTO `mc_layout_module` VALUES ('143', '14', 'blog_comment.37', 'column_left', '3');
INSERT INTO `mc_layout_module` VALUES ('141', '14', 'blog_category', 'column_left', '1');
INSERT INTO `mc_layout_module` VALUES ('131', '1', 'kefu.35', 'content_bottom', '0');
INSERT INTO `mc_layout_module` VALUES ('140', '14', 'blog_search', 'column_left', '0');
INSERT INTO `mc_layout_module` VALUES ('93', '18', 'faq_category', 'column_left', '0');
INSERT INTO `mc_layout_module` VALUES ('128', '1', 'slideshow.27', 'content_top', '1');
INSERT INTO `mc_layout_module` VALUES ('145', '16', 'press_category', 'column_left', '0');
INSERT INTO `mc_layout_module` VALUES ('146', '16', 'press_latest', 'column_left', '1');
INSERT INTO `mc_layout_module` VALUES ('147', '17', 'press_category', 'column_left', '0');
INSERT INTO `mc_layout_module` VALUES ('152', '19', 'weibo_login', 'content_top', '1');
INSERT INTO `mc_layout_module` VALUES ('151', '19', 'qq_login', 'content_top', '0');

-- ----------------------------
-- Table structure for mc_layout_route
-- ----------------------------
DROP TABLE IF EXISTS `mc_layout_route`;
CREATE TABLE `mc_layout_route` (
  `layout_route_id` int(11) NOT NULL AUTO_INCREMENT,
  `layout_id` int(11) NOT NULL,
  `store_id` int(11) NOT NULL,
  `route` varchar(64) NOT NULL,
  PRIMARY KEY (`layout_route_id`)
) ENGINE=MyISAM AUTO_INCREMENT=110 DEFAULT CHARSET=utf8;

-- ----------------------------
-- Records of mc_layout_route
-- ----------------------------
INSERT INTO `mc_layout_route` VALUES ('86', '6', '0', 'account/%');
INSERT INTO `mc_layout_route` VALUES ('55', '10', '0', 'affiliate/%');
INSERT INTO `mc_layout_route` VALUES ('89', '3', '0', 'product/category');
INSERT INTO `mc_layout_route` VALUES ('90', '1', '0', 'common/home');
INSERT INTO `mc_layout_route` VALUES ('64', '2', '0', 'product/product');
INSERT INTO `mc_layout_route` VALUES ('62', '11', '0', 'information/information');
INSERT INTO `mc_layout_route` VALUES ('106', '7', '0', 'checkout/%');
INSERT INTO `mc_layout_route` VALUES ('59', '8', '0', 'information/contact');
INSERT INTO `mc_layout_route` VALUES ('66', '9', '0', 'information/sitemap');
INSERT INTO `mc_layout_route` VALUES ('67', '4', '0', '');
INSERT INTO `mc_layout_route` VALUES ('63', '5', '0', 'product/manufacturer');
INSERT INTO `mc_layout_route` VALUES ('58', '12', '0', 'product/compare');
INSERT INTO `mc_layout_route` VALUES ('65', '13', '0', 'product/search');
INSERT INTO `mc_layout_route` VALUES ('100', '14', '0', 'blog/category');
INSERT INTO `mc_layout_route` VALUES ('70', '15', '0', 'blog/blog');
INSERT INTO `mc_layout_route` VALUES ('105', '17', '0', 'press/press');
INSERT INTO `mc_layout_route` VALUES ('77', '18', '0', 'faq/%');
INSERT INTO `mc_layout_route` VALUES ('99', '14', '0', 'blog/all');
INSERT INTO `mc_layout_route` VALUES ('103', '16', '0', 'press/category');
INSERT INTO `mc_layout_route` VALUES ('104', '16', '0', 'press/all');
INSERT INTO `mc_layout_route` VALUES ('109', '19', '0', 'account/login');

-- ----------------------------
-- Table structure for mc_length_class
-- ----------------------------
DROP TABLE IF EXISTS `mc_length_class`;
CREATE TABLE `mc_length_class` (
  `length_class_id` int(11) NOT NULL AUTO_INCREMENT,
  `value` decimal(15,8) NOT NULL,
  PRIMARY KEY (`length_class_id`)
) ENGINE=MyISAM AUTO_INCREMENT=4 DEFAULT CHARSET=utf8;

-- ----------------------------
-- Records of mc_length_class
-- ----------------------------
INSERT INTO `mc_length_class` VALUES ('1', '1.00000000');
INSERT INTO `mc_length_class` VALUES ('2', '10.00000000');
INSERT INTO `mc_length_class` VALUES ('3', '0.39370000');

-- ----------------------------
-- Table structure for mc_length_class_description
-- ----------------------------
DROP TABLE IF EXISTS `mc_length_class_description`;
CREATE TABLE `mc_length_class_description` (
  `length_class_id` int(11) NOT NULL,
  `language_id` int(11) NOT NULL,
  `title` varchar(32) NOT NULL,
  `unit` varchar(4) NOT NULL,
  PRIMARY KEY (`length_class_id`,`language_id`)
) ENGINE=MyISAM DEFAULT CHARSET=utf8;

-- ----------------------------
-- Records of mc_length_class_description
-- ----------------------------
INSERT INTO `mc_length_class_description` VALUES ('3', '3', '英寸', 'in');
INSERT INTO `mc_length_class_description` VALUES ('1', '2', 'Centimeter', 'cm');
INSERT INTO `mc_length_class_description` VALUES ('2', '2', 'Millimeter', 'mm');
INSERT INTO `mc_length_class_description` VALUES ('3', '2', 'Inch', 'in');
INSERT INTO `mc_length_class_description` VALUES ('1', '1', '厘米', 'cm');
INSERT INTO `mc_length_class_description` VALUES ('2', '1', '毫米', 'mm');
INSERT INTO `mc_length_class_description` VALUES ('3', '1', '英寸', 'in');
INSERT INTO `mc_length_class_description` VALUES ('1', '3', '厘米', 'cm');
INSERT INTO `mc_length_class_description` VALUES ('2', '3', '毫米', 'mm');

-- ----------------------------
-- Table structure for mc_location
-- ----------------------------
DROP TABLE IF EXISTS `mc_location`;
CREATE TABLE `mc_location` (
  `location_id` int(11) NOT NULL AUTO_INCREMENT,
  `name` varchar(32) NOT NULL,
  `address` text NOT NULL,
  `telephone` varchar(32) NOT NULL,
  `fax` varchar(32) NOT NULL,
  `geocode` varchar(32) NOT NULL,
  `image` varchar(255) DEFAULT NULL,
  `open` text NOT NULL,
  `comment` text NOT NULL,
  PRIMARY KEY (`location_id`),
  KEY `name` (`name`)
) ENGINE=MyISAM DEFAULT CHARSET=utf8;

-- ----------------------------
-- Records of mc_location
-- ----------------------------

-- ----------------------------
-- Table structure for mc_manufacturer
-- ----------------------------
DROP TABLE IF EXISTS `mc_manufacturer`;
CREATE TABLE `mc_manufacturer` (
  `manufacturer_id` int(11) NOT NULL AUTO_INCREMENT,
  `name` varchar(64) NOT NULL,
  `image` varchar(255) DEFAULT NULL,
  `sort_order` int(3) NOT NULL,
  PRIMARY KEY (`manufacturer_id`)
) ENGINE=MyISAM AUTO_INCREMENT=11 DEFAULT CHARSET=utf8;

-- ----------------------------
-- Records of mc_manufacturer
-- ----------------------------
INSERT INTO `mc_manufacturer` VALUES ('5', 'HTC', 'catalog/demo/htc_logo.jpg', '0');
INSERT INTO `mc_manufacturer` VALUES ('6', 'Palm', 'catalog/demo/palm_logo.jpg', '0');
INSERT INTO `mc_manufacturer` VALUES ('7', 'Hewlett-Packard', 'catalog/demo/hp_logo.jpg', '0');
INSERT INTO `mc_manufacturer` VALUES ('8', 'Apple', 'catalog/demo/apple_logo.jpg', '0');
INSERT INTO `mc_manufacturer` VALUES ('9', 'Canon', 'catalog/demo/canon_logo.jpg', '0');
INSERT INTO `mc_manufacturer` VALUES ('10', 'Sony', 'catalog/demo/sony_logo.jpg', '0');

-- ----------------------------
-- Table structure for mc_manufacturer_to_store
-- ----------------------------
DROP TABLE IF EXISTS `mc_manufacturer_to_store`;
CREATE TABLE `mc_manufacturer_to_store` (
  `manufacturer_id` int(11) NOT NULL,
  `store_id` int(11) NOT NULL,
  PRIMARY KEY (`manufacturer_id`,`store_id`)
) ENGINE=MyISAM DEFAULT CHARSET=utf8;

-- ----------------------------
-- Records of mc_manufacturer_to_store
-- ----------------------------
INSERT INTO `mc_manufacturer_to_store` VALUES ('5', '0');
INSERT INTO `mc_manufacturer_to_store` VALUES ('6', '0');
INSERT INTO `mc_manufacturer_to_store` VALUES ('7', '0');
INSERT INTO `mc_manufacturer_to_store` VALUES ('8', '0');
INSERT INTO `mc_manufacturer_to_store` VALUES ('9', '0');
INSERT INTO `mc_manufacturer_to_store` VALUES ('10', '0');

-- ----------------------------
-- Table structure for mc_marketing
-- ----------------------------
DROP TABLE IF EXISTS `mc_marketing`;
CREATE TABLE `mc_marketing` (
  `marketing_id` int(11) NOT NULL AUTO_INCREMENT,
  `name` varchar(32) NOT NULL,
  `description` text NOT NULL,
  `code` varchar(64) NOT NULL,
  `clicks` int(5) NOT NULL DEFAULT '0',
  `date_added` datetime NOT NULL,
  PRIMARY KEY (`marketing_id`)
) ENGINE=MyISAM DEFAULT CHARSET=utf8;

-- ----------------------------
-- Records of mc_marketing
-- ----------------------------

-- ----------------------------
-- Table structure for mc_modification
-- ----------------------------
DROP TABLE IF EXISTS `mc_modification`;
CREATE TABLE `mc_modification` (
  `modification_id` int(11) NOT NULL AUTO_INCREMENT,
  `extension_install_id` int(11) NOT NULL,
  `name` varchar(64) NOT NULL,
  `code` varchar(64) NOT NULL,
  `author` varchar(64) NOT NULL,
  `version` varchar(32) NOT NULL,
  `link` varchar(255) NOT NULL,
  `xml` mediumtext NOT NULL,
  `status` tinyint(1) NOT NULL,
  `date_added` datetime NOT NULL,
  PRIMARY KEY (`modification_id`)
) ENGINE=MyISAM DEFAULT CHARSET=utf8;

-- ----------------------------
-- Records of mc_modification
-- ----------------------------

-- ----------------------------
-- Table structure for mc_module
-- ----------------------------
DROP TABLE IF EXISTS `mc_module`;
CREATE TABLE `mc_module` (
  `module_id` int(11) NOT NULL AUTO_INCREMENT,
  `name` varchar(64) NOT NULL,
  `code` varchar(32) NOT NULL,
  `setting` text NOT NULL,
  PRIMARY KEY (`module_id`)
) ENGINE=MyISAM AUTO_INCREMENT=39 DEFAULT CHARSET=utf8;

-- ----------------------------
-- Records of mc_module
-- ----------------------------
INSERT INTO `mc_module` VALUES ('30', 'Category', 'banner', '{\"name\":\"Category\",\"banner_id\":\"6\",\"width\":\"182\",\"height\":\"182\",\"status\":\"1\"}');
INSERT INTO `mc_module` VALUES ('29', 'Home Page', 'carousel', '{\"name\":\"Home Page\",\"banner_id\":\"8\",\"width\":\"130\",\"height\":\"100\",\"status\":\"1\"}');
INSERT INTO `mc_module` VALUES ('28', 'Home Page', 'featured', '{\"name\":\"Home Page\",\"product\":[\"43\",\"40\",\"42\",\"30\"],\"limit\":\"4\",\"width\":\"200\",\"height\":\"200\",\"status\":\"1\"}');
INSERT INTO `mc_module` VALUES ('27', 'Home Page', 'slideshow', '{\"name\":\"Home Page\",\"banner_id\":\"7\",\"width\":\"1140\",\"height\":\"580\",\"status\":\"1\"}');
INSERT INTO `mc_module` VALUES ('31', 'Banner 1', 'banner', '{\"name\":\"Banner 1\",\"banner_id\":\"6\",\"width\":\"182\",\"height\":\"182\",\"status\":\"1\"}');
INSERT INTO `mc_module` VALUES ('36', '博客详情页面', 'blog_latest', '{\"name\":\"\\u535a\\u5ba2\\u8be6\\u60c5\\u9875\\u9762\",\"limit\":\"4\",\"width\":\"200\",\"height\":\"200\",\"status\":\"1\"}');
INSERT INTO `mc_module` VALUES ('37', '博客列表页面', 'blog_comment', '{\"name\":\"\\u535a\\u5ba2\\u5217\\u8868\\u9875\\u9762\",\"limit\":\"3\",\"width\":\"200\",\"height\":\"200\",\"status\":\"1\"}');
INSERT INTO `mc_module` VALUES ('35', '首页侧边栏客服', 'kefu', '{\"name\":\"\\u9996\\u9875\\u4fa7\\u8fb9\\u680f\\u5ba2\\u670d\",\"status\":\"1\",\"telephone\":\"18561800618\",\"image_title\":\"\\u5fae\\u4fe1\\u4e8c\\u7ef4\\u7801\",\"image\":\"catalog\\/demo\\/banners\\/qrcode_for_gh_29f75db0e2c0_430.jpg\",\"service_qq\":[{\"qq_number\":\"909835012\",\"qq_name\":\"\\u9500\\u552e\",\"sort_order\":\"1\"},{\"qq_number\":\"150766998\",\"qq_name\":\"\\u6280\\u672f\\u652f\\u6301\",\"sort_order\":\"2\"}]}');
INSERT INTO `mc_module` VALUES ('38', '博客分类页面', 'blog_comment', '{\"name\":\"\\u535a\\u5ba2\\u5206\\u7c7b\\u9875\\u9762\",\"limit\":\"5\",\"width\":\"200\",\"height\":\"200\",\"status\":\"1\"}');

-- ----------------------------
-- Table structure for mc_option
-- ----------------------------
DROP TABLE IF EXISTS `mc_option`;
CREATE TABLE `mc_option` (
  `option_id` int(11) NOT NULL AUTO_INCREMENT,
  `type` varchar(32) NOT NULL,
  `sort_order` int(3) NOT NULL,
  PRIMARY KEY (`option_id`)
) ENGINE=MyISAM AUTO_INCREMENT=13 DEFAULT CHARSET=utf8;

-- ----------------------------
-- Records of mc_option
-- ----------------------------
INSERT INTO `mc_option` VALUES ('10', 'datetime', '9');
INSERT INTO `mc_option` VALUES ('9', 'time', '8');
INSERT INTO `mc_option` VALUES ('8', 'date', '7');
INSERT INTO `mc_option` VALUES ('7', 'file', '6');
INSERT INTO `mc_option` VALUES ('6', 'textarea', '5');
INSERT INTO `mc_option` VALUES ('5', 'select', '4');
INSERT INTO `mc_option` VALUES ('4', 'text', '3');
INSERT INTO `mc_option` VALUES ('2', 'checkbox', '2');
INSERT INTO `mc_option` VALUES ('1', 'radio', '1');
INSERT INTO `mc_option` VALUES ('11', 'select', '10');
INSERT INTO `mc_option` VALUES ('12', 'date', '11');

-- ----------------------------
-- Table structure for mc_option_description
-- ----------------------------
DROP TABLE IF EXISTS `mc_option_description`;
CREATE TABLE `mc_option_description` (
  `option_id` int(11) NOT NULL,
  `language_id` int(11) NOT NULL,
  `name` varchar(128) NOT NULL,
  PRIMARY KEY (`option_id`,`language_id`)
) ENGINE=MyISAM DEFAULT CHARSET=utf8;

-- ----------------------------
-- Records of mc_option_description
-- ----------------------------
INSERT INTO `mc_option_description` VALUES ('10', '1', '日期 &amp; 时间');
INSERT INTO `mc_option_description` VALUES ('9', '3', '时间');
INSERT INTO `mc_option_description` VALUES ('9', '2', 'Time');
INSERT INTO `mc_option_description` VALUES ('9', '1', '时间');
INSERT INTO `mc_option_description` VALUES ('8', '3', '日期');
INSERT INTO `mc_option_description` VALUES ('8', '2', 'Date');
INSERT INTO `mc_option_description` VALUES ('8', '1', '日期');
INSERT INTO `mc_option_description` VALUES ('7', '3', '文件');
INSERT INTO `mc_option_description` VALUES ('7', '2', 'File');
INSERT INTO `mc_option_description` VALUES ('7', '1', '文件');
INSERT INTO `mc_option_description` VALUES ('6', '3', '文本区块');
INSERT INTO `mc_option_description` VALUES ('6', '2', 'Textarea');
INSERT INTO `mc_option_description` VALUES ('6', '1', '文本区块');
INSERT INTO `mc_option_description` VALUES ('5', '3', '下拉列表');
INSERT INTO `mc_option_description` VALUES ('5', '2', 'Select');
INSERT INTO `mc_option_description` VALUES ('5', '1', '下拉列表');
INSERT INTO `mc_option_description` VALUES ('1', '3', '单选按钮组');
INSERT INTO `mc_option_description` VALUES ('2', '1', '复选框');
INSERT INTO `mc_option_description` VALUES ('2', '2', 'Checkbox');
INSERT INTO `mc_option_description` VALUES ('2', '3', '复选框');
INSERT INTO `mc_option_description` VALUES ('4', '1', '文本');
INSERT INTO `mc_option_description` VALUES ('4', '2', 'Text');
INSERT INTO `mc_option_description` VALUES ('4', '3', '文本');
INSERT INTO `mc_option_description` VALUES ('1', '2', 'Radio');
INSERT INTO `mc_option_description` VALUES ('1', '1', '单选按钮组');
INSERT INTO `mc_option_description` VALUES ('10', '2', 'Date &amp; Time');
INSERT INTO `mc_option_description` VALUES ('10', '3', '日期 &amp; 时间');
INSERT INTO `mc_option_description` VALUES ('11', '1', '尺寸');
INSERT INTO `mc_option_description` VALUES ('11', '2', 'Size');
INSERT INTO `mc_option_description` VALUES ('11', '3', '尺寸');
INSERT INTO `mc_option_description` VALUES ('12', '1', '配送日期');
INSERT INTO `mc_option_description` VALUES ('12', '2', 'Delivery Date');
INSERT INTO `mc_option_description` VALUES ('12', '3', '配送日期');

-- ----------------------------
-- Table structure for mc_option_value
-- ----------------------------
DROP TABLE IF EXISTS `mc_option_value`;
CREATE TABLE `mc_option_value` (
  `option_value_id` int(11) NOT NULL AUTO_INCREMENT,
  `option_id` int(11) NOT NULL,
  `image` varchar(255) NOT NULL,
  `sort_order` int(3) NOT NULL,
  PRIMARY KEY (`option_value_id`)
) ENGINE=MyISAM AUTO_INCREMENT=49 DEFAULT CHARSET=utf8;

-- ----------------------------
-- Records of mc_option_value
-- ----------------------------
INSERT INTO `mc_option_value` VALUES ('40', '5', '', '2');
INSERT INTO `mc_option_value` VALUES ('39', '5', '', '1');
INSERT INTO `mc_option_value` VALUES ('23', '2', '', '1');
INSERT INTO `mc_option_value` VALUES ('24', '2', '', '2');
INSERT INTO `mc_option_value` VALUES ('44', '2', '', '3');
INSERT INTO `mc_option_value` VALUES ('45', '2', '', '4');
INSERT INTO `mc_option_value` VALUES ('43', '1', '', '3');
INSERT INTO `mc_option_value` VALUES ('32', '1', '', '1');
INSERT INTO `mc_option_value` VALUES ('31', '1', '', '2');
INSERT INTO `mc_option_value` VALUES ('41', '5', '', '3');
INSERT INTO `mc_option_value` VALUES ('42', '5', '', '4');
INSERT INTO `mc_option_value` VALUES ('46', '11', '', '1');
INSERT INTO `mc_option_value` VALUES ('47', '11', '', '2');
INSERT INTO `mc_option_value` VALUES ('48', '11', '', '3');

-- ----------------------------
-- Table structure for mc_option_value_description
-- ----------------------------
DROP TABLE IF EXISTS `mc_option_value_description`;
CREATE TABLE `mc_option_value_description` (
  `option_value_id` int(11) NOT NULL,
  `language_id` int(11) NOT NULL,
  `option_id` int(11) NOT NULL,
  `name` varchar(128) NOT NULL,
  PRIMARY KEY (`option_value_id`,`language_id`)
) ENGINE=MyISAM DEFAULT CHARSET=utf8;

-- ----------------------------
-- Records of mc_option_value_description
-- ----------------------------
INSERT INTO `mc_option_value_description` VALUES ('41', '1', '5', '绿色');
INSERT INTO `mc_option_value_description` VALUES ('40', '3', '5', '蓝色');
INSERT INTO `mc_option_value_description` VALUES ('40', '2', '5', 'Blue');
INSERT INTO `mc_option_value_description` VALUES ('40', '1', '5', '蓝色');
INSERT INTO `mc_option_value_description` VALUES ('39', '3', '5', '红色');
INSERT INTO `mc_option_value_description` VALUES ('39', '2', '5', 'Red');
INSERT INTO `mc_option_value_description` VALUES ('39', '1', '5', '红色');
INSERT INTO `mc_option_value_description` VALUES ('45', '3', '2', '复选框4');
INSERT INTO `mc_option_value_description` VALUES ('24', '3', '2', '复选框2');
INSERT INTO `mc_option_value_description` VALUES ('44', '1', '2', '复选框3');
INSERT INTO `mc_option_value_description` VALUES ('44', '2', '2', '复选框3');
INSERT INTO `mc_option_value_description` VALUES ('44', '3', '2', '复选框3');
INSERT INTO `mc_option_value_description` VALUES ('45', '1', '2', '复选框4');
INSERT INTO `mc_option_value_description` VALUES ('45', '2', '2', '复选框4');
INSERT INTO `mc_option_value_description` VALUES ('24', '2', '2', '复选框2');
INSERT INTO `mc_option_value_description` VALUES ('24', '1', '2', '复选框2');
INSERT INTO `mc_option_value_description` VALUES ('32', '2', '1', 'Small');
INSERT INTO `mc_option_value_description` VALUES ('32', '3', '1', '小');
INSERT INTO `mc_option_value_description` VALUES ('43', '1', '1', '大');
INSERT INTO `mc_option_value_description` VALUES ('43', '2', '1', 'Large');
INSERT INTO `mc_option_value_description` VALUES ('43', '3', '1', '大');
INSERT INTO `mc_option_value_description` VALUES ('23', '1', '2', '复选框1');
INSERT INTO `mc_option_value_description` VALUES ('23', '2', '2', '复选框1');
INSERT INTO `mc_option_value_description` VALUES ('23', '3', '2', '复选框1');
INSERT INTO `mc_option_value_description` VALUES ('32', '1', '1', '小');
INSERT INTO `mc_option_value_description` VALUES ('31', '3', '1', '中');
INSERT INTO `mc_option_value_description` VALUES ('31', '2', '1', 'Medium');
INSERT INTO `mc_option_value_description` VALUES ('31', '1', '1', '中');
INSERT INTO `mc_option_value_description` VALUES ('41', '2', '5', 'Green');
INSERT INTO `mc_option_value_description` VALUES ('41', '3', '5', '绿色');
INSERT INTO `mc_option_value_description` VALUES ('42', '1', '5', '黄色');
INSERT INTO `mc_option_value_description` VALUES ('42', '2', '5', 'Yellow');
INSERT INTO `mc_option_value_description` VALUES ('42', '3', '5', '黄色');
INSERT INTO `mc_option_value_description` VALUES ('46', '1', '11', '小号');
INSERT INTO `mc_option_value_description` VALUES ('46', '2', '11', 'Small');
INSERT INTO `mc_option_value_description` VALUES ('46', '3', '11', '小号');
INSERT INTO `mc_option_value_description` VALUES ('47', '1', '11', '中号');
INSERT INTO `mc_option_value_description` VALUES ('47', '2', '11', 'Medium');
INSERT INTO `mc_option_value_description` VALUES ('47', '3', '11', '中号');
INSERT INTO `mc_option_value_description` VALUES ('48', '1', '11', '大号');
INSERT INTO `mc_option_value_description` VALUES ('48', '2', '11', 'Large');
INSERT INTO `mc_option_value_description` VALUES ('48', '3', '11', '大号');

-- ----------------------------
-- Table structure for mc_order
-- ----------------------------
DROP TABLE IF EXISTS `mc_order`;
CREATE TABLE `mc_order` (
  `order_id` int(11) NOT NULL AUTO_INCREMENT,
  `invoice_no` int(11) NOT NULL DEFAULT '0',
  `invoice_prefix` varchar(26) NOT NULL,
  `store_id` int(11) NOT NULL DEFAULT '0',
  `store_name` varchar(64) NOT NULL,
  `store_url` varchar(255) NOT NULL,
  `customer_id` int(11) NOT NULL DEFAULT '0',
  `customer_group_id` int(11) NOT NULL DEFAULT '0',
  `firstname` varchar(32) NOT NULL,
  `lastname` varchar(32) NOT NULL,
  `email` varchar(96) NOT NULL,
  `telephone` varchar(32) NOT NULL,
  `fax` varchar(32) NOT NULL,
  `custom_field` text NOT NULL,
  `payment_firstname` varchar(32) NOT NULL,
  `payment_lastname` varchar(32) NOT NULL,
  `payment_company` varchar(60) NOT NULL,
  `payment_address_1` varchar(128) NOT NULL,
  `payment_address_2` varchar(128) NOT NULL,
  `payment_district` varchar(128) NOT NULL,
  `payment_district_id` int(11) NOT NULL,
  `payment_city` varchar(128) NOT NULL,
  `payment_city_id` int(11) NOT NULL,
  `payment_postcode` varchar(10) NOT NULL,
  `payment_country` varchar(128) NOT NULL,
  `payment_country_id` int(11) NOT NULL,
  `payment_zone` varchar(128) NOT NULL,
  `payment_zone_id` int(11) NOT NULL,
  `payment_address_format` text NOT NULL,
  `payment_custom_field` text NOT NULL,
  `payment_method` varchar(128) NOT NULL,
  `payment_code` varchar(128) NOT NULL,
  `payment_telephone` varchar(32) NOT NULL,
  `shipping_firstname` varchar(32) NOT NULL,
  `shipping_lastname` varchar(32) NOT NULL,
  `shipping_company` varchar(40) NOT NULL,
  `shipping_address_1` varchar(128) NOT NULL,
  `shipping_address_2` varchar(128) NOT NULL,
  `shipping_district` varchar(128) NOT NULL,
  `shipping_district_id` int(11) NOT NULL,
  `shipping_city` varchar(128) NOT NULL,
  `shipping_city_id` int(11) NOT NULL,
  `shipping_postcode` varchar(10) NOT NULL,
  `shipping_country` varchar(128) NOT NULL,
  `shipping_country_id` int(11) NOT NULL,
  `shipping_zone` varchar(128) NOT NULL,
  `shipping_zone_id` int(11) NOT NULL,
  `shipping_address_format` text NOT NULL,
  `shipping_custom_field` text NOT NULL,
  `shipping_method` varchar(128) NOT NULL,
  `shipping_code` varchar(128) NOT NULL,
  `shipping_telephone` varchar(32) NOT NULL,
  `comment` text NOT NULL,
  `total` decimal(15,4) NOT NULL DEFAULT '0.0000',
  `order_status_id` int(11) NOT NULL DEFAULT '0',
  `affiliate_id` int(11) NOT NULL,
  `commission` decimal(15,4) NOT NULL,
  `marketing_id` int(11) NOT NULL,
  `tracking` varchar(64) NOT NULL,
  `language_id` int(11) NOT NULL,
  `currency_id` int(11) NOT NULL,
  `currency_code` varchar(3) NOT NULL,
  `currency_value` decimal(15,8) NOT NULL DEFAULT '1.00000000',
  `ip` varchar(40) NOT NULL,
  `forwarded_ip` varchar(40) NOT NULL,
  `user_agent` varchar(255) NOT NULL,
  `accept_language` varchar(255) NOT NULL,
  `date_added` datetime NOT NULL,
  `date_modified` datetime NOT NULL,
  PRIMARY KEY (`order_id`)
) ENGINE=MyISAM DEFAULT CHARSET=utf8;

-- ----------------------------
-- Records of mc_order
-- ----------------------------

-- ----------------------------
-- Table structure for mc_order_history
-- ----------------------------
DROP TABLE IF EXISTS `mc_order_history`;
CREATE TABLE `mc_order_history` (
  `order_history_id` int(11) NOT NULL AUTO_INCREMENT,
  `order_id` int(11) NOT NULL,
  `order_status_id` int(11) NOT NULL,
  `notify` tinyint(1) NOT NULL DEFAULT '0',
  `comment` text NOT NULL,
  `date_added` datetime NOT NULL,
  PRIMARY KEY (`order_history_id`)
) ENGINE=MyISAM DEFAULT CHARSET=utf8;

-- ----------------------------
-- Records of mc_order_history
-- ----------------------------

-- ----------------------------
-- Table structure for mc_order_option
-- ----------------------------
DROP TABLE IF EXISTS `mc_order_option`;
CREATE TABLE `mc_order_option` (
  `order_option_id` int(11) NOT NULL AUTO_INCREMENT,
  `order_id` int(11) NOT NULL,
  `order_product_id` int(11) NOT NULL,
  `product_option_id` int(11) NOT NULL,
  `product_option_value_id` int(11) NOT NULL DEFAULT '0',
  `name` varchar(255) NOT NULL,
  `value` text NOT NULL,
  `type` varchar(32) NOT NULL,
  PRIMARY KEY (`order_option_id`)
) ENGINE=MyISAM DEFAULT CHARSET=utf8;

-- ----------------------------
-- Records of mc_order_option
-- ----------------------------

-- ----------------------------
-- Table structure for mc_order_product
-- ----------------------------
DROP TABLE IF EXISTS `mc_order_product`;
CREATE TABLE `mc_order_product` (
  `order_product_id` int(11) NOT NULL AUTO_INCREMENT,
  `order_id` int(11) NOT NULL,
  `product_id` int(11) NOT NULL,
  `name` varchar(255) NOT NULL,
  `model` varchar(64) NOT NULL,
  `quantity` int(4) NOT NULL,
  `price` decimal(15,4) NOT NULL DEFAULT '0.0000',
  `total` decimal(15,4) NOT NULL DEFAULT '0.0000',
  `tax` decimal(15,4) NOT NULL DEFAULT '0.0000',
  `reward` int(8) NOT NULL,
  PRIMARY KEY (`order_product_id`),
  KEY `order_id` (`order_id`)
) ENGINE=MyISAM DEFAULT CHARSET=utf8;

-- ----------------------------
-- Records of mc_order_product
-- ----------------------------

-- ----------------------------
-- Table structure for mc_order_recurring
-- ----------------------------
DROP TABLE IF EXISTS `mc_order_recurring`;
CREATE TABLE `mc_order_recurring` (
  `order_recurring_id` int(11) NOT NULL AUTO_INCREMENT,
  `order_id` int(11) NOT NULL,
  `reference` varchar(255) NOT NULL,
  `product_id` int(11) NOT NULL,
  `product_name` varchar(255) NOT NULL,
  `product_quantity` int(11) NOT NULL,
  `recurring_id` int(11) NOT NULL,
  `recurring_name` varchar(255) NOT NULL,
  `recurring_description` varchar(255) NOT NULL,
  `recurring_frequency` varchar(25) NOT NULL,
  `recurring_cycle` smallint(6) NOT NULL,
  `recurring_duration` smallint(6) NOT NULL,
  `recurring_price` decimal(10,4) NOT NULL,
  `trial` tinyint(1) NOT NULL,
  `trial_frequency` varchar(25) NOT NULL,
  `trial_cycle` smallint(6) NOT NULL,
  `trial_duration` smallint(6) NOT NULL,
  `trial_price` decimal(10,4) NOT NULL,
  `status` tinyint(4) NOT NULL,
  `date_added` datetime NOT NULL,
  PRIMARY KEY (`order_recurring_id`)
) ENGINE=MyISAM DEFAULT CHARSET=utf8;

-- ----------------------------
-- Records of mc_order_recurring
-- ----------------------------

-- ----------------------------
-- Table structure for mc_order_recurring_transaction
-- ----------------------------
DROP TABLE IF EXISTS `mc_order_recurring_transaction`;
CREATE TABLE `mc_order_recurring_transaction` (
  `order_recurring_transaction_id` int(11) NOT NULL AUTO_INCREMENT,
  `order_recurring_id` int(11) NOT NULL,
  `reference` varchar(255) NOT NULL,
  `type` varchar(255) NOT NULL,
  `amount` decimal(10,4) NOT NULL,
  `date_added` datetime NOT NULL,
  PRIMARY KEY (`order_recurring_transaction_id`)
) ENGINE=MyISAM DEFAULT CHARSET=utf8;

-- ----------------------------
-- Records of mc_order_recurring_transaction
-- ----------------------------

-- ----------------------------
-- Table structure for mc_order_shipment
-- ----------------------------
DROP TABLE IF EXISTS `mc_order_shipment`;
CREATE TABLE `mc_order_shipment` (
  `order_shipment_id` int(11) NOT NULL AUTO_INCREMENT,
  `order_id` int(11) NOT NULL,
  `date_added` datetime NOT NULL,
  `shipping_courier_id` varchar(255) NOT NULL DEFAULT '',
  `tracking_number` varchar(255) NOT NULL DEFAULT '',
  PRIMARY KEY (`order_shipment_id`)
) ENGINE=MyISAM DEFAULT CHARSET=utf8;

-- ----------------------------
-- Records of mc_order_shipment
-- ----------------------------

-- ----------------------------
-- Table structure for mc_order_status
-- ----------------------------
DROP TABLE IF EXISTS `mc_order_status`;
CREATE TABLE `mc_order_status` (
  `order_status_id` int(11) NOT NULL AUTO_INCREMENT,
  `language_id` int(11) NOT NULL,
  `name` varchar(32) NOT NULL,
  PRIMARY KEY (`order_status_id`,`language_id`)
) ENGINE=MyISAM AUTO_INCREMENT=17 DEFAULT CHARSET=utf8;

-- ----------------------------
-- Records of mc_order_status
-- ----------------------------
INSERT INTO `mc_order_status` VALUES ('2', '3', '处理中');
INSERT INTO `mc_order_status` VALUES ('7', '3', '已取消');
INSERT INTO `mc_order_status` VALUES ('10', '3', '失败');
INSERT INTO `mc_order_status` VALUES ('11', '3', '已退款');
INSERT INTO `mc_order_status` VALUES ('3', '3', '已配送');
INSERT INTO `mc_order_status` VALUES ('16', '3', '无效');
INSERT INTO `mc_order_status` VALUES ('15', '3', '已处理');
INSERT INTO `mc_order_status` VALUES ('14', '3', '失效');
INSERT INTO `mc_order_status` VALUES ('8', '3', '已拒绝');
INSERT INTO `mc_order_status` VALUES ('1', '3', '等待处理');
INSERT INTO `mc_order_status` VALUES ('2', '2', 'Processing');
INSERT INTO `mc_order_status` VALUES ('3', '2', 'Shipped');
INSERT INTO `mc_order_status` VALUES ('7', '2', 'Canceled');
INSERT INTO `mc_order_status` VALUES ('5', '2', 'Complete');
INSERT INTO `mc_order_status` VALUES ('8', '2', 'Denied');
INSERT INTO `mc_order_status` VALUES ('9', '2', 'Canceled Reversal');
INSERT INTO `mc_order_status` VALUES ('10', '2', 'Failed');
INSERT INTO `mc_order_status` VALUES ('11', '2', 'Refunded');
INSERT INTO `mc_order_status` VALUES ('13', '2', 'Chargeback');
INSERT INTO `mc_order_status` VALUES ('1', '2', 'Pending ');
INSERT INTO `mc_order_status` VALUES ('16', '2', 'Voided');
INSERT INTO `mc_order_status` VALUES ('15', '2', 'Processed');
INSERT INTO `mc_order_status` VALUES ('14', '2', 'Expired');
INSERT INTO `mc_order_status` VALUES ('2', '1', '处理中');
INSERT INTO `mc_order_status` VALUES ('3', '1', '已配送');
INSERT INTO `mc_order_status` VALUES ('7', '1', '已取消');
INSERT INTO `mc_order_status` VALUES ('5', '1', '完成');
INSERT INTO `mc_order_status` VALUES ('8', '1', '已拒绝');
INSERT INTO `mc_order_status` VALUES ('9', '1', '撤销取消');
INSERT INTO `mc_order_status` VALUES ('10', '1', '失败');
INSERT INTO `mc_order_status` VALUES ('11', '1', '已退款');
INSERT INTO `mc_order_status` VALUES ('13', '1', '拒付');
INSERT INTO `mc_order_status` VALUES ('1', '1', '等待处理');
INSERT INTO `mc_order_status` VALUES ('16', '1', '无效');
INSERT INTO `mc_order_status` VALUES ('15', '1', '已处理');
INSERT INTO `mc_order_status` VALUES ('14', '1', '失效');
INSERT INTO `mc_order_status` VALUES ('9', '3', '撤销取消');
INSERT INTO `mc_order_status` VALUES ('13', '3', '拒付');
INSERT INTO `mc_order_status` VALUES ('5', '3', '完成');

-- ----------------------------
-- Table structure for mc_order_total
-- ----------------------------
DROP TABLE IF EXISTS `mc_order_total`;
CREATE TABLE `mc_order_total` (
  `order_total_id` int(10) NOT NULL AUTO_INCREMENT,
  `order_id` int(11) NOT NULL,
  `code` varchar(32) NOT NULL,
  `title` varchar(255) NOT NULL,
  `value` decimal(15,4) NOT NULL DEFAULT '0.0000',
  `sort_order` int(3) NOT NULL,
  PRIMARY KEY (`order_total_id`),
  KEY `order_id` (`order_id`)
) ENGINE=MyISAM DEFAULT CHARSET=utf8;

-- ----------------------------
-- Records of mc_order_total
-- ----------------------------

-- ----------------------------
-- Table structure for mc_order_voucher
-- ----------------------------
DROP TABLE IF EXISTS `mc_order_voucher`;
CREATE TABLE `mc_order_voucher` (
  `order_voucher_id` int(11) NOT NULL AUTO_INCREMENT,
  `order_id` int(11) NOT NULL,
  `voucher_id` int(11) NOT NULL,
  `description` varchar(255) NOT NULL,
  `code` varchar(10) NOT NULL,
  `from_name` varchar(64) NOT NULL,
  `from_email` varchar(96) NOT NULL,
  `to_name` varchar(64) NOT NULL,
  `to_email` varchar(96) NOT NULL,
  `voucher_theme_id` int(11) NOT NULL,
  `message` text NOT NULL,
  `amount` decimal(15,4) NOT NULL,
  PRIMARY KEY (`order_voucher_id`)
) ENGINE=MyISAM DEFAULT CHARSET=utf8;

-- ----------------------------
-- Records of mc_order_voucher
-- ----------------------------

-- ----------------------------
-- Table structure for mc_press
-- ----------------------------
DROP TABLE IF EXISTS `mc_press`;
CREATE TABLE `mc_press` (
  `press_id` int(11) NOT NULL AUTO_INCREMENT,
  `image` varchar(255) DEFAULT NULL,
  `sort_order` int(11) NOT NULL DEFAULT '0',
  `status` tinyint(1) NOT NULL DEFAULT '0',
  `date_added` datetime NOT NULL,
  `date_modified` datetime NOT NULL,
  PRIMARY KEY (`press_id`)
) ENGINE=MyISAM AUTO_INCREMENT=12 DEFAULT CHARSET=utf8;

-- ----------------------------
-- Records of mc_press
-- ----------------------------
INSERT INTO `mc_press` VALUES ('1', '', '1', '1', '2015-12-29 19:27:12', '2017-08-31 07:45:54');
INSERT INTO `mc_press` VALUES ('2', '', '2', '1', '2016-02-18 14:02:30', '2016-02-18 14:02:51');
INSERT INTO `mc_press` VALUES ('3', '', '1', '1', '2016-02-18 14:35:34', '2016-08-22 12:06:23');
INSERT INTO `mc_press` VALUES ('4', '', '1', '1', '2016-02-25 10:35:26', '2016-08-22 12:06:16');
INSERT INTO `mc_press` VALUES ('5', '', '1', '1', '2016-02-25 10:40:23', '2016-08-22 12:06:23');
INSERT INTO `mc_press` VALUES ('6', '', '1', '1', '2016-02-25 10:40:51', '2016-08-22 12:06:23');
INSERT INTO `mc_press` VALUES ('7', '', '1', '1', '2016-02-25 10:41:20', '2016-08-22 12:06:23');
INSERT INTO `mc_press` VALUES ('8', '', '1', '1', '2016-02-25 10:41:47', '2016-08-22 12:06:23');
INSERT INTO `mc_press` VALUES ('9', '', '1', '1', '2016-02-25 10:42:17', '2016-08-22 12:06:23');
INSERT INTO `mc_press` VALUES ('10', '', '1', '1', '2016-02-25 10:42:48', '2016-08-22 12:06:01');

-- ----------------------------
-- Table structure for mc_press_category
-- ----------------------------
DROP TABLE IF EXISTS `mc_press_category`;
CREATE TABLE `mc_press_category` (
  `press_category_id` int(11) NOT NULL AUTO_INCREMENT,
  `image` varchar(255) DEFAULT NULL,
  `parent_id` int(11) NOT NULL DEFAULT '0',
  `sort_order` int(3) NOT NULL DEFAULT '0',
  `status` tinyint(1) NOT NULL,
  `date_added` datetime NOT NULL,
  `date_modified` datetime NOT NULL,
  PRIMARY KEY (`press_category_id`),
  KEY `parent_id` (`parent_id`)
) ENGINE=MyISAM AUTO_INCREMENT=8 DEFAULT CHARSET=utf8;

-- ----------------------------
-- Records of mc_press_category
-- ----------------------------
INSERT INTO `mc_press_category` VALUES ('1', '', '0', '0', '1', '2015-12-29 19:20:03', '2017-08-31 14:11:45');
INSERT INTO `mc_press_category` VALUES ('2', 'catalog/demo/28_2.jpg', '0', '0', '1', '2015-12-29 19:25:58', '2017-08-31 14:18:41');
INSERT INTO `mc_press_category` VALUES ('7', 'catalog/demo/apple_logo.jpg', '0', '0', '1', '2017-08-31 14:24:10', '2017-08-31 14:24:30');

-- ----------------------------
-- Table structure for mc_press_category_description
-- ----------------------------
DROP TABLE IF EXISTS `mc_press_category_description`;
CREATE TABLE `mc_press_category_description` (
  `press_category_id` int(11) NOT NULL,
  `language_id` int(11) NOT NULL,
  `name` varchar(255) NOT NULL,
  `description` text NOT NULL,
  `meta_title` varchar(255) NOT NULL,
  `meta_description` varchar(255) NOT NULL,
  `meta_keyword` varchar(255) NOT NULL,
  PRIMARY KEY (`press_category_id`,`language_id`),
  KEY `name` (`name`)
) ENGINE=MyISAM DEFAULT CHARSET=utf8;

-- ----------------------------
-- Records of mc_press_category_description
-- ----------------------------
INSERT INTO `mc_press_category_description` VALUES ('1', '2', '新闻分类一', '&lt;p&gt;新闻分类一&lt;br&gt;&lt;/p&gt;', '新闻分类一', '新闻分类一', '新闻分类一');
INSERT INTO `mc_press_category_description` VALUES ('1', '1', '新闻分类一', '&lt;p&gt;新闻分类一&lt;br&gt;&lt;/p&gt;', '新闻分类一', '新闻分类一', '新闻分类一');
INSERT INTO `mc_press_category_description` VALUES ('1', '3', '新闻分类一', '&lt;p&gt;新闻分类一&lt;br&gt;&lt;/p&gt;', '新闻分类一', '新闻分类一', '新闻分类一');
INSERT INTO `mc_press_category_description` VALUES ('2', '3', '新闻分类二', '&lt;p&gt;新闻分类二&lt;br&gt;&lt;/p&gt;', '新闻分类二', '新闻分类二', '新闻分类二');
INSERT INTO `mc_press_category_description` VALUES ('2', '1', '新闻分类二', '&lt;p&gt;新闻分类二&lt;br&gt;&lt;/p&gt;', '新闻分类二', '新闻分类二', '新闻分类二');
INSERT INTO `mc_press_category_description` VALUES ('2', '2', 'Press Category Two', '&lt;p&gt;Press Category Two&lt;br&gt;&lt;/p&gt;', 'Press Category Two', 'Press Category Two', 'Press Category Two');
INSERT INTO `mc_press_category_description` VALUES ('7', '2', 'Press Category Three', '&lt;p&gt;Press Category Three&lt;br&gt;&lt;/p&gt;', 'Press Category Three', 'Press Category Three', 'Press Category Three');
INSERT INTO `mc_press_category_description` VALUES ('7', '1', '新闻分类三', '&lt;p&gt;新闻分类三&lt;br&gt;&lt;/p&gt;', '新闻分类三', '新闻分类三', '新闻分类三');
INSERT INTO `mc_press_category_description` VALUES ('7', '3', '新闻分类三', '&lt;p&gt;新闻分类三&lt;br&gt;&lt;/p&gt;', '新闻分类三', '新闻分类三', '新闻分类三');

-- ----------------------------
-- Table structure for mc_press_category_path
-- ----------------------------
DROP TABLE IF EXISTS `mc_press_category_path`;
CREATE TABLE `mc_press_category_path` (
  `press_category_id` int(11) NOT NULL,
  `path_id` int(11) NOT NULL,
  `level` int(11) NOT NULL,
  PRIMARY KEY (`press_category_id`,`path_id`)
) ENGINE=MyISAM DEFAULT CHARSET=utf8;

-- ----------------------------
-- Records of mc_press_category_path
-- ----------------------------
INSERT INTO `mc_press_category_path` VALUES ('1', '1', '0');
INSERT INTO `mc_press_category_path` VALUES ('2', '2', '0');
INSERT INTO `mc_press_category_path` VALUES ('7', '7', '0');

-- ----------------------------
-- Table structure for mc_press_category_to_layout
-- ----------------------------
DROP TABLE IF EXISTS `mc_press_category_to_layout`;
CREATE TABLE `mc_press_category_to_layout` (
  `press_category_id` int(11) NOT NULL,
  `store_id` int(11) NOT NULL,
  `layout_id` int(11) NOT NULL,
  PRIMARY KEY (`press_category_id`,`store_id`)
) ENGINE=MyISAM DEFAULT CHARSET=utf8;

-- ----------------------------
-- Records of mc_press_category_to_layout
-- ----------------------------
INSERT INTO `mc_press_category_to_layout` VALUES ('1', '0', '0');
INSERT INTO `mc_press_category_to_layout` VALUES ('2', '0', '0');
INSERT INTO `mc_press_category_to_layout` VALUES ('7', '0', '0');

-- ----------------------------
-- Table structure for mc_press_category_to_store
-- ----------------------------
DROP TABLE IF EXISTS `mc_press_category_to_store`;
CREATE TABLE `mc_press_category_to_store` (
  `press_category_id` int(11) NOT NULL,
  `store_id` int(11) NOT NULL,
  PRIMARY KEY (`press_category_id`,`store_id`)
) ENGINE=MyISAM DEFAULT CHARSET=utf8;

-- ----------------------------
-- Records of mc_press_category_to_store
-- ----------------------------
INSERT INTO `mc_press_category_to_store` VALUES ('1', '0');
INSERT INTO `mc_press_category_to_store` VALUES ('2', '0');
INSERT INTO `mc_press_category_to_store` VALUES ('7', '0');

-- ----------------------------
-- Table structure for mc_press_description
-- ----------------------------
DROP TABLE IF EXISTS `mc_press_description`;
CREATE TABLE `mc_press_description` (
  `press_id` int(11) NOT NULL,
  `language_id` int(11) NOT NULL,
  `title` varchar(255) NOT NULL,
  `description` text NOT NULL,
  `meta_title` varchar(255) NOT NULL,
  `meta_description` varchar(255) NOT NULL,
  `meta_keyword` varchar(255) NOT NULL,
  PRIMARY KEY (`press_id`,`language_id`),
  KEY `name` (`title`)
) ENGINE=MyISAM DEFAULT CHARSET=utf8;

-- ----------------------------
-- Records of mc_press_description
-- ----------------------------
INSERT INTO `mc_press_description` VALUES ('1', '2', 'press 1', '&lt;p&gt;press 1&lt;br&gt;&lt;/p&gt;', 'press 1', 'press 1', 'press 1');
INSERT INTO `mc_press_description` VALUES ('1', '1', '新闻一', '&lt;p&gt;新闻一&lt;br&gt;&lt;/p&gt;', '新闻一', '新闻一', '新闻一');
INSERT INTO `mc_press_description` VALUES ('1', '3', '新闻一', '&lt;p&gt;新闻一&lt;br&gt;&lt;/p&gt;', '新闻一', '新闻一', '新闻一');
INSERT INTO `mc_press_description` VALUES ('2', '3', '新闻二', '&lt;p&gt;新闻二&lt;br&gt;&lt;/p&gt;', '新闻二', '新闻二', '新闻二');
INSERT INTO `mc_press_description` VALUES ('2', '2', '新闻二', '&lt;p&gt;新闻二&lt;br&gt;&lt;/p&gt;', '新闻二', '新闻二', '新闻二');
INSERT INTO `mc_press_description` VALUES ('2', '1', '新闻二', '&lt;p&gt;新闻二&lt;br&gt;&lt;/p&gt;', '新闻二', '新闻二', '新闻二');
INSERT INTO `mc_press_description` VALUES ('3', '1', '新闻三', '&lt;p&gt;新闻三&lt;br&gt;&lt;/p&gt;', '新闻三', '新闻三', '新闻三');
INSERT INTO `mc_press_description` VALUES ('3', '2', '新闻三', '&lt;p&gt;新闻三&lt;br&gt;&lt;/p&gt;', '新闻三', '新闻三', '新闻三');
INSERT INTO `mc_press_description` VALUES ('3', '3', '新闻三', '&lt;p&gt;新闻三&lt;br&gt;&lt;/p&gt;', '新闻三', '新闻三', '新闻三');
INSERT INTO `mc_press_description` VALUES ('4', '3', '新闻4', '&lt;p&gt;新闻4&lt;br&gt;&lt;/p&gt;', '新闻4', '新闻4', '新闻4');
INSERT INTO `mc_press_description` VALUES ('4', '2', '新闻4', '&lt;p&gt;新闻4&lt;br&gt;&lt;/p&gt;', '新闻4', '新闻4', '新闻4');
INSERT INTO `mc_press_description` VALUES ('4', '1', '新闻4', '&lt;p&gt;新闻4&lt;br&gt;&lt;/p&gt;', '新闻4', '新闻4', '新闻4');
INSERT INTO `mc_press_description` VALUES ('5', '3', '新闻5', '&lt;p&gt;新闻5&lt;br&gt;&lt;/p&gt;', '新闻5', '新闻5', '新闻5');
INSERT INTO `mc_press_description` VALUES ('5', '2', '新闻5', '&lt;p&gt;新闻5&lt;br&gt;&lt;/p&gt;', '新闻5', '新闻5', '新闻5');
INSERT INTO `mc_press_description` VALUES ('5', '1', '新闻5', '&lt;p&gt;新闻5&lt;br&gt;&lt;/p&gt;', '新闻5', '新闻5', '新闻5');
INSERT INTO `mc_press_description` VALUES ('6', '1', '新闻6', '&lt;p&gt;新闻6&lt;br&gt;&lt;/p&gt;', '新闻6', '新闻6', '新闻6');
INSERT INTO `mc_press_description` VALUES ('6', '2', '新闻6', '&lt;p&gt;新闻6&lt;br&gt;&lt;/p&gt;', '新闻6', '新闻6', '新闻6');
INSERT INTO `mc_press_description` VALUES ('6', '3', '新闻6', '&lt;p&gt;新闻6&lt;br&gt;&lt;/p&gt;', '新闻6', '新闻6', '新闻6');
INSERT INTO `mc_press_description` VALUES ('7', '1', '新闻7', '&lt;p&gt;新闻7&lt;br&gt;&lt;/p&gt;', '新闻7', '新闻7', '新闻7');
INSERT INTO `mc_press_description` VALUES ('7', '2', '新闻7', '&lt;p&gt;新闻7&lt;br&gt;&lt;/p&gt;', '新闻7', '新闻7', '新闻7');
INSERT INTO `mc_press_description` VALUES ('7', '3', '新闻7', '&lt;p&gt;新闻7&lt;br&gt;&lt;/p&gt;', '新闻7', '新闻7', '新闻7');
INSERT INTO `mc_press_description` VALUES ('8', '1', '新闻8', '&lt;p&gt;新闻8&lt;br&gt;&lt;/p&gt;', '新闻8', '新闻8', '新闻8');
INSERT INTO `mc_press_description` VALUES ('8', '2', '新闻8', '&lt;p&gt;新闻8&lt;br&gt;&lt;/p&gt;', '新闻8', '新闻8', '新闻8');
INSERT INTO `mc_press_description` VALUES ('8', '3', '新闻8', '&lt;p&gt;新闻8&lt;br&gt;&lt;/p&gt;', '新闻8', '新闻8', '新闻8');
INSERT INTO `mc_press_description` VALUES ('9', '1', '新闻9', '&lt;p&gt;新闻9&lt;br&gt;&lt;/p&gt;', '新闻9', '新闻9', '新闻9');
INSERT INTO `mc_press_description` VALUES ('9', '2', '新闻9', '&lt;p&gt;新闻9&lt;br&gt;&lt;/p&gt;', '新闻9', '新闻9', '新闻9');
INSERT INTO `mc_press_description` VALUES ('9', '3', '新闻9', '&lt;p&gt;新闻9&lt;br&gt;&lt;/p&gt;', '新闻9', '新闻9', '新闻9');
INSERT INTO `mc_press_description` VALUES ('10', '3', '新闻10', '&lt;p&gt;新闻10&lt;br&gt;&lt;/p&gt;', '新闻10', '新闻10', '新闻10');
INSERT INTO `mc_press_description` VALUES ('10', '2', '新闻10', '&lt;p&gt;新闻10&lt;br&gt;&lt;/p&gt;', '新闻10', '新闻10', '新闻10');
INSERT INTO `mc_press_description` VALUES ('10', '1', '新闻10', '&lt;p&gt;新闻10&lt;br&gt;&lt;/p&gt;', '新闻10', '新闻10', '新闻10');

-- ----------------------------
-- Table structure for mc_press_product
-- ----------------------------
DROP TABLE IF EXISTS `mc_press_product`;
CREATE TABLE `mc_press_product` (
  `press_id` int(11) NOT NULL,
  `related_id` int(11) NOT NULL,
  UNIQUE KEY `press_id` (`press_id`,`related_id`)
) ENGINE=MyISAM DEFAULT CHARSET=utf8;

-- ----------------------------
-- Records of mc_press_product
-- ----------------------------
INSERT INTO `mc_press_product` VALUES ('1', '28');
INSERT INTO `mc_press_product` VALUES ('1', '41');
INSERT INTO `mc_press_product` VALUES ('1', '42');
INSERT INTO `mc_press_product` VALUES ('1', '47');
INSERT INTO `mc_press_product` VALUES ('1', '48');
INSERT INTO `mc_press_product` VALUES ('2', '41');
INSERT INTO `mc_press_product` VALUES ('2', '47');
INSERT INTO `mc_press_product` VALUES ('11', '41');

-- ----------------------------
-- Table structure for mc_press_to_layout
-- ----------------------------
DROP TABLE IF EXISTS `mc_press_to_layout`;
CREATE TABLE `mc_press_to_layout` (
  `press_id` int(11) NOT NULL,
  `store_id` int(11) NOT NULL,
  `layout_id` int(11) NOT NULL,
  PRIMARY KEY (`press_id`,`store_id`)
) ENGINE=MyISAM DEFAULT CHARSET=utf8;

-- ----------------------------
-- Records of mc_press_to_layout
-- ----------------------------
INSERT INTO `mc_press_to_layout` VALUES ('1', '0', '0');
INSERT INTO `mc_press_to_layout` VALUES ('2', '0', '0');
INSERT INTO `mc_press_to_layout` VALUES ('3', '0', '0');
INSERT INTO `mc_press_to_layout` VALUES ('4', '0', '0');
INSERT INTO `mc_press_to_layout` VALUES ('5', '0', '0');
INSERT INTO `mc_press_to_layout` VALUES ('6', '0', '0');
INSERT INTO `mc_press_to_layout` VALUES ('7', '0', '0');
INSERT INTO `mc_press_to_layout` VALUES ('8', '0', '0');
INSERT INTO `mc_press_to_layout` VALUES ('9', '0', '0');
INSERT INTO `mc_press_to_layout` VALUES ('10', '0', '0');

-- ----------------------------
-- Table structure for mc_press_to_press_category
-- ----------------------------
DROP TABLE IF EXISTS `mc_press_to_press_category`;
CREATE TABLE `mc_press_to_press_category` (
  `press_id` int(11) NOT NULL,
  `press_category_id` int(11) NOT NULL,
  PRIMARY KEY (`press_id`,`press_category_id`),
  KEY `press_category_id` (`press_category_id`)
) ENGINE=MyISAM DEFAULT CHARSET=utf8;

-- ----------------------------
-- Records of mc_press_to_press_category
-- ----------------------------
INSERT INTO `mc_press_to_press_category` VALUES ('1', '2');
INSERT INTO `mc_press_to_press_category` VALUES ('2', '2');
INSERT INTO `mc_press_to_press_category` VALUES ('3', '1');
INSERT INTO `mc_press_to_press_category` VALUES ('3', '2');
INSERT INTO `mc_press_to_press_category` VALUES ('4', '2');
INSERT INTO `mc_press_to_press_category` VALUES ('5', '2');
INSERT INTO `mc_press_to_press_category` VALUES ('6', '2');
INSERT INTO `mc_press_to_press_category` VALUES ('7', '2');
INSERT INTO `mc_press_to_press_category` VALUES ('8', '2');
INSERT INTO `mc_press_to_press_category` VALUES ('9', '2');
INSERT INTO `mc_press_to_press_category` VALUES ('10', '2');

-- ----------------------------
-- Table structure for mc_press_to_store
-- ----------------------------
DROP TABLE IF EXISTS `mc_press_to_store`;
CREATE TABLE `mc_press_to_store` (
  `press_id` int(11) NOT NULL,
  `store_id` int(11) NOT NULL DEFAULT '0',
  PRIMARY KEY (`press_id`,`store_id`)
) ENGINE=MyISAM DEFAULT CHARSET=utf8;

-- ----------------------------
-- Records of mc_press_to_store
-- ----------------------------
INSERT INTO `mc_press_to_store` VALUES ('1', '0');
INSERT INTO `mc_press_to_store` VALUES ('2', '0');
INSERT INTO `mc_press_to_store` VALUES ('3', '0');
INSERT INTO `mc_press_to_store` VALUES ('4', '0');
INSERT INTO `mc_press_to_store` VALUES ('5', '0');
INSERT INTO `mc_press_to_store` VALUES ('6', '0');
INSERT INTO `mc_press_to_store` VALUES ('7', '0');
INSERT INTO `mc_press_to_store` VALUES ('8', '0');
INSERT INTO `mc_press_to_store` VALUES ('9', '0');
INSERT INTO `mc_press_to_store` VALUES ('10', '0');

-- ----------------------------
-- Table structure for mc_product
-- ----------------------------
DROP TABLE IF EXISTS `mc_product`;
CREATE TABLE `mc_product` (
  `product_id` int(11) NOT NULL AUTO_INCREMENT,
  `model` varchar(64) NOT NULL,
  `sku` varchar(64) NOT NULL,
  `upc` varchar(12) NOT NULL,
  `ean` varchar(14) NOT NULL,
  `jan` varchar(13) NOT NULL,
  `isbn` varchar(17) NOT NULL,
  `mpn` varchar(64) NOT NULL,
  `location` varchar(128) NOT NULL,
  `quantity` int(4) NOT NULL DEFAULT '0',
  `stock_status_id` int(11) NOT NULL,
  `image` varchar(255) DEFAULT NULL,
  `manufacturer_id` int(11) NOT NULL,
  `shipping` tinyint(1) NOT NULL DEFAULT '1',
  `price` decimal(15,4) NOT NULL DEFAULT '0.0000',
  `points` int(8) NOT NULL DEFAULT '0',
  `tax_class_id` int(11) NOT NULL,
  `date_available` date NOT NULL DEFAULT '0000-00-00',
  `weight` decimal(15,8) NOT NULL DEFAULT '0.00000000',
  `weight_class_id` int(11) NOT NULL DEFAULT '0',
  `length` decimal(15,8) NOT NULL DEFAULT '0.00000000',
  `width` decimal(15,8) NOT NULL DEFAULT '0.00000000',
  `height` decimal(15,8) NOT NULL DEFAULT '0.00000000',
  `length_class_id` int(11) NOT NULL DEFAULT '0',
  `subtract` tinyint(1) NOT NULL DEFAULT '1',
  `minimum` int(11) NOT NULL DEFAULT '1',
  `sort_order` int(11) NOT NULL DEFAULT '0',
  `status` tinyint(1) NOT NULL DEFAULT '0',
  `viewed` int(5) NOT NULL DEFAULT '0',
  `date_added` datetime NOT NULL,
  `date_modified` datetime NOT NULL,
  PRIMARY KEY (`product_id`)
) ENGINE=MyISAM AUTO_INCREMENT=50 DEFAULT CHARSET=utf8;

-- ----------------------------
-- Records of mc_product
-- ----------------------------
INSERT INTO `mc_product` VALUES ('47', 'Product 7', '', '', '', '', '', '', '', '1000', '5', 'catalog/demo/product/product_2/product2_1.jpg', '7', '1', '1.0000', '400', '0', '2009-02-03', '1.00000000', '1', '0.00000000', '0.00000000', '0.00000000', '1', '0', '1', '0', '1', '0', '2009-02-03 21:08:40', '2016-08-23 08:54:32');
INSERT INTO `mc_product` VALUES ('46', 'Product 3', '', '', '', '', '', '', '', '1000', '5', 'catalog/demo/product/product16/product16_1.jpg', '10', '1', '1.0000', '0', '0', '2009-02-03', '0.00000000', '1', '0.00000000', '0.00000000', '0.00000000', '2', '1', '1', '0', '1', '0', '2009-02-03 21:08:29', '2016-08-23 09:56:36');
INSERT INTO `mc_product` VALUES ('45', 'Product 5', '', '', '', '', '', '', '', '998', '5', 'catalog/demo/product/product_11/product11_1.jpg', '8', '1', '2.0000', '0', '0', '2009-02-03', '0.00000000', '1', '0.00000000', '0.00000000', '0.00000000', '2', '1', '1', '0', '1', '0', '2009-02-03 21:08:17', '2016-08-23 08:54:02');
INSERT INTO `mc_product` VALUES ('44', 'Product 9', '', '', '', '', '', '', '', '1000', '5', 'catalog/demo/product/product_10/product10_1.jpg', '8', '1', '2.0000', '0', '0', '2009-02-03', '0.00000000', '1', '0.00000000', '0.00000000', '0.00000000', '2', '1', '1', '0', '1', '0', '2009-02-03 21:08:00', '2016-08-23 08:55:07');
INSERT INTO `mc_product` VALUES ('43', 'Product 8', '', '', '', '', '', '', '', '999975', '5', 'catalog/demo/product/product_9/product9_1.jpg', '8', '0', '0.0100', '0', '0', '2009-02-03', '0.00000000', '1', '0.00000000', '0.00000000', '0.00000000', '2', '1', '1', '0', '1', '4', '2009-02-03 21:07:49', '2017-09-03 05:00:16');
INSERT INTO `mc_product` VALUES ('42', 'Product 1', '', '', '', '', '', '', '', '990', '5', 'catalog/demo/product/product_1/product1_1.jpg', '8', '1', '100.0000', '400', '0', '2009-02-04', '12.50000000', '1', '1.00000000', '2.00000000', '3.00000000', '1', '1', '2', '0', '1', '0', '2009-02-03 21:07:37', '2017-07-16 19:43:42');
INSERT INTO `mc_product` VALUES ('41', 'Product 4', '', '', '', '', '', '', '', '977', '5', 'catalog/demo/product/product_4/product4_1.jpg', '8', '1', '1.0000', '0', '0', '2009-02-03', '5.00000000', '1', '0.00000000', '0.00000000', '0.00000000', '1', '1', '1', '0', '1', '0', '2009-02-03 21:07:26', '2016-08-23 08:53:47');
INSERT INTO `mc_product` VALUES ('40', 'Product 19', '', '', '', '', '', '', '', '956', '5', 'catalog/demo/product/product19/product19_1.jpg', '8', '1', '6.9900', '0', '0', '2009-02-03', '10.00000000', '1', '0.00000000', '0.00000000', '0.00000000', '1', '1', '1', '0', '1', '0', '2009-02-03 21:07:12', '2016-08-23 08:58:04');
INSERT INTO `mc_product` VALUES ('36', 'Product 6', '', '', '', '', '', '', '', '994', '6', 'catalog/demo/product/product_6/product6_1.jpg', '8', '0', '1.0000', '100', '0', '2009-02-03', '5.00000000', '1', '0.00000000', '0.00000000', '0.00000000', '2', '1', '1', '0', '1', '2', '2009-02-03 18:09:19', '2016-08-23 08:54:16');
INSERT INTO `mc_product` VALUES ('35', 'Product 10', '', '', '', '', '', '', '', '1000', '5', 'catalog/demo/product/product_14/product14_1.jpg', '0', '0', '1.0000', '0', '0', '2009-02-03', '5.00000000', '1', '0.00000000', '0.00000000', '0.00000000', '1', '1', '1', '0', '1', '0', '2009-02-03 18:08:31', '2016-08-23 08:55:32');
INSERT INTO `mc_product` VALUES ('34', 'Product 15', '', '', '', '', '', '', '', '1000', '6', 'catalog/demo/product/product_7/product7_1.jpg', '8', '1', '1.0000', '0', '0', '2009-02-03', '5.00000000', '1', '0.00000000', '0.00000000', '0.00000000', '2', '1', '1', '0', '1', '1', '2009-02-03 18:07:54', '2016-08-23 08:56:50');
INSERT INTO `mc_product` VALUES ('33', 'Product 2', '', '', '', '', '', '', '', '1000', '6', 'catalog/demo/product/product17/product17_1.jpg', '0', '1', '1.0000', '0', '0', '2009-02-03', '5.00000000', '1', '0.00000000', '0.00000000', '0.00000000', '2', '1', '1', '0', '1', '0', '2009-02-03 17:08:31', '2016-08-23 09:56:25');
INSERT INTO `mc_product` VALUES ('32', 'Product 11', '', '', '', '', '', '', '', '999', '6', 'catalog/demo/product/product_8/product8_1.jpg', '8', '1', '1.0000', '0', '9', '2009-02-03', '5.00000000', '1', '0.00000000', '0.00000000', '0.00000000', '1', '1', '1', '0', '1', '0', '2009-02-03 17:07:26', '2016-08-23 08:55:50');
INSERT INTO `mc_product` VALUES ('31', 'Product 12', '', '', '', '', '', '', '', '1000', '6', 'catalog/demo/product/product_12/product12_1.jpg', '0', '1', '1.0000', '0', '0', '2009-02-03', '0.00000000', '1', '0.00000000', '0.00000000', '0.00000000', '3', '1', '1', '0', '1', '0', '2009-02-03 17:00:10', '2016-08-23 08:56:07');
INSERT INTO `mc_product` VALUES ('30', 'Product 13', '', '', '', '', '', '', '', '2', '6', 'catalog/demo/product/product21/product21_1.jpg', '9', '1', '100.0000', '0', '0', '2009-02-03', '0.00000000', '1', '0.00000000', '0.00000000', '0.00000000', '1', '1', '1', '0', '1', '0', '2009-02-03 16:59:00', '2017-07-16 19:44:40');
INSERT INTO `mc_product` VALUES ('29', 'Product 14', '', '', '', '', '', '', '', '999', '6', 'catalog/demo/product/product_13/product13_1.jpg', '6', '1', '1.9900', '0', '0', '2009-02-03', '133.00000000', '2', '0.00000000', '0.00000000', '0.00000000', '3', '1', '1', '0', '1', '0', '2009-02-03 16:42:17', '2016-08-23 08:56:28');
INSERT INTO `mc_product` VALUES ('28', 'Product 17', '', '', '', '', '', '', '', '939', '7', 'catalog/demo/product/product_3/product3_1.jpg', '5', '1', '0.9900', '200', '0', '2009-02-03', '146.40000000', '2', '0.00000000', '0.00000000', '0.00000000', '1', '1', '1', '0', '1', '0', '2009-02-03 16:06:50', '2016-08-23 08:57:18');
INSERT INTO `mc_product` VALUES ('48', 'Product 18', 'test 1', '', '', '', '', '', 'test 2', '995', '5', 'catalog/demo/product/product_5/product5_1.jpg', '8', '1', '2.9900', '0', '0', '2009-02-08', '1.00000000', '1', '0.00000000', '0.00000000', '0.00000000', '2', '1', '1', '0', '1', '0', '2009-02-08 17:21:51', '2016-08-23 08:57:42');
INSERT INTO `mc_product` VALUES ('49', 'Product 16', '', '', '', '', '', '', '', '0', '8', 'catalog/demo/product/product15/product15_1.jpg', '0', '1', '199.9900', '0', '0', '2011-04-25', '0.00000000', '1', '0.00000000', '0.00000000', '0.00000000', '1', '1', '1', '1', '1', '0', '2011-04-26 08:57:34', '2016-08-13 14:04:21');

-- ----------------------------
-- Table structure for mc_product_attribute
-- ----------------------------
DROP TABLE IF EXISTS `mc_product_attribute`;
CREATE TABLE `mc_product_attribute` (
  `product_id` int(11) NOT NULL,
  `attribute_id` int(11) NOT NULL,
  `language_id` int(11) NOT NULL,
  `text` text NOT NULL,
  PRIMARY KEY (`product_id`,`attribute_id`,`language_id`)
) ENGINE=MyISAM DEFAULT CHARSET=utf8;

-- ----------------------------
-- Records of mc_product_attribute
-- ----------------------------
INSERT INTO `mc_product_attribute` VALUES ('43', '4', '1', '8gb');
INSERT INTO `mc_product_attribute` VALUES ('43', '4', '2', '8gb');
INSERT INTO `mc_product_attribute` VALUES ('42', '3', '2', '100mhz');
INSERT INTO `mc_product_attribute` VALUES ('42', '3', '1', '100mhz');
INSERT INTO `mc_product_attribute` VALUES ('42', '3', '3', '100mhz');
INSERT INTO `mc_product_attribute` VALUES ('43', '2', '3', '1');
INSERT INTO `mc_product_attribute` VALUES ('47', '4', '2', '16GB');
INSERT INTO `mc_product_attribute` VALUES ('47', '4', '1', '16GB');
INSERT INTO `mc_product_attribute` VALUES ('47', '4', '3', '16GB');
INSERT INTO `mc_product_attribute` VALUES ('47', '2', '3', '4');
INSERT INTO `mc_product_attribute` VALUES ('47', '2', '2', '4');
INSERT INTO `mc_product_attribute` VALUES ('47', '2', '1', '4');
INSERT INTO `mc_product_attribute` VALUES ('43', '2', '1', '1');
INSERT INTO `mc_product_attribute` VALUES ('43', '2', '2', '1');
INSERT INTO `mc_product_attribute` VALUES ('43', '4', '3', '8gb');

-- ----------------------------
-- Table structure for mc_product_description
-- ----------------------------
DROP TABLE IF EXISTS `mc_product_description`;
CREATE TABLE `mc_product_description` (
  `product_id` int(11) NOT NULL,
  `language_id` int(11) NOT NULL,
  `name` varchar(255) NOT NULL,
  `description` text NOT NULL,
  `tag` text NOT NULL,
  `meta_title` varchar(255) NOT NULL,
  `meta_description` varchar(255) NOT NULL,
  `meta_keyword` varchar(255) NOT NULL,
  PRIMARY KEY (`product_id`,`language_id`),
  KEY `name` (`name`)
) ENGINE=MyISAM DEFAULT CHARSET=utf8;

-- ----------------------------
-- Records of mc_product_description
-- ----------------------------
INSERT INTO `mc_product_description` VALUES ('47', '3', '木藝設計', '&lt;p&gt;\n	Stop your co-workers in their tracks with the stunning new 30-inch diagonal HP LP3065 Flat Panel Monitor. This flagship monitor features best-in-class performance and presentation features on a huge wide-aspect screen while letting you work as comfortably as possible - you might even forget you&#039;re at the office&lt;/p&gt;\n', '', 'HP LP3065', '', '');
INSERT INTO `mc_product_description` VALUES ('45', '3', '時尚儲物櫃', '&lt;div class=&quot;cpt_product_description &quot;&gt;\n	&lt;div&gt;\n		&lt;p&gt;\n			&lt;b&gt;Latest Intel mobile architecture&lt;/b&gt;&lt;/p&gt;\n		&lt;p&gt;\n			Powered by the most advanced mobile processors from Intel, the new Core 2 Duo MacBook Pro is over 50% faster than the original Core Duo MacBook Pro and now supports up to 4GB of RAM.&lt;/p&gt;\n		&lt;p&gt;\n			&lt;b&gt;Leading-edge graphics&lt;/b&gt;&lt;/p&gt;\n		&lt;p&gt;\n			The NVIDIA GeForce 8600M GT delivers exceptional graphics processing power. For the ultimate creative canvas, you can even configure the 17-inch model with a 1920-by-1200 resolution display.&lt;/p&gt;\n		&lt;p&gt;\n			&lt;b&gt;Designed for life on the road&lt;/b&gt;&lt;/p&gt;\n		&lt;p&gt;\n			Innovations such as a magnetic power connection and an illuminated keyboard with ambient light sensor put the MacBook Pro in a class by itself.&lt;/p&gt;\n		&lt;p&gt;\n			&lt;b&gt;Connect. Create. Communicate.&lt;/b&gt;&lt;/p&gt;\n		&lt;p&gt;\n			Quickly set up a video conference with the built-in iSight camera. Control presentations and media from up to 30 feet away with the included Apple Remote. Connect to high-bandwidth peripherals with FireWire 800 and DVI.&lt;/p&gt;\n		&lt;p&gt;\n			&lt;b&gt;Next-generation wireless&lt;/b&gt;&lt;/p&gt;\n		&lt;p&gt;\n			Featuring 802.11n wireless technology, the MacBook Pro delivers up to five times the performance and up to twice the range of previous-generation technologies.&lt;/p&gt;\n	&lt;/div&gt;\n&lt;/div&gt;\n&lt;!-- cpt_container_end --&gt;', '', 'MacBook Pro', '', '');
INSERT INTO `mc_product_description` VALUES ('46', '1', '复古镂空展厨', '&lt;div&gt;\n	Unprecedented power. The next generation of processing technology has arrived. Built into the newest VAIO notebooks lies Intel&amp;#39;s latest, most powerful innovation yet: Intel&amp;reg; Centrino&amp;reg; 2 processor technology. Boasting incredible speed, expanded wireless connectivity, enhanced multimedia support and greater energy efficiency, all the high-performance essentials are seamlessly combined into a single chip.&lt;/div&gt;\n', '', '复古镂空展厨', '复古镂空展厨', '复古镂空展厨');
INSERT INTO `mc_product_description` VALUES ('46', '2', 'Sony VAIO', '&lt;div&gt;\n	Unprecedented power. The next generation of processing technology has arrived. Built into the newest VAIO notebooks lies Intel&amp;#39;s latest, most powerful innovation yet: Intel&amp;reg; Centrino&amp;reg; 2 processor technology. Boasting incredible speed, expanded wireless connectivity, enhanced multimedia support and greater energy efficiency, all the high-performance essentials are seamlessly combined into a single chip.&lt;/div&gt;\n', '', 'Sony VAIO', '', '');
INSERT INTO `mc_product_description` VALUES ('46', '3', '復古鏤空展廚', '&lt;div&gt;\n	Unprecedented power. The next generation of processing technology has arrived. Built into the newest VAIO notebooks lies Intel&amp;#39;s latest, most powerful innovation yet: Intel&amp;reg; Centrino&amp;reg; 2 processor technology. Boasting incredible speed, expanded wireless connectivity, enhanced multimedia support and greater energy efficiency, all the high-performance essentials are seamlessly combined into a single chip.&lt;/div&gt;\n', '', 'Sony VAIO', '', '');
INSERT INTO `mc_product_description` VALUES ('47', '1', '木艺设计', '&lt;p&gt;\n	Stop your co-workers in their tracks with the stunning new 30-inch diagonal HP LP3065 Flat Panel Monitor. This flagship monitor features best-in-class performance and presentation features on a huge wide-aspect screen while letting you work as comfortably as possible - you might even forget you&#039;re at the office&lt;/p&gt;\n', '', ' 木艺设计', '木艺设计', '木艺设计');
INSERT INTO `mc_product_description` VALUES ('47', '2', 'HP LP3065', '&lt;p&gt;\n	Stop your co-workers in their tracks with the stunning new 30-inch diagonal HP LP3065 Flat Panel Monitor. This flagship monitor features best-in-class performance and presentation features on a huge wide-aspect screen while letting you work as comfortably as possible - you might even forget you&#039;re at the office&lt;/p&gt;\n', '', 'HP LP3065', '', '');
INSERT INTO `mc_product_description` VALUES ('42', '3', '包式座椅', '&lt;p&gt;AMD 785G，一个定位于AMD 780G和AMD \n790GX之间的产品，近期成为所有主板厂商推广的重点，同时也是所有DIY用户关注的焦点。抛开其整合DirectX 10.1规格的Radeon \nHD 4200图形显示核心不提，全新升级的UVD2.0高清解码引擎，让AMD \n785G更适合高清应用。诚然，目前在卖场里攒HTPC专用电脑的人并不多，但随着广大民众生活水平的不断提高，这种个性化应用必将是未来大势所趋，故在\nAMD 785G上设计更多的HTPC应用功能，也成为有实力的主板品牌必须做的一件事。&lt;/p&gt;&lt;p&gt;一向以代工著称的富士康在个性化产品上的设计近年来有了很大的改观，除了推出面向超频玩家的&quot;Quantum Force（量子力量）&quot;系列外，还针对高品质家庭用户推出了Digital Life（数字家庭）系列，其在DIY产品线上的用心程度不言而喻。&lt;br&gt;&lt;/p&gt;', '', 'Apple Cinema 30&quot;', '', '');
INSERT INTO `mc_product_description` VALUES ('43', '2', 'MacBook', '&lt;div&gt;\r\n	&lt;p&gt;\r\n		&lt;b&gt;Intel Core 2 Duo processor&lt;/b&gt;&lt;/p&gt;\r\n	&lt;p&gt;\r\n		Powered by an Intel Core 2 Duo processor at speeds up to 2.16GHz, the new MacBook is the fastest ever.&lt;/p&gt;\r\n	&lt;p&gt;\r\n		&lt;b&gt;1GB memory, larger hard drives&lt;/b&gt;&lt;/p&gt;\r\n	&lt;p&gt;\r\n		The new MacBook now comes with 1GB of memory standard and larger hard drives for the entire line perfect for running more of your favorite applications and storing growing media collections.&lt;/p&gt;\r\n	&lt;p&gt;\r\n		&lt;b&gt;Sleek, 1.08-inch-thin design&lt;/b&gt;&lt;/p&gt;\r\n	&lt;p&gt;\r\n		MacBook makes it easy to hit the road thanks to its tough polycarbonate case, built-in wireless technologies, and innovative MagSafe Power Adapter that releases automatically if someone accidentally trips on the cord.&lt;/p&gt;\r\n	&lt;p&gt;\r\n		&lt;b&gt;Built-in iSight camera&lt;/b&gt;&lt;/p&gt;\r\n	&lt;p&gt;\r\n		Right out of the box, you can have a video chat with friends or family,2 record a video at your desk, or take fun pictures with Photo Booth&lt;/p&gt;\r\n&lt;/div&gt;\r\n', '', 'MacBook', '', '');
INSERT INTO `mc_product_description` VALUES ('43', '1', '玻璃茶几', '&lt;p&gt;在本次3月份苹果春季新品发布会上，除了最为耀眼的新款MacBook外，苹果还对MacBook Air与13英寸的Retina MacBook Pro进行了常规硬件升级。其中13英寸的Retina MacBook Pro更新最受关注，因为其在性能上做出了许多重大升级，包括第五代Intel Broadwell处理器、Iris 6100核心显卡、读写速度翻倍的PCIe SSD固态硬盘、更高频率的内存，同时电池续航还增加了一个小时。除此之外，它还首先搭载了与新款MacBook一样的全新Force Touch触控板。&lt;/p&gt;&lt;p&gt;由于国行版的13英寸的Retina MacBook Pro现在已经全面铺货，笔者也得以体验到这款搭载全新压感触控设计的触控板。苹果电脑的触控板体验一直很优秀，配合OS X系统中的多指手势操作，可以轻松完成拖拽文件、切换应用程序、切换不同桌面等操作。如今压力感应操作的加入可以说在原本多指手势的基础上加入了一个全新的维度，使得在触控板上可以进行更多的操作命令。&lt;/p&gt;&lt;p&gt;苹果如此重视笔记本电脑上触控板的用户体验，使得MacBook用户几乎可以不用鼠标，也提升了用户的便利性。由于其长续航的特性，外出也基本不需要携带电源，只需要带一台笔记本就足够。笔者在体验了一天2015款苹果MacBook Pro后，写下这篇评测文章，希望能给关注这款产品的网友一些参考&lt;br&gt;&lt;br&gt;&lt;br&gt;&lt;br&gt;&lt;/p&gt;', '', '玻璃茶几', '玻璃茶几', '玻璃茶几');
INSERT INTO `mc_product_description` VALUES ('43', '3', '玻璃茶幾', '&lt;p&gt;在本次3月份苹果春季新品发布会上，除了最为耀眼的新款MacBook外，苹果还对MacBook Air与13英寸的Retina \r\nMacBook Pro进行了常规硬件升级。其中13英寸的Retina MacBook \r\nPro更新最受关注，因为其在性能上做出了许多重大升级，包括第五代Intel Broadwell处理器、Iris \r\n6100核心显卡、读写速度翻倍的PCIe \r\nSSD固态硬盘、更高频率的内存，同时电池续航还增加了一个小时。除此之外，它还首先搭载了与新款MacBook一样的全新Force \r\nTouch触控板。&lt;/p&gt;&lt;p&gt;由于国行版的13英寸的Retina MacBook \r\nPro现在已经全面铺货，笔者也得以体验到这款搭载全新压感触控设计的触控板。苹果电脑的触控板体验一直很优秀，配合OS \r\nX系统中的多指手势操作，可以轻松完成拖拽文件、切换应用程序、切换不同桌面等操作。如今压力感应操作的加入可以说在原本多指手势的基础上加入了一个全新\r\n的维度，使得在触控板上可以进行更多的操作命令。&lt;/p&gt;&lt;p&gt;苹果如此重视笔记本电脑上触控板的用户体验，使得MacBook用户几乎可以不用鼠标，也\r\n提升了用户的便利性。由于其长续航的特性，外出也基本不需要携带电源，只需要带一台笔记本就足够。笔者在体验了一天2015款苹果MacBook \r\nPro后，写下这篇评测文章，希望能给关注这款产品的网友一些参考&lt;br&gt;&lt;br&gt;&lt;br&gt;&lt;br&gt;&lt;/p&gt;', '', 'MacBook', '', '');
INSERT INTO `mc_product_description` VALUES ('34', '2', 'iPod Shuffle', '&lt;div&gt;\n	&lt;strong&gt;Born to be worn.&lt;/strong&gt;\n	&lt;p&gt;\n		Clip on the worlds most wearable music player and take up to 240 songs with you anywhere. Choose from five colors including four new hues to make your musical fashion statement.&lt;/p&gt;\n	&lt;p&gt;\n		&lt;strong&gt;Random meets rhythm.&lt;/strong&gt;&lt;/p&gt;\n	&lt;p&gt;\n		With iTunes autofill, iPod shuffle can deliver a new musical experience every time you sync. For more randomness, you can shuffle songs during playback with the slide of a switch.&lt;/p&gt;\n	&lt;strong&gt;Everything is easy.&lt;/strong&gt;\n	&lt;p&gt;\n		Charge and sync with the included USB dock. Operate the iPod shuffle controls with one hand. Enjoy up to 12 hours straight of skip-free music playback.&lt;/p&gt;\n&lt;/div&gt;\n', '', 'iPod Shuffle', '', '');
INSERT INTO `mc_product_description` VALUES ('34', '3', '線條式展架', '&lt;div&gt;\n	&lt;strong&gt;Born to be worn.&lt;/strong&gt;\n	&lt;p&gt;\n		Clip on the worlds most wearable music player and take up to 240 songs with you anywhere. Choose from five colors including four new hues to make your musical fashion statement.&lt;/p&gt;\n	&lt;p&gt;\n		&lt;strong&gt;Random meets rhythm.&lt;/strong&gt;&lt;/p&gt;\n	&lt;p&gt;\n		With iTunes autofill, iPod shuffle can deliver a new musical experience every time you sync. For more randomness, you can shuffle songs during playback with the slide of a switch.&lt;/p&gt;\n	&lt;strong&gt;Everything is easy.&lt;/strong&gt;\n	&lt;p&gt;\n		Charge and sync with the included USB dock. Operate the iPod shuffle controls with one hand. Enjoy up to 12 hours straight of skip-free music playback.&lt;/p&gt;\n&lt;/div&gt;\n', '', 'iPod Shuffle', '', '');
INSERT INTO `mc_product_description` VALUES ('35', '1', '真皮座椅', '&lt;p&gt;\n	Product 8&lt;/p&gt;\n', '', '真皮座椅', '真皮座椅', '真皮座椅');
INSERT INTO `mc_product_description` VALUES ('35', '2', 'Product 8', '&lt;p&gt;\n	Product 8&lt;/p&gt;\n', '', 'Product 8', '', '');
INSERT INTO `mc_product_description` VALUES ('35', '3', '真皮座椅', '&lt;p&gt;\n	Product 8&lt;/p&gt;\n', '', 'Product 8', '', '');
INSERT INTO `mc_product_description` VALUES ('36', '1', '时尚简约办公小桌', '&lt;div&gt;\n	&lt;p&gt;\n		&lt;strong&gt;Video in your pocket.&lt;/strong&gt;&lt;/p&gt;\n	&lt;p&gt;\n		Its the small iPod with one very big idea: video. The worlds most popular music player now lets you enjoy movies, TV shows, and more on a two-inch display thats 65% brighter than before.&lt;/p&gt;\n	&lt;p&gt;\n		&lt;strong&gt;Cover Flow.&lt;/strong&gt;&lt;/p&gt;\n	&lt;p&gt;\n		Browse through your music collection by flipping through album art. Select an album to turn it over and see the track list.&lt;strong&gt;&amp;nbsp;&lt;/strong&gt;&lt;/p&gt;\n	&lt;p&gt;\n		&lt;strong&gt;Enhanced interface.&lt;/strong&gt;&lt;/p&gt;\n	&lt;p&gt;\n		Experience a whole new way to browse and view your music and video.&lt;/p&gt;\n	&lt;p&gt;\n		&lt;strong&gt;Sleek and colorful.&lt;/strong&gt;&lt;/p&gt;\n	&lt;p&gt;\n		With an anodized aluminum and polished stainless steel enclosure and a choice of five colors, iPod nano is dressed to impress.&lt;/p&gt;\n	&lt;p&gt;\n		&lt;strong&gt;iTunes.&lt;/strong&gt;&lt;/p&gt;\n	&lt;p&gt;\n		Available as a free download, iTunes makes it easy to browse and buy millions of songs, movies, TV shows, audiobooks, and games and download free podcasts all at the iTunes Store. And you can import your own music, manage your whole media library, and sync your iPod or iPhone with ease.&lt;/p&gt;\n&lt;/div&gt;\n', '', '时尚简约办公小桌', '时尚简约办公小桌', '时尚简约办公小桌');
INSERT INTO `mc_product_description` VALUES ('36', '2', 'iPod Nano', '&lt;div&gt;\n	&lt;p&gt;\n		&lt;strong&gt;Video in your pocket.&lt;/strong&gt;&lt;/p&gt;\n	&lt;p&gt;\n		Its the small iPod with one very big idea: video. The worlds most popular music player now lets you enjoy movies, TV shows, and more on a two-inch display thats 65% brighter than before.&lt;/p&gt;\n	&lt;p&gt;\n		&lt;strong&gt;Cover Flow.&lt;/strong&gt;&lt;/p&gt;\n	&lt;p&gt;\n		Browse through your music collection by flipping through album art. Select an album to turn it over and see the track list.&lt;strong&gt;&amp;nbsp;&lt;/strong&gt;&lt;/p&gt;\n	&lt;p&gt;\n		&lt;strong&gt;Enhanced interface.&lt;/strong&gt;&lt;/p&gt;\n	&lt;p&gt;\n		Experience a whole new way to browse and view your music and video.&lt;/p&gt;\n	&lt;p&gt;\n		&lt;strong&gt;Sleek and colorful.&lt;/strong&gt;&lt;/p&gt;\n	&lt;p&gt;\n		With an anodized aluminum and polished stainless steel enclosure and a choice of five colors, iPod nano is dressed to impress.&lt;/p&gt;\n	&lt;p&gt;\n		&lt;strong&gt;iTunes.&lt;/strong&gt;&lt;/p&gt;\n	&lt;p&gt;\n		Available as a free download, iTunes makes it easy to browse and buy millions of songs, movies, TV shows, audiobooks, and games and download free podcasts all at the iTunes Store. And you can import your own music, manage your whole media library, and sync your iPod or iPhone with ease.&lt;/p&gt;\n&lt;/div&gt;\n', '', 'iPod Nano', '', '');
INSERT INTO `mc_product_description` VALUES ('36', '3', '時尚簡約辦公小桌', '&lt;div&gt;\n	&lt;p&gt;\n		&lt;strong&gt;Video in your pocket.&lt;/strong&gt;&lt;/p&gt;\n	&lt;p&gt;\n		Its the small iPod with one very big idea: video. The worlds most popular music player now lets you enjoy movies, TV shows, and more on a two-inch display thats 65% brighter than before.&lt;/p&gt;\n	&lt;p&gt;\n		&lt;strong&gt;Cover Flow.&lt;/strong&gt;&lt;/p&gt;\n	&lt;p&gt;\n		Browse through your music collection by flipping through album art. Select an album to turn it over and see the track list.&lt;strong&gt;&amp;nbsp;&lt;/strong&gt;&lt;/p&gt;\n	&lt;p&gt;\n		&lt;strong&gt;Enhanced interface.&lt;/strong&gt;&lt;/p&gt;\n	&lt;p&gt;\n		Experience a whole new way to browse and view your music and video.&lt;/p&gt;\n	&lt;p&gt;\n		&lt;strong&gt;Sleek and colorful.&lt;/strong&gt;&lt;/p&gt;\n	&lt;p&gt;\n		With an anodized aluminum and polished stainless steel enclosure and a choice of five colors, iPod nano is dressed to impress.&lt;/p&gt;\n	&lt;p&gt;\n		&lt;strong&gt;iTunes.&lt;/strong&gt;&lt;/p&gt;\n	&lt;p&gt;\n		Available as a free download, iTunes makes it easy to browse and buy millions of songs, movies, TV shows, audiobooks, and games and download free podcasts all at the iTunes Store. And you can import your own music, manage your whole media library, and sync your iPod or iPhone with ease.&lt;/p&gt;\n&lt;/div&gt;\n', '', 'iPod Nano', '', '');
INSERT INTO `mc_product_description` VALUES ('40', '1', '躺式沙发', '2015年3月6日，苹果iPhone6 Plus（行货）在&quot;拍易得&quot;现货促销，现在在其网上购买苹果iPhone6 Plus仅需95元即可秒杀。这款手机的配件包括：充电器、耳机和数据线等。苹果iPhone6 Plus是一款配置有光学防抖技术的智能手机。', '', '躺式沙发', '躺式沙发', '躺式沙发');
INSERT INTO `mc_product_description` VALUES ('40', '2', 'iPhone 6 Plus', 'iPhone is a revolutionary new mobile phone that allows you to make a \ncall by simply tapping a name or number in your address book, a \nfavorites list, or a call log. It also automatically syncs all your \ncontacts from a PC, Mac, or Internet service. And it lets you select and\n listen to voicemail messages in whatever order you want just like \nemail.', '', 'iPhone 6 Plus', '', '');
INSERT INTO `mc_product_description` VALUES ('40', '3', '躺式沙發', '2015年3月6日，苹果iPhone6 Plus（行货）在&quot;拍易得&quot;现货促销，现在在其网上购买苹果iPhone6 Plus仅需95元即可秒杀。这款手机的配件包括：充电器、耳机和数据线等。苹果iPhone6 Plus是一款配置有光学防抖技术的智能手机。', '', '苹果iPhone 6 Plus', '', '');
INSERT INTO `mc_product_description` VALUES ('41', '1', '布艺沙发', '&lt;div&gt;\n	Just when you thought iMac had everything, now there&acute;s even more. More powerful Intel Core 2 Duo processors. And more memory standard. Combine this with Mac OS X Leopard and iLife &acute;08, and it&acute;s more all-in-one than ever. iMac packs amazing performance into a stunningly slim space.&lt;/div&gt;\n', '', '布艺沙发', '布艺沙发', '布艺沙发');
INSERT INTO `mc_product_description` VALUES ('41', '2', 'iMac', '&lt;div&gt;\n	Just when you thought iMac had everything, now there&acute;s even more. More powerful Intel Core 2 Duo processors. And more memory standard. Combine this with Mac OS X Leopard and iLife &acute;08, and it&acute;s more all-in-one than ever. iMac packs amazing performance into a stunningly slim space.&lt;/div&gt;\n', '', 'iMac', '', '');
INSERT INTO `mc_product_description` VALUES ('41', '3', '布藝沙發', '&lt;div&gt;\n	Just when you thought iMac had everything, now there&acute;s even more. More powerful Intel Core 2 Duo processors. And more memory standard. Combine this with Mac OS X Leopard and iLife &acute;08, and it&acute;s more all-in-one than ever. iMac packs amazing performance into a stunningly slim space.&lt;/div&gt;\n', '', 'iMac', '', '');
INSERT INTO `mc_product_description` VALUES ('42', '1', '包式座椅', '&lt;p&gt;AMD 785G，一个定位于AMD 780G和AMD \n790GX之间的产品，近期成为所有主板厂商推广的重点，同时也是所有DIY用户关注的焦点。抛开其整合DirectX 10.1规格的Radeon \nHD 4200图形显示核心不提，全新升级的UVD2.0高清解码引擎，让AMD \n785G更适合高清应用。诚然，目前在卖场里攒HTPC专用电脑的人并不多，但随着广大民众生活水平的不断提高，这种个性化应用必将是未来大势所趋，故在\nAMD 785G上设计更多的HTPC应用功能，也成为有实力的主板品牌必须做的一件事。&lt;/p&gt;&lt;p&gt;一向以代工著称的富士康在个性化产品上的设计近年来有了很大的改观，除了推出面向超频玩家的&quot;Quantum Force（量子力量）&quot;系列外，还针对高品质家庭用户推出了Digital Life（数字家庭）系列，其在DIY产品线上的用心程度不言而喻。&lt;br&gt;&lt;/p&gt;', '', '包式座椅', '包式座椅', '包式座椅');
INSERT INTO `mc_product_description` VALUES ('42', '2', 'Apple Cinema 30&quot;', '&lt;p&gt;\n	&lt;font size=&quot;2&quot; face=&quot;helvetica,geneva,arial&quot;&gt;&lt;font size=&quot;2&quot; face=&quot;Helvetica&quot;&gt;The 30-inch Apple Cinema HD Display delivers an amazing 2560 x 1600 pixel resolution. Designed specifically for the creative professional, this display provides more space for easier access to all the tools and palettes needed to edit, format and composite your work. Combine this display with a Mac Pro, MacBook Pro, or PowerMac G5 and there&#039;s no limit to what you can achieve. &lt;br&gt;\n	&lt;br&gt;\n	&lt;/font&gt;&lt;font size=&quot;2&quot; face=&quot;Helvetica&quot;&gt;The Cinema HD features an active-matrix liquid crystal display that produces flicker-free images that deliver twice the brightness, twice the sharpness and twice the contrast ratio of a typical CRT display. Unlike other flat panels, it&#039;s designed with a pure digital interface to deliver distortion-free images that never need adjusting. With over 4 million digital pixels, the display is uniquely suited for scientific and technical applications such as visualizing molecular structures or analyzing geological data. &lt;br&gt;\n	&lt;br&gt;\n	&lt;/font&gt;&lt;font size=&quot;2&quot; face=&quot;Helvetica&quot;&gt;Offering accurate, brilliant color performance, the Cinema HD delivers up to 16.7 million colors across a wide gamut allowing you to see subtle nuances between colors from soft pastels to rich jewel tones. A wide viewing angle ensures uniform color from edge to edge. Apple&#039;s ColorSync technology allows you to create custom profiles to maintain consistent color onscreen and in print. The result: You can confidently use this display in all your color-critical applications. &lt;br&gt;\n	&lt;br&gt;\n	&lt;/font&gt;&lt;font size=&quot;2&quot; face=&quot;Helvetica&quot;&gt;Housed in a new aluminum design, the display has a very thin bezel that enhances visual accuracy. Each display features two FireWire 400 ports and two USB 2.0 ports, making attachment of desktop peripherals, such as iSight, iPod, digital and still cameras, hard drives, printers and scanners, even more accessible and convenient. Taking advantage of the much thinner and lighter footprint of an LCD, the new displays support the VESA (Video Electronics Standards Association) mounting interface standard. Customers with the optional Cinema Display VESA Mount Adapter kit gain the flexibility to mount their display in locations most appropriate for their work environment. &lt;br&gt;\n	&lt;br&gt;\n	&lt;/font&gt;&lt;font size=&quot;2&quot; face=&quot;Helvetica&quot;&gt;The Cinema HD features a single cable design with elegant breakout for the USB 2.0, FireWire 400 and a pure digital connection using the industry standard Digital Video Interface (DVI) interface. The DVI connection allows for a direct pure-digital connection.&lt;br&gt;\n	&lt;/font&gt;&lt;/font&gt;&lt;/p&gt;\n&lt;h3&gt;\n	Features:&lt;/h3&gt;\n&lt;p&gt;\n	Unrivaled display performance&lt;/p&gt;\n&lt;ul&gt;\n	&lt;li&gt;\n		30-inch (viewable) active-matrix liquid crystal display provides breathtaking image quality and vivid, richly saturated color.&lt;/li&gt;\n	&lt;li&gt;\n		Support for 2560-by-1600 pixel resolution for display of high definition still and video imagery.&lt;/li&gt;\n	&lt;li&gt;\n		Wide-format design for simultaneous display of two full pages of text and graphics.&lt;/li&gt;\n	&lt;li&gt;\n		Industry standard DVI connector for direct attachment to Mac- and Windows-based desktops and notebooks&lt;/li&gt;\n	&lt;li&gt;\n		Incredibly wide (170 degree) horizontal and vertical viewing angle for maximum visibility and color performance.&lt;/li&gt;\n	&lt;li&gt;\n		Lightning-fast pixel response for full-motion digital video playback.&lt;/li&gt;\n	&lt;li&gt;\n		Support for 16.7 million saturated colors, for use in all graphics-intensive applications.&lt;/li&gt;\n&lt;/ul&gt;\n&lt;p&gt;\n	Simple setup and operation&lt;/p&gt;\n&lt;ul&gt;\n	&lt;li&gt;\n		Single cable with elegant breakout for \nconnection to DVI, USB and FireWire ports&lt;/li&gt;\n	&lt;li&gt;\n		Built-in two-port USB 2.0 hub for easy connection of desktop peripheral devices.&lt;/li&gt;\n	&lt;li&gt;\n		Two FireWire 400 ports to support iSight and other desktop peripherals&lt;/li&gt;\n&lt;/ul&gt;\n&lt;p&gt;\n	Sleek, elegant design&lt;/p&gt;\n&lt;ul&gt;\n	&lt;li&gt;\n		Huge virtual workspace, very small footprint.&lt;/li&gt;\n	&lt;li&gt;\n		Narrow Bezel design to minimize visual impact of using dual displays&lt;/li&gt;\n	&lt;li&gt;\n		Unique hinge design for effortless adjustment&lt;/li&gt;\n	&lt;li&gt;\n		Support for VESA mounting solutions (Apple Cinema Display VESA Mount Adapter sold separately)&lt;/li&gt;\n&lt;/ul&gt;\n&lt;h3&gt;\n	Technical specifications&lt;/h3&gt;\n&lt;p&gt;\n	&lt;b&gt;Screen size (diagonal viewable image size)&lt;/b&gt;&lt;/p&gt;\n&lt;ul&gt;\n	&lt;li&gt;\n		Apple Cinema HD Display: 30 inches (29.7-inch viewable)&lt;/li&gt;\n&lt;/ul&gt;\n&lt;p&gt;\n	&lt;b&gt;Screen type&lt;/b&gt;&lt;/p&gt;\n&lt;ul&gt;\n	&lt;li&gt;\n		Thin film transistor (TFT) active-matrix liquid crystal display (AMLCD)&lt;/li&gt;\n&lt;/ul&gt;\n&lt;p&gt;\n	&lt;b&gt;Resolutions&lt;/b&gt;&lt;/p&gt;\n&lt;ul&gt;\n	&lt;li&gt;\n		2560 x 1600 pixels (optimum resolution)&lt;/li&gt;\n	&lt;li&gt;\n		2048 x 1280&lt;/li&gt;\n	&lt;li&gt;\n		1920 x 1200&lt;/li&gt;\n	&lt;li&gt;\n		1280 x 800&lt;/li&gt;\n	&lt;li&gt;\n		1024 x 640&lt;/li&gt;\n&lt;/ul&gt;\n&lt;p&gt;\n	&lt;b&gt;Display colors (maximum)&lt;/b&gt;&lt;/p&gt;\n&lt;ul&gt;\n	&lt;li&gt;\n		16.7 million&lt;/li&gt;\n&lt;/ul&gt;\n&lt;p&gt;\n	&lt;b&gt;Viewing angle (typical)&lt;/b&gt;&lt;/p&gt;\n&lt;ul&gt;\n	&lt;li&gt;\n		170&deg; horizontal; 170&deg; vertical&lt;/li&gt;\n&lt;/ul&gt;\n&lt;p&gt;\n	&lt;b&gt;Brightness (typical)&lt;/b&gt;&lt;/p&gt;\n&lt;ul&gt;\n	&lt;li&gt;\n		30-inch Cinema HD Display: 400 cd/m2&lt;/li&gt;\n&lt;/ul&gt;\n&lt;p&gt;\n	&lt;b&gt;Contrast ratio (typical)&lt;/b&gt;&lt;/p&gt;\n&lt;ul&gt;\n	&lt;li&gt;\n		700:1&lt;/li&gt;\n&lt;/ul&gt;\n&lt;p&gt;\n	&lt;b&gt;Response time (typical)&lt;/b&gt;&lt;/p&gt;\n&lt;ul&gt;\n	&lt;li&gt;\n		16 ms&lt;/li&gt;\n&lt;/ul&gt;\n&lt;p&gt;\n	&lt;b&gt;Pixel pitch&lt;/b&gt;&lt;/p&gt;\n&lt;ul&gt;\n	&lt;li&gt;\n		30-inch Cinema HD Display: 0.250 mm&lt;/li&gt;\n&lt;/ul&gt;\n&lt;p&gt;\n	&lt;b&gt;Screen treatment&lt;/b&gt;&lt;/p&gt;\n&lt;ul&gt;\n	&lt;li&gt;\n		Antiglare hardcoat&lt;/li&gt;\n&lt;/ul&gt;\n&lt;p&gt;\n	&lt;b&gt;User controls (hardware and software)&lt;/b&gt;&lt;/p&gt;\n&lt;ul&gt;\n	&lt;li&gt;\n		Display Power,&lt;/li&gt;\n	&lt;li&gt;\n		System sleep, wake&lt;/li&gt;\n	&lt;li&gt;\n		Brightness&lt;/li&gt;\n	&lt;li&gt;\n		Monitor tilt&lt;/li&gt;\n&lt;/ul&gt;\n&lt;p&gt;\n	&lt;b&gt;Connectors and cables&lt;/b&gt;&lt;br&gt;\n	Cable&lt;/p&gt;\n&lt;ul&gt;\n	&lt;li&gt;\n		DVI (Digital Visual Interface)&lt;/li&gt;\n	&lt;li&gt;\n		FireWire 400&lt;/li&gt;\n	&lt;li&gt;\n		USB 2.0&lt;/li&gt;\n	&lt;li&gt;\n		DC power (24 V)&lt;/li&gt;\n&lt;/ul&gt;\n&lt;p&gt;\n	Connectors&lt;/p&gt;\n&lt;ul&gt;\n	&lt;li&gt;\n		Two-port, self-powered USB 2.0 hub&lt;/li&gt;\n	&lt;li&gt;\n		Two FireWire 400 ports&lt;/li&gt;\n	&lt;li&gt;\n		Kensington security port&lt;/li&gt;\n&lt;/ul&gt;\n&lt;p&gt;\n	&lt;b&gt;VESA mount adapter&lt;/b&gt;&lt;br&gt;\n	Requires optional Cinema Display VESA Mount Adapter (M9649G/A)&lt;/p&gt;\n&lt;ul&gt;\n	&lt;li&gt;\n		Compatible with VESA FDMI (MIS-D, 100, C) compliant mounting solutions&lt;/li&gt;\n&lt;/ul&gt;\n&lt;p&gt;\n	&lt;b&gt;Electrical requirements&lt;/b&gt;&lt;/p&gt;\n&lt;ul&gt;\n	&lt;li&gt;\n		Input voltage: 100-240 VAC 50-60Hz&lt;/li&gt;\n	&lt;li&gt;\n		Maximum power when operating: 150W&lt;/li&gt;\n	&lt;li&gt;\n		Energy saver mode: 3W or less&lt;/li&gt;\n&lt;/ul&gt;\n&lt;p&gt;\n	&lt;b&gt;Environmental requirements&lt;/b&gt;&lt;/p&gt;\n&lt;ul&gt;\n	&lt;li&gt;\n		Operating temperature: \n50&deg; to 95&deg; F (10&deg; to 35&deg; C)&lt;/li&gt;\n	&lt;li&gt;\n		Storage temperature: -40&deg; to 116&deg; F (-40&deg; to 47&deg; C)&lt;/li&gt;\n	&lt;li&gt;\n		Operating humidity: 20% to 80% noncondensing&lt;/li&gt;\n	&lt;li&gt;\n		Maximum operating altitude: 10,000 feet&lt;/li&gt;\n&lt;/ul&gt;\n&lt;p&gt;\n	&lt;b&gt;Agency approvals&lt;/b&gt;&lt;/p&gt;\n&lt;ul&gt;\n	&lt;li&gt;\n		FCC Part 15 Class B&lt;/li&gt;\n	&lt;li&gt;\n		EN55022 Class B&lt;/li&gt;\n	&lt;li&gt;\n		EN55024&lt;/li&gt;\n	&lt;li&gt;\n		VCCI Class B&lt;/li&gt;\n	&lt;li&gt;\n		AS/NZS 3548 Class B&lt;/li&gt;\n	&lt;li&gt;\n		CNS 13438 Class B&lt;/li&gt;\n	&lt;li&gt;\n		ICES-003 Class B&lt;/li&gt;\n	&lt;li&gt;\n		ISO 13406 part 2&lt;/li&gt;\n	&lt;li&gt;\n		MPR II&lt;/li&gt;\n	&lt;li&gt;\n		IEC 60950&lt;/li&gt;\n	&lt;li&gt;\n		UL 60950&lt;/li&gt;\n	&lt;li&gt;\n		CSA 60950&lt;/li&gt;\n	&lt;li&gt;\n		EN60950&lt;/li&gt;\n	&lt;li&gt;\n		ENERGY STAR&lt;/li&gt;\n	&lt;li&gt;\n		TCO &#039;03&lt;/li&gt;\n&lt;/ul&gt;\n&lt;p&gt;\n	&lt;b&gt;Size and weight&lt;/b&gt;&lt;br&gt;\n	30-inch Apple Cinema HD Display&lt;/p&gt;\n&lt;ul&gt;\n	&lt;li&gt;\n		Height: 21.3 inches (54.3 cm)&lt;/li&gt;\n	&lt;li&gt;\n		Width: 27.2 inches (68.8 cm)&lt;/li&gt;\n	&lt;li&gt;\n		Depth: 8.46 inches (21.5 cm)&lt;/li&gt;\n	&lt;li&gt;\n		Weight: 27.5 pounds (12.5 kg)&lt;/li&gt;\n&lt;/ul&gt;\n&lt;p&gt;\n	&lt;b&gt;System Requirements&lt;/b&gt;&lt;/p&gt;\n&lt;ul&gt;\n	&lt;li&gt;\n		Mac Pro, all graphic options&lt;/li&gt;\n	&lt;li&gt;\n		MacBook Pro&lt;/li&gt;\n	&lt;li&gt;\n		Power Mac G5 (PCI-X) with ATI Radeon 9650 or better or NVIDIA GeForce 6800 GT DDL or better&lt;/li&gt;\n	&lt;li&gt;\n		Power Mac G5 (PCI Express), all graphics options&lt;/li&gt;\n	&lt;li&gt;\n		PowerBook G4 with dual-link DVI support&lt;/li&gt;\n	&lt;li&gt;\n		Windows PC and graphics card that supports DVI ports with dual-link digital bandwidth and VESA DDC standard for plug-and-play setup&lt;/li&gt;\n&lt;/ul&gt;\n', '', 'Apple Cinema 30&quot;', '', '');
INSERT INTO `mc_product_description` VALUES ('28', '2', 'HTC Touch HD', '&lt;p&gt;\n	HTC Touch - in High Definition. Watch music videos and streaming content in awe-inspiring high definition clarity for a mobile experience you never thought possible. Seductively sleek, the HTC Touch HD provides the next generation of mobile functionality, all at a simple touch. Fully integrated with Windows Mobile Professional 6.1, ultrafast 3.5G, GPS, 5MP camera, plus lots more - all delivered on a breathtakingly crisp 3.8&quot; WVGA touchscreen - you can take control of your mobile world with the HTC Touch HD.&lt;/p&gt;\n&lt;p&gt;\n	&lt;strong&gt;Features&lt;/strong&gt;&lt;/p&gt;\n&lt;ul&gt;\n	&lt;li&gt;\n		Processor Qualcomm&reg; MSM 7201A&trade; 528 MHz&lt;/li&gt;\n	&lt;li&gt;\n		Windows Mobile&reg; 6.1 Professional Operating System&lt;/li&gt;\n	&lt;li&gt;\n		Memory: 512 MB ROM, 288 MB RAM&lt;/li&gt;\n	&lt;li&gt;\n		Dimensions: 115 mm x 62.8 mm x 12 mm / 146.4 grams&lt;/li&gt;\n	&lt;li&gt;\n		3.8-inch TFT-LCD flat touch-sensitive screen with 480 x 800 WVGA resolution&lt;/li&gt;\n	&lt;li&gt;\n		HSDPA/WCDMA: Europe/Asia: 900/2100 MHz; Up to 2 Mbps up-link and 7.2 Mbps down-link speeds&lt;/li&gt;\n	&lt;li&gt;\n		Quad-band GSM/GPRS/EDGE: Europe/Asia: 850/900/1800/1900 MHz (Band frequency, HSUPA availability, and data speed are operator dependent.)&lt;/li&gt;\n	&lt;li&gt;\n		Device Control via HTC TouchFLO&trade; 3D &amp;amp; Touch-sensitive front panel buttons&lt;/li&gt;\n	&lt;li&gt;\n		GPS and A-GPS ready&lt;/li&gt;\n	&lt;li&gt;\n		Bluetooth&reg; 2.0 with Enhanced Data Rate and A2DP for wireless stereo headsets&lt;/li&gt;\n	&lt;li&gt;\n		Wi-Fi&reg;: IEEE 802.11 b/g&lt;/li&gt;\n	&lt;li&gt;\n		HTC ExtUSB&trade; (11-pin mini-USB 2.0)&lt;/li&gt;\n	&lt;li&gt;\n		5 megapixel color camera with auto focus&lt;/li&gt;\n	&lt;li&gt;\n		VGA CMOS color camera&lt;/li&gt;\n	&lt;li&gt;\n		Built-in 3.5 mm audio jack, microphone, speaker, and FM radio&lt;/li&gt;\n	&lt;li&gt;\n		Ring tone formats: AAC, AAC+, eAAC+, AMR-NB, AMR-WB, QCP, MP3, WMA, WAV&lt;/li&gt;\n	&lt;li&gt;\n		40 polyphonic and standard MIDI format 0 and 1 (SMF)/SP MIDI&lt;/li&gt;\n	&lt;li&gt;\n		Rechargeable Lithium-ion or Lithium-ion polymer 1350 mAh battery&lt;/li&gt;\n	&lt;li&gt;\n		Expansion Slot: microSD&trade; memory card (SD 2.0 compatible)&lt;/li&gt;\n	&lt;li&gt;\n		AC Adapter Voltage range/frequency: 100 ~ 240V AC, 50/60 Hz DC output: 5V and 1A&lt;/li&gt;\n	&lt;li&gt;\n		Special Features: FM Radio, G-Sensor&lt;/li&gt;\n&lt;/ul&gt;\n', '', 'HTC Touch HD', '', '');
INSERT INTO `mc_product_description` VALUES ('28', '3', '藝術坐椅', '&lt;p&gt;\n	HTC Touch - in High Definition. Watch music videos and streaming content in awe-inspiring high definition clarity for a mobile experience you never thought possible. Seductively sleek, the HTC Touch HD provides the next generation of mobile functionality, all at a simple touch. Fully integrated with Windows Mobile Professional 6.1, ultrafast 3.5G, GPS, 5MP camera, plus lots more - all delivered on a breathtakingly crisp 3.8&quot; WVGA touchscreen - you can take control of your mobile world with the HTC Touch HD.&lt;/p&gt;\n&lt;p&gt;\n	&lt;strong&gt;Features&lt;/strong&gt;&lt;/p&gt;\n&lt;ul&gt;\n	&lt;li&gt;\n		Processor Qualcomm&reg; MSM 7201A&trade; 528 MHz&lt;/li&gt;\n	&lt;li&gt;\n		Windows Mobile&reg; 6.1 Professional Operating System&lt;/li&gt;\n	&lt;li&gt;\n		Memory: 512 MB ROM, 288 MB RAM&lt;/li&gt;\n	&lt;li&gt;\n		Dimensions: 115 mm x 62.8 mm x 12 mm / 146.4 grams&lt;/li&gt;\n	&lt;li&gt;\n		3.8-inch TFT-LCD flat touch-sensitive screen with 480 x 800 WVGA resolution&lt;/li&gt;\n	&lt;li&gt;\n		HSDPA/WCDMA: Europe/Asia: 900/2100 MHz; Up to 2 Mbps up-link and 7.2 Mbps down-link speeds&lt;/li&gt;\n	&lt;li&gt;\n		Quad-band GSM/GPRS/EDGE: Europe/Asia: 850/900/1800/1900 MHz (Band frequency, HSUPA availability, and data speed are operator dependent.)&lt;/li&gt;\n	&lt;li&gt;\n		Device Control via HTC TouchFLO&trade; 3D &amp;amp; Touch-sensitive front panel buttons&lt;/li&gt;\n	&lt;li&gt;\n		GPS and A-GPS ready&lt;/li&gt;\n	&lt;li&gt;\n		Bluetooth&reg; 2.0 with Enhanced Data Rate and A2DP for wireless stereo headsets&lt;/li&gt;\n	&lt;li&gt;\n		Wi-Fi&reg;: IEEE 802.11 b/g&lt;/li&gt;\n	&lt;li&gt;\n		HTC ExtUSB&trade; (11-pin mini-USB 2.0)&lt;/li&gt;\n	&lt;li&gt;\n		5 megapixel color camera with auto focus&lt;/li&gt;\n	&lt;li&gt;\n		VGA CMOS color camera&lt;/li&gt;\n	&lt;li&gt;\n		Built-in 3.5 mm audio jack, microphone, speaker, and FM radio&lt;/li&gt;\n	&lt;li&gt;\n		Ring tone formats: AAC, AAC+, eAAC+, AMR-NB, AMR-WB, QCP, MP3, WMA, WAV&lt;/li&gt;\n	&lt;li&gt;\n		40 polyphonic and standard MIDI format 0 and 1 (SMF)/SP MIDI&lt;/li&gt;\n	&lt;li&gt;\n		Rechargeable Lithium-ion or Lithium-ion polymer 1350 mAh battery&lt;/li&gt;\n	&lt;li&gt;\n		Expansion Slot: microSD&trade; memory card (SD 2.0 compatible)&lt;/li&gt;\n	&lt;li&gt;\n		AC Adapter Voltage range/frequency: 100 ~ 240V AC, 50/60 Hz DC output: 5V and 1A&lt;/li&gt;\n	&lt;li&gt;\n		Special Features: FM Radio, G-Sensor&lt;/li&gt;\n&lt;/ul&gt;\n', '', 'HTC Touch HD', '', '');
INSERT INTO `mc_product_description` VALUES ('29', '1', '纯香家具', '&lt;p&gt;\n	Redefine your workday with the Palm Treo Pro smartphone. Perfectly balanced, you can respond to business and personal email, stay on top of appointments and contacts, and use Wi-Fi or GPS when you&amp;rsquo;re out and about. Then watch a video on YouTube, catch up with news and sports on the web, or listen to a few songs. Balance your work and play the way you like it, with the Palm Treo Pro.&lt;/p&gt;\n&lt;p&gt;\n	&lt;strong&gt;Features&lt;/strong&gt;&lt;/p&gt;\n&lt;ul&gt;\n	&lt;li&gt;\n		Windows Mobile&amp;reg; 6.1 Professional Edition&lt;/li&gt;\n	&lt;li&gt;\n		Qualcomm&amp;reg; MSM7201 400MHz Processor&lt;/li&gt;\n	&lt;li&gt;\n		320x320 transflective colour TFT touchscreen&lt;/li&gt;\n	&lt;li&gt;\n		HSDPA/UMTS/EDGE/GPRS/GSM radio&lt;/li&gt;\n	&lt;li&gt;\n		Tri-band UMTS &amp;mdash; 850MHz, 1900MHz, 2100MHz&lt;/li&gt;\n	&lt;li&gt;\n		Quad-band GSM &amp;mdash; 850/900/1800/1900&lt;/li&gt;\n	&lt;li&gt;\n		802.11b/g with WPA, WPA2, and 801.1x authentication&lt;/li&gt;\n	&lt;li&gt;\n		Built-in GPS&lt;/li&gt;\n	&lt;li&gt;\n		Bluetooth Version: 2.0 + Enhanced Data Rate&lt;/li&gt;\n	&lt;li&gt;\n		256MB storage (100MB user available), 128MB RAM&lt;/li&gt;\n	&lt;li&gt;\n		2.0 megapixel camera, up to 8x digital zoom and video capture&lt;/li&gt;\n	&lt;li&gt;\n		Removable, rechargeable 1500mAh lithium-ion battery&lt;/li&gt;\n	&lt;li&gt;\n		Up to 5.0 hours talk time and up to 250 hours standby&lt;/li&gt;\n	&lt;li&gt;\n		MicroSDHC card expansion (up to 32GB supported)&lt;/li&gt;\n	&lt;li&gt;\n		MicroUSB 2.0 for synchronization and charging&lt;/li&gt;\n	&lt;li&gt;\n		3.5mm stereo headset jack&lt;/li&gt;\n	&lt;li&gt;\n		60mm (W) x 114mm (L) x 13.5mm (D) / 133g&lt;/li&gt;\n&lt;/ul&gt;\n', '', '纯香家具', '纯香家具', '纯香家具');
INSERT INTO `mc_product_description` VALUES ('29', '2', 'Palm Treo Pro', '&lt;p&gt;\n	Redefine your workday with the Palm Treo Pro smartphone. Perfectly balanced, you can respond to business and personal email, stay on top of appointments and contacts, and use Wi-Fi or GPS when you&amp;rsquo;re out and about. Then watch a video on YouTube, catch up with news and sports on the web, or listen to a few songs. Balance your work and play the way you like it, with the Palm Treo Pro.&lt;/p&gt;\n&lt;p&gt;\n	&lt;strong&gt;Features&lt;/strong&gt;&lt;/p&gt;\n&lt;ul&gt;\n	&lt;li&gt;\n		Windows Mobile&amp;reg; 6.1 Professional Edition&lt;/li&gt;\n	&lt;li&gt;\n		Qualcomm&amp;reg; MSM7201 400MHz Processor&lt;/li&gt;\n	&lt;li&gt;\n		320x320 transflective colour TFT touchscreen&lt;/li&gt;\n	&lt;li&gt;\n		HSDPA/UMTS/EDGE/GPRS/GSM radio&lt;/li&gt;\n	&lt;li&gt;\n		Tri-band UMTS &amp;mdash; 850MHz, 1900MHz, 2100MHz&lt;/li&gt;\n	&lt;li&gt;\n		Quad-band GSM &amp;mdash; 850/900/1800/1900&lt;/li&gt;\n	&lt;li&gt;\n		802.11b/g with WPA, WPA2, and 801.1x authentication&lt;/li&gt;\n	&lt;li&gt;\n		Built-in GPS&lt;/li&gt;\n	&lt;li&gt;\n		Bluetooth Version: 2.0 + Enhanced Data Rate&lt;/li&gt;\n	&lt;li&gt;\n		256MB storage (100MB user available), 128MB RAM&lt;/li&gt;\n	&lt;li&gt;\n		2.0 megapixel camera, up to 8x digital zoom and video capture&lt;/li&gt;\n	&lt;li&gt;\n		Removable, rechargeable 1500mAh lithium-ion battery&lt;/li&gt;\n	&lt;li&gt;\n		Up to 5.0 hours talk time and up to 250 hours standby&lt;/li&gt;\n	&lt;li&gt;\n		MicroSDHC card expansion (up to 32GB supported)&lt;/li&gt;\n	&lt;li&gt;\n		MicroUSB 2.0 for synchronization and charging&lt;/li&gt;\n	&lt;li&gt;\n		3.5mm stereo headset jack&lt;/li&gt;\n	&lt;li&gt;\n		60mm (W) x 114mm (L) x 13.5mm (D) / 133g&lt;/li&gt;\n&lt;/ul&gt;\n', '', 'Palm Treo Pro', '', '');
INSERT INTO `mc_product_description` VALUES ('29', '3', '純香家具', '&lt;p&gt;\n	Redefine your workday with the Palm Treo Pro smartphone. Perfectly balanced, you can respond to business and personal email, stay on top of appointments and contacts, and use Wi-Fi or GPS when you&amp;rsquo;re out and about. Then watch a video on YouTube, catch up with news and sports on the web, or listen to a few songs. Balance your work and play the way you like it, with the Palm Treo Pro.&lt;/p&gt;\n&lt;p&gt;\n	&lt;strong&gt;Features&lt;/strong&gt;&lt;/p&gt;\n&lt;ul&gt;\n	&lt;li&gt;\n		Windows Mobile&amp;reg; 6.1 Professional Edition&lt;/li&gt;\n	&lt;li&gt;\n		Qualcomm&amp;reg; MSM7201 400MHz Processor&lt;/li&gt;\n	&lt;li&gt;\n		320x320 transflective colour TFT touchscreen&lt;/li&gt;\n	&lt;li&gt;\n		HSDPA/UMTS/EDGE/GPRS/GSM radio&lt;/li&gt;\n	&lt;li&gt;\n		Tri-band UMTS &amp;mdash; 850MHz, 1900MHz, 2100MHz&lt;/li&gt;\n	&lt;li&gt;\n		Quad-band GSM &amp;mdash; 850/900/1800/1900&lt;/li&gt;\n	&lt;li&gt;\n		802.11b/g with WPA, WPA2, and 801.1x authentication&lt;/li&gt;\n	&lt;li&gt;\n		Built-in GPS&lt;/li&gt;\n	&lt;li&gt;\n		Bluetooth Version: 2.0 + Enhanced Data Rate&lt;/li&gt;\n	&lt;li&gt;\n		256MB storage (100MB user available), 128MB RAM&lt;/li&gt;\n	&lt;li&gt;\n		2.0 megapixel camera, up to 8x digital zoom and video capture&lt;/li&gt;\n	&lt;li&gt;\n		Removable, rechargeable 1500mAh lithium-ion battery&lt;/li&gt;\n	&lt;li&gt;\n		Up to 5.0 hours talk time and up to 250 hours standby&lt;/li&gt;\n	&lt;li&gt;\n		MicroSDHC card expansion (up to 32GB supported)&lt;/li&gt;\n	&lt;li&gt;\n		MicroUSB 2.0 for synchronization and charging&lt;/li&gt;\n	&lt;li&gt;\n		3.5mm stereo headset jack&lt;/li&gt;\n	&lt;li&gt;\n		60mm (W) x 114mm (L) x 13.5mm (D) / 133g&lt;/li&gt;\n&lt;/ul&gt;\n', '', 'Palm Treo Pro', '', '');
INSERT INTO `mc_product_description` VALUES ('30', '1', '简约座椅', '&lt;p&gt;佳能EOS-5D终于揭开了其神秘的面纱，相信大家都对佳能EOS-5D的性能感到满意，但是佳能EOS-5D拍出来的片子如何呢？为此，我们特地从佳能网站上找到几张原尺寸的佳能EOS-5D实拍样张。&lt;/p&gt;', '', '简约座椅', '简约座椅', '简约座椅');
INSERT INTO `mc_product_description` VALUES ('30', '2', 'Canon EOS 5D', '&lt;p&gt;\n	Canon&#039;s press material for the EOS 5D states that it &#039;defines (a) new D-SLR category&#039;, while we&#039;re not typically too concerned with marketing talk this particular statement is clearly pretty accurate. The EOS 5D is unlike any previous digital SLR in that it combines a full-frame (35 mm sized) high resolution sensor (12.8 megapixels) with a relatively compact body (slightly larger than the EOS 20D, although in your hand it feels noticeably &#039;chunkier&#039;). The EOS 5D is aimed to slot in between the EOS 20D and the EOS-1D professional digital SLR&#039;s, an important difference when compared to the latter is that the EOS 5D doesn&#039;t have any environmental seals. While Canon don&#039;t specifically refer to the EOS 5D as a &#039;professional&#039; digital SLR it will have obvious appeal to professionals who want a high quality digital SLR in a body lighter than the EOS-1D. It will also no doubt appeal to current EOS 20D owners (although lets hope they&#039;ve not bought too many EF-S lenses...) &auml;&euml;&lt;/p&gt;\n', '', 'Canon EOS 5D', '', '');
INSERT INTO `mc_product_description` VALUES ('30', '3', '簡約座椅', '&lt;p&gt;佳能EOS-5D终于揭开了其神秘的面纱，相信大家都对佳能EOS-5D的性能感到满意，但是佳能EOS-5D拍出来的片子如何呢？为此，我们特地从佳能网站上找到几张原尺寸的佳能EOS-5D实拍样张。&lt;/p&gt;', '', '佳能EOS-5D', '', '');
INSERT INTO `mc_product_description` VALUES ('31', '1', '简约小桌', '&lt;div class=&quot;cpt_product_description &quot;&gt;\n	&lt;div&gt;\n		Engineered with pro-level features and performance, the 12.3-effective-megapixel D300 combines brand new technologies with advanced features inherited from Nikon&amp;#39;s newly announced D3 professional digital SLR camera to offer serious photographers remarkable performance combined with agility.&lt;br /&gt;\n		&lt;br /&gt;\n		Similar to the D3, the D300 features Nikon&amp;#39;s exclusive EXPEED Image Processing System that is central to driving the speed and processing power needed for many of the camera&amp;#39;s new features. The D300 features a new 51-point autofocus system with Nikon&amp;#39;s 3D Focus Tracking feature and two new LiveView shooting modes that allow users to frame a photograph using the camera&amp;#39;s high-resolution LCD monitor. The D300 shares a similar Scene Recognition System as is found in the D3; it promises to greatly enhance the accuracy of autofocus, autoexposure, and auto white balance by recognizing the subject or scene being photographed and applying this information to the calculations for the three functions.&lt;br /&gt;\n		&lt;br /&gt;\n		The D300 reacts with lightning speed, powering up in a mere 0.13 seconds and shooting with an imperceptible 45-millisecond shutter release lag time. The D300 is capable of shooting at a rapid six frames per second and can go as fast as eight frames per second when using the optional MB-D10 multi-power battery pack. In continuous bursts, the D300 can shoot up to 100 shots at full 12.3-megapixel resolution. (NORMAL-LARGE image setting, using a SanDisk Extreme IV 1GB CompactFlash card.)&lt;br /&gt;\n		&lt;br /&gt;\n		The D300 incorporates a range of innovative technologies and features that will significantly improve the accuracy, control, and performance photographers can get from their equipment. Its new Scene Recognition System advances the use of Nikon&amp;#39;s acclaimed 1,005-segment sensor to recognize colors and light patterns that help the camera determine the subject and the type of scene being photographed before a picture is taken. This information is used to improve the accuracy of autofocus, autoexposure, and auto white balance functions in the D300. For example, the camera can track moving subjects better and by identifying them, it can also automatically select focus points faster and with greater accuracy. It can also analyze highlights and more accurately determine exposure, as well as infer light sources to deliver more accurate white balance detection.&lt;/div&gt;\n&lt;/div&gt;\n&lt;!-- cpt_container_end --&gt;', '', '简约小桌', '简约小桌', '简约小桌');
INSERT INTO `mc_product_description` VALUES ('31', '2', 'Nikon D300', '&lt;div class=&quot;cpt_product_description &quot;&gt;\n	&lt;div&gt;\n		Engineered with pro-level features and performance, the 12.3-effective-megapixel D300 combines brand new technologies with advanced features inherited from Nikon&amp;#39;s newly announced D3 professional digital SLR camera to offer serious photographers remarkable performance combined with agility.&lt;br /&gt;\n		&lt;br /&gt;\n		Similar to the D3, the D300 features Nikon&amp;#39;s exclusive EXPEED Image Processing System that is central to driving the speed and processing power needed for many of the camera&amp;#39;s new features. The D300 features a new 51-point autofocus system with Nikon&amp;#39;s 3D Focus Tracking feature and two new LiveView shooting modes that allow users to frame a photograph using the camera&amp;#39;s high-resolution LCD monitor. The D300 shares a similar Scene Recognition System as is found in the D3; it promises to greatly enhance the accuracy of autofocus, autoexposure, and auto white balance by recognizing the subject or scene being photographed and applying this information to the calculations for the three functions.&lt;br /&gt;\n		&lt;br /&gt;\n		The D300 reacts with lightning speed, powering up in a mere 0.13 seconds and shooting with an imperceptible 45-millisecond shutter release lag time. The D300 is capable of shooting at a rapid six frames per second and can go as fast as eight frames per second when using the optional MB-D10 multi-power battery pack. In continuous bursts, the D300 can shoot up to 100 shots at full 12.3-megapixel resolution. (NORMAL-LARGE image setting, using a SanDisk Extreme IV 1GB CompactFlash card.)&lt;br /&gt;\n		&lt;br /&gt;\n		The D300 incorporates a range of innovative technologies and features that will significantly improve the accuracy, control, and performance photographers can get from their equipment. Its new Scene Recognition System advances the use of Nikon&amp;#39;s acclaimed 1,005-segment sensor to recognize colors and light patterns that help the camera determine the subject and the type of scene being photographed before a picture is taken. This information is used to improve the accuracy of autofocus, autoexposure, and auto white balance functions in the D300. For example, the camera can track moving subjects better and by identifying them, it can also automatically select focus points faster and with greater accuracy. It can also analyze highlights and more accurately determine exposure, as well as infer light sources to deliver more accurate white balance detection.&lt;/div&gt;\n&lt;/div&gt;\n&lt;!-- cpt_container_end --&gt;', '', 'Nikon D300', '', '');
INSERT INTO `mc_product_description` VALUES ('31', '3', '簡約小桌', '&lt;div class=&quot;cpt_product_description &quot;&gt;\n	&lt;div&gt;\n		Engineered with pro-level features and performance, the 12.3-effective-megapixel D300 combines brand new technologies with advanced features inherited from Nikon&amp;#39;s newly announced D3 professional digital SLR camera to offer serious photographers remarkable performance combined with agility.&lt;br /&gt;\n		&lt;br /&gt;\n		Similar to the D3, the D300 features Nikon&amp;#39;s exclusive EXPEED Image Processing System that is central to driving the speed and processing power needed for many of the camera&amp;#39;s new features. The D300 features a new 51-point autofocus system with Nikon&amp;#39;s 3D Focus Tracking feature and two new LiveView shooting modes that allow users to frame a photograph using the camera&amp;#39;s high-resolution LCD monitor. The D300 shares a similar Scene Recognition System as is found in the D3; it promises to greatly enhance the accuracy of autofocus, autoexposure, and auto white balance by recognizing the subject or scene being photographed and applying this information to the calculations for the three functions.&lt;br /&gt;\n		&lt;br /&gt;\n		The D300 reacts with lightning speed, powering up in a mere 0.13 seconds and shooting with an imperceptible 45-millisecond shutter release lag time. The D300 is capable of shooting at a rapid six frames per second and can go as fast as eight frames per second when using the optional MB-D10 multi-power battery pack. In continuous bursts, the D300 can shoot up to 100 shots at full 12.3-megapixel resolution. (NORMAL-LARGE image setting, using a SanDisk Extreme IV 1GB CompactFlash card.)&lt;br /&gt;\n		&lt;br /&gt;\n		The D300 incorporates a range of innovative technologies and features that will significantly improve the accuracy, control, and performance photographers can get from their equipment. Its new Scene Recognition System advances the use of Nikon&amp;#39;s acclaimed 1,005-segment sensor to recognize colors and light patterns that help the camera determine the subject and the type of scene being photographed before a picture is taken. This information is used to improve the accuracy of autofocus, autoexposure, and auto white balance functions in the D300. For example, the camera can track moving subjects better and by identifying them, it can also automatically select focus points faster and with greater accuracy. It can also analyze highlights and more accurately determine exposure, as well as infer light sources to deliver more accurate white balance detection.&lt;/div&gt;\n&lt;/div&gt;\n&lt;!-- cpt_container_end --&gt;', '', 'Nikon D300', '', '');
INSERT INTO `mc_product_description` VALUES ('32', '1', '立式书架', '&lt;p&gt;\n	&lt;strong&gt;Revolutionary multi-touch interface.&lt;/strong&gt;&lt;br&gt;\n	iPod touch features the same multi-touch screen technology as iPhone. Pinch to zoom in on a photo. Scroll through your songs and videos with a flick. Flip through your library by album artwork with Cover Flow.&lt;/p&gt;\n&lt;p&gt;\n	&lt;strong&gt;Gorgeous 3.5-inch widescreen display.&lt;/strong&gt;&lt;br&gt;\n	Watch your movies, TV shows, and photos come alive with bright, vivid color on the 320-by-480-pixel display.&lt;/p&gt;\n&lt;p&gt;\n	&lt;strong&gt;Music downloads straight from iTunes.&lt;/strong&gt;&lt;br&gt;\n	Shop the iTunes Wi-Fi Music Store from anywhere with Wi-Fi.1 Browse or search to find the music youre looking for, preview it, and buy it with just a tap.&lt;/p&gt;\n&lt;p&gt;\n	&lt;strong&gt;Surf the web with Wi-Fi.&lt;/strong&gt;&lt;br&gt;\n	Browse the web using Safari and watch YouTube videos on the first iPod with Wi-Fi built in&lt;br&gt;\n	&amp;nbsp;&lt;/p&gt;\n', '', '立式书架', '立式书架', '立式书架');
INSERT INTO `mc_product_description` VALUES ('32', '2', 'iPod Touch', '&lt;p&gt;\n	&lt;strong&gt;Revolutionary multi-touch interface.&lt;/strong&gt;&lt;br&gt;\n	iPod touch features the same multi-touch screen technology as iPhone. Pinch to zoom in on a photo. Scroll through your songs and videos with a flick. Flip through your library by album artwork with Cover Flow.&lt;/p&gt;\n&lt;p&gt;\n	&lt;strong&gt;Gorgeous 3.5-inch widescreen display.&lt;/strong&gt;&lt;br&gt;\n	Watch your movies, TV shows, and photos come alive with bright, vivid color on the 320-by-480-pixel display.&lt;/p&gt;\n&lt;p&gt;\n	&lt;strong&gt;Music downloads straight from iTunes.&lt;/strong&gt;&lt;br&gt;\n	Shop the iTunes Wi-Fi Music Store from anywhere with Wi-Fi.1 Browse or search to find the music youre looking for, preview it, and buy it with just a tap.&lt;/p&gt;\n&lt;p&gt;\n	&lt;strong&gt;Surf the web with Wi-Fi.&lt;/strong&gt;&lt;br&gt;\n	Browse the web using Safari and watch YouTube videos on the first iPod with Wi-Fi built in&lt;br&gt;\n	&amp;nbsp;&lt;/p&gt;\n', '', 'iPod Touch', '', '');
INSERT INTO `mc_product_description` VALUES ('32', '3', '立式書架', '&lt;p&gt;\n	&lt;strong&gt;Revolutionary multi-touch interface.&lt;/strong&gt;&lt;br&gt;\n	iPod touch features the same multi-touch screen technology as iPhone. Pinch to zoom in on a photo. Scroll through your songs and videos with a flick. Flip through your library by album artwork with Cover Flow.&lt;/p&gt;\n&lt;p&gt;\n	&lt;strong&gt;Gorgeous 3.5-inch widescreen display.&lt;/strong&gt;&lt;br&gt;\n	Watch your movies, TV shows, and photos come alive with bright, vivid color on the 320-by-480-pixel display.&lt;/p&gt;\n&lt;p&gt;\n	&lt;strong&gt;Music downloads straight from iTunes.&lt;/strong&gt;&lt;br&gt;\n	Shop the iTunes Wi-Fi Music Store from anywhere with Wi-Fi.1 Browse or search to find the music youre looking for, preview it, and buy it with just a tap.&lt;/p&gt;\n&lt;p&gt;\n	&lt;strong&gt;Surf the web with Wi-Fi.&lt;/strong&gt;&lt;br&gt;\n	Browse the web using Safari and watch YouTube videos on the first iPod with Wi-Fi built in&lt;br&gt;\n	&amp;nbsp;&lt;/p&gt;\n', '', 'iPod Touch', '', '');
INSERT INTO `mc_product_description` VALUES ('33', '1', '古色展厨', '是一款19英寸，拥有16:10黄金屏幕比例的产品。这款产品在外观上采用了黑色烤漆工艺，底边框位置我们看到了其印有品牌LOGO，非常精致。而我们在其它边框位置看到了产品信息，方便了用户购买时挑选。\n', '', '古色展厨', '古色展厨', '古色展厨');
INSERT INTO `mc_product_description` VALUES ('33', '2', 'Samsung SyncMaster 941BW', '&lt;div&gt;\n	Imagine the advantages of going big without slowing down. The big 19&quot; 941BW monitor combines wide aspect ratio with fast pixel response time, for bigger images, more room to work and crisp motion. In addition, the exclusive MagicBright 2, MagicColor and MagicTune technologies help deliver the ideal image in every situation, while sleek, narrow bezels and adjustable stands deliver style just the way you want it. With the Samsung 941BW widescreen analog/digital LCD monitor, it&#039;s not hard to imagine.&lt;/div&gt;\n', '', 'Samsung SyncMaster 941BW', '', '');
INSERT INTO `mc_product_description` VALUES ('33', '3', '古色展廚', '是一款19英寸，拥有16:10黄金屏幕比例的产品。这款产品在外观上采用了黑色烤漆工艺，底边框位置我们看到了其印有品牌LOGO，非常精致。而我们在其它边框位置看到了产品信息，方便了用户购买时挑选。\n', '', '三星 941BW', '', '');
INSERT INTO `mc_product_description` VALUES ('34', '1', '线条式展架', '&lt;div&gt;\n	&lt;strong&gt;Born to be worn.&lt;/strong&gt;\n	&lt;p&gt;\n		Clip on the worlds most wearable music player and take up to 240 songs with you anywhere. Choose from five colors including four new hues to make your musical fashion statement.&lt;/p&gt;\n	&lt;p&gt;\n		&lt;strong&gt;Random meets rhythm.&lt;/strong&gt;&lt;/p&gt;\n	&lt;p&gt;\n		With iTunes autofill, iPod shuffle can deliver a new musical experience every time you sync. For more randomness, you can shuffle songs during playback with the slide of a switch.&lt;/p&gt;\n	&lt;strong&gt;Everything is easy.&lt;/strong&gt;\n	&lt;p&gt;\n		Charge and sync with the included USB dock. Operate the iPod shuffle controls with one hand. Enjoy up to 12 hours straight of skip-free music playback.&lt;/p&gt;\n&lt;/div&gt;\n', '', '线条式展架', '线条式展架', '线条式展架');
INSERT INTO `mc_product_description` VALUES ('28', '1', '艺术坐椅', '&lt;p&gt;\n	HTC Touch - in High Definition. Watch music videos and streaming content in awe-inspiring high definition clarity for a mobile experience you never thought possible. Seductively sleek, the HTC Touch HD provides the next generation of mobile functionality, all at a simple touch. Fully integrated with Windows Mobile Professional 6.1, ultrafast 3.5G, GPS, 5MP camera, plus lots more - all delivered on a breathtakingly crisp 3.8&quot; WVGA touchscreen - you can take control of your mobile world with the HTC Touch HD.&lt;/p&gt;\n&lt;p&gt;\n	&lt;strong&gt;Features&lt;/strong&gt;&lt;/p&gt;\n&lt;ul&gt;\n	&lt;li&gt;\n		Processor Qualcomm&reg; MSM 7201A&trade; 528 MHz&lt;/li&gt;\n	&lt;li&gt;\n		Windows Mobile&reg; 6.1 Professional Operating System&lt;/li&gt;\n	&lt;li&gt;\n		Memory: 512 MB ROM, 288 MB RAM&lt;/li&gt;\n	&lt;li&gt;\n		Dimensions: 115 mm x 62.8 mm x 12 mm / 146.4 grams&lt;/li&gt;\n	&lt;li&gt;\n		3.8-inch TFT-LCD flat touch-sensitive screen with 480 x 800 WVGA resolution&lt;/li&gt;\n	&lt;li&gt;\n		HSDPA/WCDMA: Europe/Asia: 900/2100 MHz; Up to 2 Mbps up-link and 7.2 Mbps down-link speeds&lt;/li&gt;\n	&lt;li&gt;\n		Quad-band GSM/GPRS/EDGE: Europe/Asia: 850/900/1800/1900 MHz (Band frequency, HSUPA availability, and data speed are operator dependent.)&lt;/li&gt;\n	&lt;li&gt;\n		Device Control via HTC TouchFLO&trade; 3D &amp;amp; Touch-sensitive front panel buttons&lt;/li&gt;\n	&lt;li&gt;\n		GPS and A-GPS ready&lt;/li&gt;\n	&lt;li&gt;\n		Bluetooth&reg; 2.0 with Enhanced Data Rate and A2DP for wireless stereo headsets&lt;/li&gt;\n	&lt;li&gt;\n		Wi-Fi&reg;: IEEE 802.11 b/g&lt;/li&gt;\n	&lt;li&gt;\n		HTC ExtUSB&trade; (11-pin mini-USB 2.0)&lt;/li&gt;\n	&lt;li&gt;\n		5 megapixel color camera with auto focus&lt;/li&gt;\n	&lt;li&gt;\n		VGA CMOS color camera&lt;/li&gt;\n	&lt;li&gt;\n		Built-in 3.5 mm audio jack, microphone, speaker, and FM radio&lt;/li&gt;\n	&lt;li&gt;\n		Ring tone formats: AAC, AAC+, eAAC+, AMR-NB, AMR-WB, QCP, MP3, WMA, WAV&lt;/li&gt;\n	&lt;li&gt;\n		40 polyphonic and standard MIDI format 0 and 1 (SMF)/SP MIDI&lt;/li&gt;\n	&lt;li&gt;\n		Rechargeable Lithium-ion or Lithium-ion polymer 1350 mAh battery&lt;/li&gt;\n	&lt;li&gt;\n		Expansion Slot: microSD&trade; memory card (SD 2.0 compatible)&lt;/li&gt;\n	&lt;li&gt;\n		AC Adapter Voltage range/frequency: 100 ~ 240V AC, 50/60 Hz DC output: 5V and 1A&lt;/li&gt;\n	&lt;li&gt;\n		Special Features: FM Radio, G-Sensor&lt;/li&gt;\n&lt;/ul&gt;\n', '', '艺术坐椅', '艺术坐椅', '艺术坐椅');
INSERT INTO `mc_product_description` VALUES ('49', '3', '緣木立櫃', '&lt;p&gt;\n	Samsung Galaxy Tab 10.1, is the world&rsquo;s thinnest tablet, measuring 8.6 mm thickness, running with Android 3.0 Honeycomb OS on a 1GHz dual-core Tegra 2 processor, similar to its younger brother Samsung Galaxy Tab 8.9.&lt;/p&gt;\n&lt;p&gt;\n	Samsung Galaxy Tab 10.1 gives pure Android 3.0 experience, adding its new TouchWiz UX or TouchWiz 4.0 &ndash; includes a live panel, which lets you to customize with different content, such as your pictures, bookmarks, and social feeds, sporting a 10.1 inches WXGA capacitive touch screen with 1280 x 800 pixels of resolution, equipped with 3 megapixel rear camera with LED flash and a 2 megapixel front camera, HSPA+ connectivity up to 21Mbps, 720p HD video recording capability, 1080p HD playback, DLNA support, Bluetooth 2.1, USB 2.0, gyroscope, Wi-Fi 802.11 a/b/g/n, micro-SD slot, 3.5mm headphone jack, and SIM slot, including the Samsung Stick &ndash; a Bluetooth microphone that can be carried in a pocket like a pen and sound dock with powered subwoofer.&lt;/p&gt;\n&lt;p&gt;\n	Samsung Galaxy Tab 10.1 will come in 16GB / 32GB / 64GB verities and pre-loaded with Social Hub, Reader&rsquo;s Hub, Music Hub and Samsung Mini Apps Tray &ndash; which gives you access to more commonly used apps to help ease multitasking and it is capable of Adobe Flash Player 10.2, powered by 6860mAh battery that gives you 10hours of video-playback time.&amp;nbsp;&auml;&ouml;&lt;/p&gt;\n', '', 'Samsung Galaxy Tab 10.1', '', '');
INSERT INTO `mc_product_description` VALUES ('48', '1', '莲式木几', '&lt;div class=&quot;cpt_product_description &quot;&gt;\n	&lt;div&gt;\n		&lt;p&gt;\n			&lt;strong&gt;More room to move.&lt;/strong&gt;&lt;/p&gt;\n		&lt;p&gt;\n			With 80GB or 160GB of storage and up to 40 hours of battery life, the new iPod classic lets you enjoy up to 40,000 songs or up to 200 hours of video or any combination wherever you go.&lt;/p&gt;\n		&lt;p&gt;\n			&lt;strong&gt;Cover Flow.&lt;/strong&gt;&lt;/p&gt;\n		&lt;p&gt;\n			Browse through your music collection by flipping through album art. Select an album to turn it over and see the track list.&lt;/p&gt;\n		&lt;p&gt;\n			&lt;strong&gt;Enhanced interface.&lt;/strong&gt;&lt;/p&gt;\n		&lt;p&gt;\n			Experience a whole new way to browse and view your music and video.&lt;/p&gt;\n		&lt;p&gt;\n			&lt;strong&gt;Sleeker design.&lt;/strong&gt;&lt;/p&gt;\n		&lt;p&gt;\n			Beautiful, durable, and sleeker than ever, iPod classic now features an anodized aluminum and polished stainless steel enclosure with rounded edges.&lt;/p&gt;\n	&lt;/div&gt;\n&lt;/div&gt;\n&lt;!-- cpt_container_end --&gt;', '', '莲式木几', '莲式木几', '莲式木几');
INSERT INTO `mc_product_description` VALUES ('48', '2', 'iPod Classic', '&lt;div class=&quot;cpt_product_description &quot;&gt;\n	&lt;div&gt;\n		&lt;p&gt;\n			&lt;strong&gt;More room to move.&lt;/strong&gt;&lt;/p&gt;\n		&lt;p&gt;\n			With 80GB or 160GB of storage and up to 40 hours of battery life, the new iPod classic lets you enjoy up to 40,000 songs or up to 200 hours of video or any combination wherever you go.&lt;/p&gt;\n		&lt;p&gt;\n			&lt;strong&gt;Cover Flow.&lt;/strong&gt;&lt;/p&gt;\n		&lt;p&gt;\n			Browse through your music collection by flipping through album art. Select an album to turn it over and see the track list.&lt;/p&gt;\n		&lt;p&gt;\n			&lt;strong&gt;Enhanced interface.&lt;/strong&gt;&lt;/p&gt;\n		&lt;p&gt;\n			Experience a whole new way to browse and view your music and video.&lt;/p&gt;\n		&lt;p&gt;\n			&lt;strong&gt;Sleeker design.&lt;/strong&gt;&lt;/p&gt;\n		&lt;p&gt;\n			Beautiful, durable, and sleeker than ever, iPod classic now features an anodized aluminum and polished stainless steel enclosure with rounded edges.&lt;/p&gt;\n	&lt;/div&gt;\n&lt;/div&gt;\n&lt;!-- cpt_container_end --&gt;', '', 'iPod Classic', '', '');
INSERT INTO `mc_product_description` VALUES ('48', '3', '蓮式木幾', '&lt;div class=&quot;cpt_product_description &quot;&gt;\n	&lt;div&gt;\n		&lt;p&gt;\n			&lt;strong&gt;More room to move.&lt;/strong&gt;&lt;/p&gt;\n		&lt;p&gt;\n			With 80GB or 160GB of storage and up to 40 hours of battery life, the new iPod classic lets you enjoy up to 40,000 songs or up to 200 hours of video or any combination wherever you go.&lt;/p&gt;\n		&lt;p&gt;\n			&lt;strong&gt;Cover Flow.&lt;/strong&gt;&lt;/p&gt;\n		&lt;p&gt;\n			Browse through your music collection by flipping through album art. Select an album to turn it over and see the track list.&lt;/p&gt;\n		&lt;p&gt;\n			&lt;strong&gt;Enhanced interface.&lt;/strong&gt;&lt;/p&gt;\n		&lt;p&gt;\n			Experience a whole new way to browse and view your music and video.&lt;/p&gt;\n		&lt;p&gt;\n			&lt;strong&gt;Sleeker design.&lt;/strong&gt;&lt;/p&gt;\n		&lt;p&gt;\n			Beautiful, durable, and sleeker than ever, iPod classic now features an anodized aluminum and polished stainless steel enclosure with rounded edges.&lt;/p&gt;\n	&lt;/div&gt;\n&lt;/div&gt;\n&lt;!-- cpt_container_end --&gt;', '', 'iPod Classic', '', '');
INSERT INTO `mc_product_description` VALUES ('49', '1', '缘木立柜', '&lt;p&gt;\n	Samsung Galaxy Tab 10.1, is the world&rsquo;s thinnest tablet, measuring 8.6 mm thickness, running with Android 3.0 Honeycomb OS on a 1GHz dual-core Tegra 2 processor, similar to its younger brother Samsung Galaxy Tab 8.9.&lt;/p&gt;\n&lt;p&gt;\n	Samsung Galaxy Tab 10.1 gives pure Android 3.0 experience, adding its new TouchWiz UX or TouchWiz 4.0 &ndash; includes a live panel, which lets you to customize with different content, such as your pictures, bookmarks, and social feeds, sporting a 10.1 inches WXGA capacitive touch screen with 1280 x 800 pixels of resolution, equipped with 3 megapixel rear camera with LED flash and a 2 megapixel front camera, HSPA+ connectivity up to 21Mbps, 720p HD video recording capability, 1080p HD playback, DLNA support, Bluetooth 2.1, USB 2.0, gyroscope, Wi-Fi 802.11 a/b/g/n, micro-SD slot, 3.5mm headphone jack, and SIM slot, including the Samsung Stick &ndash; a Bluetooth microphone that can be carried in a pocket like a pen and sound dock with powered subwoofer.&lt;/p&gt;\n&lt;p&gt;\n	Samsung Galaxy Tab 10.1 will come in 16GB / 32GB / 64GB verities and pre-loaded with Social Hub, Reader&rsquo;s Hub, Music Hub and Samsung Mini Apps Tray &ndash; which gives you access to more commonly used apps to help ease multitasking and it is capable of Adobe Flash Player 10.2, powered by 6860mAh battery that gives you 10hours of video-playback time.&amp;nbsp;&auml;&ouml;&lt;/p&gt;\n', '', '缘木立柜', '缘木立柜', '缘木立柜');
INSERT INTO `mc_product_description` VALUES ('44', '1', '田方格书架', '&lt;div&gt;\n	MacBook Air is ultrathin, ultraportable, and ultra unlike anything else. But you don&amp;rsquo;t lose inches and pounds overnight. It&amp;rsquo;s the result of rethinking conventions. Of multiple wireless innovations. And of breakthrough design. With MacBook Air, mobile computing suddenly has a new standard.&lt;/div&gt;\n', '', '田方格书架', '田方格书架', '田方格书架');
INSERT INTO `mc_product_description` VALUES ('44', '2', 'MacBook Air', '&lt;div&gt;\n	MacBook Air is ultrathin, ultraportable, and ultra unlike anything else. But you don&amp;rsquo;t lose inches and pounds overnight. It&amp;rsquo;s the result of rethinking conventions. Of multiple wireless innovations. And of breakthrough design. With MacBook Air, mobile computing suddenly has a new standard.&lt;/div&gt;\n', '', 'MacBook Air', '', '');
INSERT INTO `mc_product_description` VALUES ('44', '3', '田方格書架', '&lt;div&gt;\n	MacBook Air is ultrathin, ultraportable, and ultra unlike anything else. But you don&amp;rsquo;t lose inches and pounds overnight. It&amp;rsquo;s the result of rethinking conventions. Of multiple wireless innovations. And of breakthrough design. With MacBook Air, mobile computing suddenly has a new standard.&lt;/div&gt;\n', '', 'MacBook Air', '', '');
INSERT INTO `mc_product_description` VALUES ('45', '1', '时尚储物柜', '&lt;div class=&quot;cpt_product_description &quot;&gt;\n	&lt;div&gt;\n		&lt;p&gt;\n			&lt;b&gt;Latest Intel mobile architecture&lt;/b&gt;&lt;/p&gt;\n		&lt;p&gt;\n			Powered by the most advanced mobile processors from Intel, the new Core 2 Duo MacBook Pro is over 50% faster than the original Core Duo MacBook Pro and now supports up to 4GB of RAM.&lt;/p&gt;\n		&lt;p&gt;\n			&lt;b&gt;Leading-edge graphics&lt;/b&gt;&lt;/p&gt;\n		&lt;p&gt;\n			The NVIDIA GeForce 8600M GT delivers exceptional graphics processing power. For the ultimate creative canvas, you can even configure the 17-inch model with a 1920-by-1200 resolution display.&lt;/p&gt;\n		&lt;p&gt;\n			&lt;b&gt;Designed for life on the road&lt;/b&gt;&lt;/p&gt;\n		&lt;p&gt;\n			Innovations such as a magnetic power connection and an illuminated keyboard with ambient light sensor put the MacBook Pro in a class by itself.&lt;/p&gt;\n		&lt;p&gt;\n			&lt;b&gt;Connect. Create. Communicate.&lt;/b&gt;&lt;/p&gt;\n		&lt;p&gt;\n			Quickly set up a video conference with the built-in iSight camera. Control presentations and media from up to 30 feet away with the included Apple Remote. Connect to high-bandwidth peripherals with FireWire 800 and DVI.&lt;/p&gt;\n		&lt;p&gt;\n			&lt;b&gt;Next-generation wireless&lt;/b&gt;&lt;/p&gt;\n		&lt;p&gt;\n			Featuring 802.11n wireless technology, the MacBook Pro delivers up to five times the performance and up to twice the range of previous-generation technologies.&lt;/p&gt;\n	&lt;/div&gt;\n&lt;/div&gt;\n&lt;!-- cpt_container_end --&gt;', '', '时尚储物柜', '时尚储物柜', '时尚储物柜');
INSERT INTO `mc_product_description` VALUES ('45', '2', 'MacBook Pro', '&lt;div class=&quot;cpt_product_description &quot;&gt;\n	&lt;div&gt;\n		&lt;p&gt;\n			&lt;b&gt;Latest Intel mobile architecture&lt;/b&gt;&lt;/p&gt;\n		&lt;p&gt;\n			Powered by the most advanced mobile processors from Intel, the new Core 2 Duo MacBook Pro is over 50% faster than the original Core Duo MacBook Pro and now supports up to 4GB of RAM.&lt;/p&gt;\n		&lt;p&gt;\n			&lt;b&gt;Leading-edge graphics&lt;/b&gt;&lt;/p&gt;\n		&lt;p&gt;\n			The NVIDIA GeForce 8600M GT delivers exceptional graphics processing power. For the ultimate creative canvas, you can even configure the 17-inch model with a 1920-by-1200 resolution display.&lt;/p&gt;\n		&lt;p&gt;\n			&lt;b&gt;Designed for life on the road&lt;/b&gt;&lt;/p&gt;\n		&lt;p&gt;\n			Innovations such as a magnetic power connection and an illuminated keyboard with ambient light sensor put the MacBook Pro in a class by itself.&lt;/p&gt;\n		&lt;p&gt;\n			&lt;b&gt;Connect. Create. Communicate.&lt;/b&gt;&lt;/p&gt;\n		&lt;p&gt;\n			Quickly set up a video conference with the built-in iSight camera. Control presentations and media from up to 30 feet away with the included Apple Remote. Connect to high-bandwidth peripherals with FireWire 800 and DVI.&lt;/p&gt;\n		&lt;p&gt;\n			&lt;b&gt;Next-generation wireless&lt;/b&gt;&lt;/p&gt;\n		&lt;p&gt;\n			Featuring 802.11n wireless technology, the MacBook Pro delivers up to five times the performance and up to twice the range of previous-generation technologies.&lt;/p&gt;\n	&lt;/div&gt;\n&lt;/div&gt;\n&lt;!-- cpt_container_end --&gt;', '', 'MacBook Pro', '', '');
INSERT INTO `mc_product_description` VALUES ('49', '2', 'Samsung Galaxy Tab 10.1', '&lt;p&gt;\n	Samsung Galaxy Tab 10.1, is the world&rsquo;s thinnest tablet, measuring 8.6 mm thickness, running with Android 3.0 Honeycomb OS on a 1GHz dual-core Tegra 2 processor, similar to its younger brother Samsung Galaxy Tab 8.9.&lt;/p&gt;\n&lt;p&gt;\n	Samsung Galaxy Tab 10.1 gives pure Android 3.0 experience, adding its new TouchWiz UX or TouchWiz 4.0 &ndash; includes a live panel, which lets you to customize with different content, such as your pictures, bookmarks, and social feeds, sporting a 10.1 inches WXGA capacitive touch screen with 1280 x 800 pixels of resolution, equipped with 3 megapixel rear camera with LED flash and a 2 megapixel front camera, HSPA+ connectivity up to 21Mbps, 720p HD video recording capability, 1080p HD playback, DLNA support, Bluetooth 2.1, USB 2.0, gyroscope, Wi-Fi 802.11 a/b/g/n, micro-SD slot, 3.5mm headphone jack, and SIM slot, including the Samsung Stick &ndash; a Bluetooth microphone that can be carried in a pocket like a pen and sound dock with powered subwoofer.&lt;/p&gt;\n&lt;p&gt;\n	Samsung Galaxy Tab 10.1 will come in 16GB / 32GB / 64GB verities and pre-loaded with Social Hub, Reader&rsquo;s Hub, Music Hub and Samsung Mini Apps Tray &ndash; which gives you access to more commonly used apps to help ease multitasking and it is capable of Adobe Flash Player 10.2, powered by 6860mAh battery that gives you 10hours of video-playback time.&amp;nbsp;&auml;&ouml;&lt;/p&gt;\n', '', 'Samsung Galaxy Tab 10.1', '', '');

-- ----------------------------
-- Table structure for mc_product_discount
-- ----------------------------
DROP TABLE IF EXISTS `mc_product_discount`;
CREATE TABLE `mc_product_discount` (
  `product_discount_id` int(11) NOT NULL AUTO_INCREMENT,
  `product_id` int(11) NOT NULL,
  `customer_group_id` int(11) NOT NULL,
  `quantity` int(4) NOT NULL DEFAULT '0',
  `priority` int(5) NOT NULL DEFAULT '1',
  `price` decimal(15,4) NOT NULL DEFAULT '0.0000',
  `date_start` date NOT NULL DEFAULT '0000-00-00',
  `date_end` date NOT NULL DEFAULT '0000-00-00',
  PRIMARY KEY (`product_discount_id`),
  KEY `product_id` (`product_id`)
) ENGINE=MyISAM AUTO_INCREMENT=4 DEFAULT CHARSET=utf8;

-- ----------------------------
-- Records of mc_product_discount
-- ----------------------------
INSERT INTO `mc_product_discount` VALUES ('3', '42', '1', '10', '1', '88.0000', '2015-01-01', '2055-12-31');
INSERT INTO `mc_product_discount` VALUES ('2', '42', '1', '20', '1', '77.0000', '2015-01-01', '2055-12-31');
INSERT INTO `mc_product_discount` VALUES ('1', '42', '1', '30', '1', '66.0000', '2015-01-01', '2055-12-31');

-- ----------------------------
-- Table structure for mc_product_filter
-- ----------------------------
DROP TABLE IF EXISTS `mc_product_filter`;
CREATE TABLE `mc_product_filter` (
  `product_id` int(11) NOT NULL,
  `filter_id` int(11) NOT NULL,
  PRIMARY KEY (`product_id`,`filter_id`)
) ENGINE=MyISAM DEFAULT CHARSET=utf8;

-- ----------------------------
-- Records of mc_product_filter
-- ----------------------------

-- ----------------------------
-- Table structure for mc_product_image
-- ----------------------------
DROP TABLE IF EXISTS `mc_product_image`;
CREATE TABLE `mc_product_image` (
  `product_image_id` int(11) NOT NULL AUTO_INCREMENT,
  `product_id` int(11) NOT NULL,
  `image` varchar(255) DEFAULT NULL,
  `sort_order` int(3) NOT NULL DEFAULT '0',
  PRIMARY KEY (`product_image_id`),
  KEY `product_id` (`product_id`)
) ENGINE=MyISAM AUTO_INCREMENT=48 DEFAULT CHARSET=utf8;

-- ----------------------------
-- Records of mc_product_image
-- ----------------------------
INSERT INTO `mc_product_image` VALUES ('47', '43', 'catalog/demo/product/product_9/product9_2.jpg', '0');
INSERT INTO `mc_product_image` VALUES ('28', '44', 'catalog/demo/product/product_10/product10_2.jpg', '0');
INSERT INTO `mc_product_image` VALUES ('15', '35', 'catalog/demo/product/product_14/product14_7.jpg', '0');
INSERT INTO `mc_product_image` VALUES ('16', '36', 'catalog/demo/product/product_6/product6_3.jpg', '0');
INSERT INTO `mc_product_image` VALUES ('17', '36', 'catalog/demo/product/product_6/product6_4.jpg', '0');
INSERT INTO `mc_product_image` VALUES ('18', '36', 'catalog/demo/product/product_6/product6_5.jpg', '0');
INSERT INTO `mc_product_image` VALUES ('19', '36', 'catalog/demo/product/product_6/product6_6.jpg', '0');
INSERT INTO `mc_product_image` VALUES ('20', '41', 'catalog/demo/product/product_4/product4_2.jpg', '0');
INSERT INTO `mc_product_image` VALUES ('21', '41', 'catalog/demo/product/product_4/product4_3.jpg', '0');
INSERT INTO `mc_product_image` VALUES ('22', '41', 'catalog/demo/product/product_4/product4_7.jpg', '0');
INSERT INTO `mc_product_image` VALUES ('23', '42', 'catalog/demo/product/product_1/product1_2.jpg', '0');
INSERT INTO `mc_product_image` VALUES ('13', '35', 'catalog/demo/product/product_14/product14_4.jpg', '0');
INSERT INTO `mc_product_image` VALUES ('14', '35', 'catalog/demo/product/product_14/product14_6.jpg', '0');
INSERT INTO `mc_product_image` VALUES ('46', '43', 'catalog/demo/product/product_9/product9_4.jpg', '0');
INSERT INTO `mc_product_image` VALUES ('24', '42', 'catalog/demo/product/product_1/product1_3.jpg', '0');
INSERT INTO `mc_product_image` VALUES ('45', '43', 'catalog/demo/product/product_9/product9_5.jpg', '0');
INSERT INTO `mc_product_image` VALUES ('30', '45', 'catalog/demo/product/product_11/product11_2.jpg', '0');
INSERT INTO `mc_product_image` VALUES ('29', '44', 'catalog/demo/product/product_10/product10_3.jpg', '0');
INSERT INTO `mc_product_image` VALUES ('1', '28', 'catalog/demo/product/product_3/product3_2.jpg', '0');
INSERT INTO `mc_product_image` VALUES ('2', '28', 'catalog/demo/product/product_3/product3_4.jpg', '0');
INSERT INTO `mc_product_image` VALUES ('3', '28', 'catalog/demo/product/product_3/product3_5.jpg', '0');
INSERT INTO `mc_product_image` VALUES ('4', '29', 'catalog/demo/product/product_13/product13_2.jpg', '0');
INSERT INTO `mc_product_image` VALUES ('5', '29', 'catalog/demo/product/product_13/product13_2.jpg', '0');
INSERT INTO `mc_product_image` VALUES ('6', '31', 'catalog/demo/product/product_12/product12_3.jpg', '0');
INSERT INTO `mc_product_image` VALUES ('7', '31', 'catalog/demo/product/product_12/product12_5.jpg', '0');
INSERT INTO `mc_product_image` VALUES ('8', '32', 'catalog/demo/product/product_8/product8_2.jpg', '0');
INSERT INTO `mc_product_image` VALUES ('9', '32', 'catalog/demo/product/product_8/product8_4.jpg', '0');
INSERT INTO `mc_product_image` VALUES ('10', '34', 'catalog/demo/product/product_7/product7_2.jpg', '0');
INSERT INTO `mc_product_image` VALUES ('11', '34', 'catalog/demo/product/product_7/product7_4.jpg', '0');
INSERT INTO `mc_product_image` VALUES ('12', '34', 'catalog/demo/product/product_7/product7_5.jpg', '0');
INSERT INTO `mc_product_image` VALUES ('31', '45', 'catalog/demo/product/product_11/product11_4.jpg', '0');
INSERT INTO `mc_product_image` VALUES ('32', '47', 'catalog/demo/product/product_2/product2_3.jpg', '0');
INSERT INTO `mc_product_image` VALUES ('33', '47', 'catalog/demo/product/product_2/product2_4.jpg', '0');
INSERT INTO `mc_product_image` VALUES ('34', '47', 'catalog/demo/product/product_2/product2_5.jpg', '0');
INSERT INTO `mc_product_image` VALUES ('35', '47', 'catalog/demo/product/product_2/product2_6.jpg', '0');
INSERT INTO `mc_product_image` VALUES ('36', '48', 'catalog/demo/product/product_5/product5_4.jpg', '0');
INSERT INTO `mc_product_image` VALUES ('37', '48', 'catalog/demo/product/product_5/product5_5.jpg', '0');
INSERT INTO `mc_product_image` VALUES ('38', '48', 'catalog/demo/product/product_5/product5_7.jpg', '0');

-- ----------------------------
-- Table structure for mc_product_option
-- ----------------------------
DROP TABLE IF EXISTS `mc_product_option`;
CREATE TABLE `mc_product_option` (
  `product_option_id` int(11) NOT NULL AUTO_INCREMENT,
  `product_id` int(11) NOT NULL,
  `option_id` int(11) NOT NULL,
  `value` text NOT NULL,
  `required` tinyint(1) NOT NULL,
  PRIMARY KEY (`product_option_id`)
) ENGINE=MyISAM AUTO_INCREMENT=13 DEFAULT CHARSET=utf8;

-- ----------------------------
-- Records of mc_product_option
-- ----------------------------
INSERT INTO `mc_product_option` VALUES ('1', '30', '5', '', '1');
INSERT INTO `mc_product_option` VALUES ('2', '35', '11', '', '1');
INSERT INTO `mc_product_option` VALUES ('3', '42', '1', '', '1');
INSERT INTO `mc_product_option` VALUES ('4', '42', '2', '', '1');
INSERT INTO `mc_product_option` VALUES ('10', '42', '9', '22:25', '1');
INSERT INTO `mc_product_option` VALUES ('8', '42', '7', '', '1');
INSERT INTO `mc_product_option` VALUES ('9', '42', '8', '2011-02-20', '1');
INSERT INTO `mc_product_option` VALUES ('7', '42', '6', '', '1');
INSERT INTO `mc_product_option` VALUES ('6', '42', '5', '', '1');
INSERT INTO `mc_product_option` VALUES ('5', '42', '4', 'test', '1');
INSERT INTO `mc_product_option` VALUES ('11', '42', '10', '2011-02-20 22:25', '1');
INSERT INTO `mc_product_option` VALUES ('12', '47', '12', '2011-04-22', '1');

-- ----------------------------
-- Table structure for mc_product_option_value
-- ----------------------------
DROP TABLE IF EXISTS `mc_product_option_value`;
CREATE TABLE `mc_product_option_value` (
  `product_option_value_id` int(11) NOT NULL AUTO_INCREMENT,
  `product_option_id` int(11) NOT NULL,
  `product_id` int(11) NOT NULL,
  `option_id` int(11) NOT NULL,
  `option_value_id` int(11) NOT NULL,
  `quantity` int(3) NOT NULL,
  `subtract` tinyint(1) NOT NULL,
  `price` decimal(15,4) NOT NULL,
  `price_prefix` varchar(1) NOT NULL,
  `points` int(8) NOT NULL,
  `points_prefix` varchar(1) NOT NULL,
  `weight` decimal(15,8) NOT NULL,
  `weight_prefix` varchar(1) NOT NULL,
  PRIMARY KEY (`product_option_value_id`)
) ENGINE=MyISAM AUTO_INCREMENT=17 DEFAULT CHARSET=utf8;

-- ----------------------------
-- Records of mc_product_option_value
-- ----------------------------
INSERT INTO `mc_product_option_value` VALUES ('12', '4', '42', '2', '45', '3998', '1', '40.0000', '+', '0', '+', '40.00000000', '+');
INSERT INTO `mc_product_option_value` VALUES ('13', '6', '42', '5', '39', '92', '1', '4.0000', '+', '0', '+', '4.00000000', '+');
INSERT INTO `mc_product_option_value` VALUES ('8', '3', '42', '1', '43', '300', '1', '30.0000', '+', '3', '+', '30.00000000', '+');
INSERT INTO `mc_product_option_value` VALUES ('9', '4', '42', '2', '23', '48', '1', '10.0000', '+', '0', '+', '10.00000000', '+');
INSERT INTO `mc_product_option_value` VALUES ('10', '4', '42', '2', '24', '194', '1', '20.0000', '+', '0', '+', '20.00000000', '+');
INSERT INTO `mc_product_option_value` VALUES ('11', '4', '42', '2', '44', '2696', '1', '30.0000', '+', '0', '+', '30.00000000', '+');
INSERT INTO `mc_product_option_value` VALUES ('6', '3', '42', '1', '31', '146', '1', '20.0000', '+', '2', '-', '20.00000000', '+');
INSERT INTO `mc_product_option_value` VALUES ('7', '3', '42', '1', '32', '96', '1', '10.0000', '+', '1', '+', '10.00000000', '+');
INSERT INTO `mc_product_option_value` VALUES ('5', '2', '35', '11', '48', '15', '1', '15.0000', '+', '0', '+', '0.00000000', '+');
INSERT INTO `mc_product_option_value` VALUES ('4', '2', '35', '11', '47', '10', '1', '10.0000', '+', '0', '+', '0.00000000', '+');
INSERT INTO `mc_product_option_value` VALUES ('3', '2', '35', '11', '46', '0', '1', '5.0000', '+', '0', '+', '0.00000000', '+');
INSERT INTO `mc_product_option_value` VALUES ('2', '1', '30', '5', '40', '2', '1', '0.0000', '+', '0', '+', '0.00000000', '+');
INSERT INTO `mc_product_option_value` VALUES ('1', '1', '30', '5', '39', '0', '1', '0.0000', '+', '0', '+', '0.00000000', '+');
INSERT INTO `mc_product_option_value` VALUES ('14', '6', '42', '5', '40', '300', '0', '3.0000', '+', '0', '+', '3.00000000', '+');
INSERT INTO `mc_product_option_value` VALUES ('15', '6', '42', '5', '41', '100', '0', '1.0000', '+', '0', '+', '1.00000000', '+');
INSERT INTO `mc_product_option_value` VALUES ('16', '6', '42', '5', '42', '200', '1', '2.0000', '+', '0', '+', '2.00000000', '+');

-- ----------------------------
-- Table structure for mc_product_recurring
-- ----------------------------
DROP TABLE IF EXISTS `mc_product_recurring`;
CREATE TABLE `mc_product_recurring` (
  `product_id` int(11) NOT NULL,
  `recurring_id` int(11) NOT NULL,
  `customer_group_id` int(11) NOT NULL,
  PRIMARY KEY (`product_id`,`recurring_id`,`customer_group_id`)
) ENGINE=MyISAM DEFAULT CHARSET=utf8;

-- ----------------------------
-- Records of mc_product_recurring
-- ----------------------------

-- ----------------------------
-- Table structure for mc_product_related
-- ----------------------------
DROP TABLE IF EXISTS `mc_product_related`;
CREATE TABLE `mc_product_related` (
  `product_id` int(11) NOT NULL,
  `related_id` int(11) NOT NULL,
  PRIMARY KEY (`product_id`,`related_id`)
) ENGINE=MyISAM DEFAULT CHARSET=utf8;

-- ----------------------------
-- Records of mc_product_related
-- ----------------------------
INSERT INTO `mc_product_related` VALUES ('40', '42');
INSERT INTO `mc_product_related` VALUES ('41', '42');
INSERT INTO `mc_product_related` VALUES ('42', '40');
INSERT INTO `mc_product_related` VALUES ('42', '41');

-- ----------------------------
-- Table structure for mc_product_reward
-- ----------------------------
DROP TABLE IF EXISTS `mc_product_reward`;
CREATE TABLE `mc_product_reward` (
  `product_reward_id` int(11) NOT NULL AUTO_INCREMENT,
  `product_id` int(11) NOT NULL DEFAULT '0',
  `customer_group_id` int(11) NOT NULL DEFAULT '0',
  `points` int(8) NOT NULL DEFAULT '0',
  PRIMARY KEY (`product_reward_id`)
) ENGINE=MyISAM AUTO_INCREMENT=12 DEFAULT CHARSET=utf8;

-- ----------------------------
-- Records of mc_product_reward
-- ----------------------------
INSERT INTO `mc_product_reward` VALUES ('6', '45', '1', '800');
INSERT INTO `mc_product_reward` VALUES ('2', '30', '1', '200');
INSERT INTO `mc_product_reward` VALUES ('8', '49', '1', '1000');
INSERT INTO `mc_product_reward` VALUES ('5', '44', '1', '700');
INSERT INTO `mc_product_reward` VALUES ('7', '47', '1', '300');
INSERT INTO `mc_product_reward` VALUES ('11', '43', '1', '600');
INSERT INTO `mc_product_reward` VALUES ('3', '42', '1', '100');
INSERT INTO `mc_product_reward` VALUES ('1', '28', '1', '400');

-- ----------------------------
-- Table structure for mc_product_special
-- ----------------------------
DROP TABLE IF EXISTS `mc_product_special`;
CREATE TABLE `mc_product_special` (
  `product_special_id` int(11) NOT NULL AUTO_INCREMENT,
  `product_id` int(11) NOT NULL,
  `customer_group_id` int(11) NOT NULL,
  `priority` int(5) NOT NULL DEFAULT '1',
  `price` decimal(15,4) NOT NULL DEFAULT '0.0000',
  `date_start` date NOT NULL DEFAULT '0000-00-00',
  `date_end` date NOT NULL DEFAULT '0000-00-00',
  PRIMARY KEY (`product_special_id`),
  KEY `product_id` (`product_id`)
) ENGINE=MyISAM AUTO_INCREMENT=4 DEFAULT CHARSET=utf8;

-- ----------------------------
-- Records of mc_product_special
-- ----------------------------
INSERT INTO `mc_product_special` VALUES ('1', '30', '1', '2', '90.0000', '2015-01-01', '2055-12-31');
INSERT INTO `mc_product_special` VALUES ('3', '42', '1', '1', '90.0000', '2015-01-01', '2055-12-31');
INSERT INTO `mc_product_special` VALUES ('2', '30', '1', '1', '80.0000', '2015-01-01', '2055-12-31');

-- ----------------------------
-- Table structure for mc_product_to_category
-- ----------------------------
DROP TABLE IF EXISTS `mc_product_to_category`;
CREATE TABLE `mc_product_to_category` (
  `product_id` int(11) NOT NULL,
  `category_id` int(11) NOT NULL,
  PRIMARY KEY (`product_id`,`category_id`),
  KEY `category_id` (`category_id`)
) ENGINE=MyISAM DEFAULT CHARSET=utf8;

-- ----------------------------
-- Records of mc_product_to_category
-- ----------------------------
INSERT INTO `mc_product_to_category` VALUES ('28', '20');
INSERT INTO `mc_product_to_category` VALUES ('28', '26');
INSERT INTO `mc_product_to_category` VALUES ('29', '25');
INSERT INTO `mc_product_to_category` VALUES ('29', '28');
INSERT INTO `mc_product_to_category` VALUES ('29', '36');
INSERT INTO `mc_product_to_category` VALUES ('30', '25');
INSERT INTO `mc_product_to_category` VALUES ('30', '28');
INSERT INTO `mc_product_to_category` VALUES ('30', '57');
INSERT INTO `mc_product_to_category` VALUES ('31', '25');
INSERT INTO `mc_product_to_category` VALUES ('31', '28');
INSERT INTO `mc_product_to_category` VALUES ('31', '36');
INSERT INTO `mc_product_to_category` VALUES ('32', '34');
INSERT INTO `mc_product_to_category` VALUES ('32', '43');
INSERT INTO `mc_product_to_category` VALUES ('33', '25');
INSERT INTO `mc_product_to_category` VALUES ('33', '28');
INSERT INTO `mc_product_to_category` VALUES ('33', '35');
INSERT INTO `mc_product_to_category` VALUES ('34', '34');
INSERT INTO `mc_product_to_category` VALUES ('34', '43');
INSERT INTO `mc_product_to_category` VALUES ('35', '20');
INSERT INTO `mc_product_to_category` VALUES ('35', '27');
INSERT INTO `mc_product_to_category` VALUES ('36', '34');
INSERT INTO `mc_product_to_category` VALUES ('36', '44');
INSERT INTO `mc_product_to_category` VALUES ('40', '20');
INSERT INTO `mc_product_to_category` VALUES ('40', '27');
INSERT INTO `mc_product_to_category` VALUES ('41', '25');
INSERT INTO `mc_product_to_category` VALUES ('41', '29');
INSERT INTO `mc_product_to_category` VALUES ('41', '32');
INSERT INTO `mc_product_to_category` VALUES ('42', '28');
INSERT INTO `mc_product_to_category` VALUES ('42', '36');
INSERT INTO `mc_product_to_category` VALUES ('43', '25');
INSERT INTO `mc_product_to_category` VALUES ('43', '28');
INSERT INTO `mc_product_to_category` VALUES ('43', '36');
INSERT INTO `mc_product_to_category` VALUES ('44', '25');
INSERT INTO `mc_product_to_category` VALUES ('44', '30');
INSERT INTO `mc_product_to_category` VALUES ('44', '32');
INSERT INTO `mc_product_to_category` VALUES ('45', '17');
INSERT INTO `mc_product_to_category` VALUES ('46', '20');
INSERT INTO `mc_product_to_category` VALUES ('46', '27');
INSERT INTO `mc_product_to_category` VALUES ('47', '20');
INSERT INTO `mc_product_to_category` VALUES ('47', '26');
INSERT INTO `mc_product_to_category` VALUES ('48', '34');
INSERT INTO `mc_product_to_category` VALUES ('48', '52');
INSERT INTO `mc_product_to_category` VALUES ('48', '58');
INSERT INTO `mc_product_to_category` VALUES ('49', '25');
INSERT INTO `mc_product_to_category` VALUES ('49', '28');
INSERT INTO `mc_product_to_category` VALUES ('49', '57');

-- ----------------------------
-- Table structure for mc_product_to_download
-- ----------------------------
DROP TABLE IF EXISTS `mc_product_to_download`;
CREATE TABLE `mc_product_to_download` (
  `product_id` int(11) NOT NULL,
  `download_id` int(11) NOT NULL,
  PRIMARY KEY (`product_id`,`download_id`)
) ENGINE=MyISAM DEFAULT CHARSET=utf8;

-- ----------------------------
-- Records of mc_product_to_download
-- ----------------------------

-- ----------------------------
-- Table structure for mc_product_to_layout
-- ----------------------------
DROP TABLE IF EXISTS `mc_product_to_layout`;
CREATE TABLE `mc_product_to_layout` (
  `product_id` int(11) NOT NULL,
  `store_id` int(11) NOT NULL,
  `layout_id` int(11) NOT NULL,
  PRIMARY KEY (`product_id`,`store_id`)
) ENGINE=MyISAM DEFAULT CHARSET=utf8;

-- ----------------------------
-- Records of mc_product_to_layout
-- ----------------------------
INSERT INTO `mc_product_to_layout` VALUES ('43', '0', '0');

-- ----------------------------
-- Table structure for mc_product_to_store
-- ----------------------------
DROP TABLE IF EXISTS `mc_product_to_store`;
CREATE TABLE `mc_product_to_store` (
  `product_id` int(11) NOT NULL,
  `store_id` int(11) NOT NULL DEFAULT '0',
  PRIMARY KEY (`product_id`,`store_id`)
) ENGINE=MyISAM DEFAULT CHARSET=utf8;

-- ----------------------------
-- Records of mc_product_to_store
-- ----------------------------
INSERT INTO `mc_product_to_store` VALUES ('28', '0');
INSERT INTO `mc_product_to_store` VALUES ('29', '0');
INSERT INTO `mc_product_to_store` VALUES ('30', '0');
INSERT INTO `mc_product_to_store` VALUES ('31', '0');
INSERT INTO `mc_product_to_store` VALUES ('32', '0');
INSERT INTO `mc_product_to_store` VALUES ('33', '0');
INSERT INTO `mc_product_to_store` VALUES ('34', '0');
INSERT INTO `mc_product_to_store` VALUES ('35', '0');
INSERT INTO `mc_product_to_store` VALUES ('36', '0');
INSERT INTO `mc_product_to_store` VALUES ('40', '0');
INSERT INTO `mc_product_to_store` VALUES ('41', '0');
INSERT INTO `mc_product_to_store` VALUES ('42', '0');
INSERT INTO `mc_product_to_store` VALUES ('43', '0');
INSERT INTO `mc_product_to_store` VALUES ('44', '0');
INSERT INTO `mc_product_to_store` VALUES ('45', '0');
INSERT INTO `mc_product_to_store` VALUES ('46', '0');
INSERT INTO `mc_product_to_store` VALUES ('47', '0');
INSERT INTO `mc_product_to_store` VALUES ('48', '0');
INSERT INTO `mc_product_to_store` VALUES ('49', '0');

-- ----------------------------
-- Table structure for mc_pushurl
-- ----------------------------
DROP TABLE IF EXISTS `mc_pushurl`;
CREATE TABLE `mc_pushurl` (
  `pushurl_id` int(11) NOT NULL AUTO_INCREMENT,
  `url` varchar(255) NOT NULL,
  `pushed` tinyint(1) NOT NULL,
  `push_date` datetime NOT NULL,
  PRIMARY KEY (`pushurl_id`)
) ENGINE=MyISAM AUTO_INCREMENT=175 DEFAULT CHARSET=utf8;

-- ----------------------------
-- Records of mc_pushurl
-- ----------------------------

-- ----------------------------
-- Table structure for mc_recurring
-- ----------------------------
DROP TABLE IF EXISTS `mc_recurring`;
CREATE TABLE `mc_recurring` (
  `recurring_id` int(11) NOT NULL AUTO_INCREMENT,
  `price` decimal(10,4) NOT NULL,
  `frequency` enum('day','week','semi_month','month','year') NOT NULL,
  `duration` int(10) unsigned NOT NULL,
  `cycle` int(10) unsigned NOT NULL,
  `trial_status` tinyint(4) NOT NULL,
  `trial_price` decimal(10,4) NOT NULL,
  `trial_frequency` enum('day','week','semi_month','month','year') NOT NULL,
  `trial_duration` int(10) unsigned NOT NULL,
  `trial_cycle` int(10) unsigned NOT NULL,
  `status` tinyint(4) NOT NULL,
  `sort_order` int(11) NOT NULL,
  PRIMARY KEY (`recurring_id`)
) ENGINE=MyISAM DEFAULT CHARSET=utf8;

-- ----------------------------
-- Records of mc_recurring
-- ----------------------------

-- ----------------------------
-- Table structure for mc_recurring_description
-- ----------------------------
DROP TABLE IF EXISTS `mc_recurring_description`;
CREATE TABLE `mc_recurring_description` (
  `recurring_id` int(11) NOT NULL,
  `language_id` int(11) NOT NULL,
  `name` varchar(255) NOT NULL,
  PRIMARY KEY (`recurring_id`,`language_id`)
) ENGINE=MyISAM DEFAULT CHARSET=utf8;

-- ----------------------------
-- Records of mc_recurring_description
-- ----------------------------

-- ----------------------------
-- Table structure for mc_return
-- ----------------------------
DROP TABLE IF EXISTS `mc_return`;
CREATE TABLE `mc_return` (
  `return_id` int(11) NOT NULL AUTO_INCREMENT,
  `order_id` int(11) NOT NULL,
  `product_id` int(11) NOT NULL,
  `customer_id` int(11) NOT NULL,
  `firstname` varchar(32) NOT NULL,
  `lastname` varchar(32) NOT NULL,
  `email` varchar(96) NOT NULL,
  `telephone` varchar(32) NOT NULL,
  `product` varchar(255) NOT NULL,
  `model` varchar(64) NOT NULL,
  `quantity` int(4) NOT NULL,
  `opened` tinyint(1) NOT NULL,
  `return_reason_id` int(11) NOT NULL,
  `return_action_id` int(11) NOT NULL,
  `return_status_id` int(11) NOT NULL,
  `comment` text,
  `date_ordered` date NOT NULL DEFAULT '0000-00-00',
  `date_added` datetime NOT NULL,
  `date_modified` datetime NOT NULL,
  PRIMARY KEY (`return_id`)
) ENGINE=MyISAM DEFAULT CHARSET=utf8;

-- ----------------------------
-- Records of mc_return
-- ----------------------------

-- ----------------------------
-- Table structure for mc_return_action
-- ----------------------------
DROP TABLE IF EXISTS `mc_return_action`;
CREATE TABLE `mc_return_action` (
  `return_action_id` int(11) NOT NULL AUTO_INCREMENT,
  `language_id` int(11) NOT NULL DEFAULT '0',
  `name` varchar(64) NOT NULL,
  PRIMARY KEY (`return_action_id`,`language_id`)
) ENGINE=MyISAM AUTO_INCREMENT=4 DEFAULT CHARSET=utf8;

-- ----------------------------
-- Records of mc_return_action
-- ----------------------------
INSERT INTO `mc_return_action` VALUES ('1', '3', '已退款');
INSERT INTO `mc_return_action` VALUES ('2', '3', '退款至账户余额');
INSERT INTO `mc_return_action` VALUES ('1', '2', 'Refunded');
INSERT INTO `mc_return_action` VALUES ('2', '2', 'Credit Issued');
INSERT INTO `mc_return_action` VALUES ('3', '2', 'Replacement Sent');
INSERT INTO `mc_return_action` VALUES ('1', '1', '已退款');
INSERT INTO `mc_return_action` VALUES ('2', '1', '退款至账户余额');
INSERT INTO `mc_return_action` VALUES ('3', '1', '已换货配送');
INSERT INTO `mc_return_action` VALUES ('3', '3', '已换货配送');

-- ----------------------------
-- Table structure for mc_return_history
-- ----------------------------
DROP TABLE IF EXISTS `mc_return_history`;
CREATE TABLE `mc_return_history` (
  `return_history_id` int(11) NOT NULL AUTO_INCREMENT,
  `return_id` int(11) NOT NULL,
  `return_status_id` int(11) NOT NULL,
  `notify` tinyint(1) NOT NULL,
  `comment` text NOT NULL,
  `date_added` datetime NOT NULL,
  PRIMARY KEY (`return_history_id`)
) ENGINE=MyISAM DEFAULT CHARSET=utf8;

-- ----------------------------
-- Records of mc_return_history
-- ----------------------------

-- ----------------------------
-- Table structure for mc_return_reason
-- ----------------------------
DROP TABLE IF EXISTS `mc_return_reason`;
CREATE TABLE `mc_return_reason` (
  `return_reason_id` int(11) NOT NULL AUTO_INCREMENT,
  `language_id` int(11) NOT NULL DEFAULT '0',
  `name` varchar(128) NOT NULL,
  PRIMARY KEY (`return_reason_id`,`language_id`)
) ENGINE=MyISAM AUTO_INCREMENT=6 DEFAULT CHARSET=utf8;

-- ----------------------------
-- Records of mc_return_reason
-- ----------------------------
INSERT INTO `mc_return_reason` VALUES ('2', '3', '收到错误物品');
INSERT INTO `mc_return_reason` VALUES ('5', '3', '其他，请提供详细信息');
INSERT INTO `mc_return_reason` VALUES ('1', '3', '收到货物时已使用不上');
INSERT INTO `mc_return_reason` VALUES ('4', '3', '有瑕疵，请提供详细信息');
INSERT INTO `mc_return_reason` VALUES ('3', '3', '订单错误');
INSERT INTO `mc_return_reason` VALUES ('1', '2', 'Dead On Arrival');
INSERT INTO `mc_return_reason` VALUES ('2', '2', 'Received Wrong Item');
INSERT INTO `mc_return_reason` VALUES ('3', '2', 'Order Error');
INSERT INTO `mc_return_reason` VALUES ('4', '2', 'Faulty, please supply details');
INSERT INTO `mc_return_reason` VALUES ('5', '2', 'Other, please supply details');
INSERT INTO `mc_return_reason` VALUES ('1', '1', '收到货物时已使用不上');
INSERT INTO `mc_return_reason` VALUES ('2', '1', '收到错误物品');
INSERT INTO `mc_return_reason` VALUES ('3', '1', '订单错误');
INSERT INTO `mc_return_reason` VALUES ('4', '1', '有瑕疵，请提供详细信息');
INSERT INTO `mc_return_reason` VALUES ('5', '1', '其他，请提供详细信息');

-- ----------------------------
-- Table structure for mc_return_status
-- ----------------------------
DROP TABLE IF EXISTS `mc_return_status`;
CREATE TABLE `mc_return_status` (
  `return_status_id` int(11) NOT NULL AUTO_INCREMENT,
  `language_id` int(11) NOT NULL DEFAULT '0',
  `name` varchar(32) NOT NULL,
  PRIMARY KEY (`return_status_id`,`language_id`)
) ENGINE=MyISAM AUTO_INCREMENT=4 DEFAULT CHARSET=utf8;

-- ----------------------------
-- Records of mc_return_status
-- ----------------------------
INSERT INTO `mc_return_status` VALUES ('2', '3', '等待商品退回');
INSERT INTO `mc_return_status` VALUES ('1', '3', '等待处理');
INSERT INTO `mc_return_status` VALUES ('1', '2', 'Pending');
INSERT INTO `mc_return_status` VALUES ('3', '2', 'Complete');
INSERT INTO `mc_return_status` VALUES ('2', '2', 'Awaiting Products');
INSERT INTO `mc_return_status` VALUES ('1', '1', '等待处理');
INSERT INTO `mc_return_status` VALUES ('3', '1', '完成');
INSERT INTO `mc_return_status` VALUES ('2', '1', '等待商品退回');
INSERT INTO `mc_return_status` VALUES ('3', '3', '完成');

-- ----------------------------
-- Table structure for mc_review
-- ----------------------------
DROP TABLE IF EXISTS `mc_review`;
CREATE TABLE `mc_review` (
  `review_id` int(11) NOT NULL AUTO_INCREMENT,
  `product_id` int(11) NOT NULL,
  `customer_id` int(11) NOT NULL,
  `author` varchar(64) NOT NULL,
  `text` text NOT NULL,
  `rating` int(1) NOT NULL,
  `status` tinyint(1) NOT NULL DEFAULT '0',
  `date_added` datetime NOT NULL,
  `date_modified` datetime NOT NULL,
  PRIMARY KEY (`review_id`),
  KEY `product_id` (`product_id`)
) ENGINE=MyISAM DEFAULT CHARSET=utf8;

-- ----------------------------
-- Records of mc_review
-- ----------------------------

-- ----------------------------
-- Table structure for mc_seo_url
-- ----------------------------
DROP TABLE IF EXISTS `mc_seo_url`;
CREATE TABLE `mc_seo_url` (
  `seo_url_id` int(11) NOT NULL AUTO_INCREMENT,
  `store_id` int(11) NOT NULL,
  `language_id` int(11) NOT NULL,
  `query` varchar(255) NOT NULL,
  `keyword` varchar(255) NOT NULL,
  PRIMARY KEY (`seo_url_id`),
  KEY `query` (`query`),
  KEY `keyword` (`keyword`)
) ENGINE=MyISAM AUTO_INCREMENT=1022 DEFAULT CHARSET=utf8;

-- ----------------------------
-- Records of mc_seo_url
-- ----------------------------
INSERT INTO `mc_seo_url` VALUES ('941', '0', '0', 'product_id=34', 'ipod-shuffle');
INSERT INTO `mc_seo_url` VALUES ('929', '0', '0', 'category_id=52', 'test20');
INSERT INTO `mc_seo_url` VALUES ('926', '0', '0', 'category_id=49', 'test17');
INSERT INTO `mc_seo_url` VALUES ('925', '0', '0', 'category_id=48', 'test16');
INSERT INTO `mc_seo_url` VALUES ('730', '0', '1', 'manufacturer_id=8', 'apple');
INSERT INTO `mc_seo_url` VALUES ('772', '0', '1', 'information_id=4', 'about_us');
INSERT INTO `mc_seo_url` VALUES ('948', '0', '0', 'product_id=44', 'macbook-air');
INSERT INTO `mc_seo_url` VALUES ('927', '0', '0', 'category_id=50', 'test18');
INSERT INTO `mc_seo_url` VALUES ('923', '0', '0', 'category_id=44', 'test12');
INSERT INTO `mc_seo_url` VALUES ('774', '0', '1', 'category_id=18', 'laptop-notebook');
INSERT INTO `mc_seo_url` VALUES ('775', '0', '1', 'category_id=46', 'macs');
INSERT INTO `mc_seo_url` VALUES ('776', '0', '1', 'category_id=45', 'windows');
INSERT INTO `mc_seo_url` VALUES ('928', '0', '0', 'category_id=51', 'test19');
INSERT INTO `mc_seo_url` VALUES ('922', '0', '0', 'category_id=43', 'test11');
INSERT INTO `mc_seo_url` VALUES ('924', '0', '0', 'category_id=47', 'test15');
INSERT INTO `mc_seo_url` VALUES ('921', '0', '0', 'category_id=42', 'test9');
INSERT INTO `mc_seo_url` VALUES ('918', '0', '0', 'category_id=39', 'test6');
INSERT INTO `mc_seo_url` VALUES ('919', '0', '0', 'category_id=40', 'test7');
INSERT INTO `mc_seo_url` VALUES ('920', '0', '0', 'category_id=41', 'test8');
INSERT INTO `mc_seo_url` VALUES ('787', '0', '1', 'category_id=24', 'smartphone');
INSERT INTO `mc_seo_url` VALUES ('788', '0', '1', 'category_id=33', 'camera');
INSERT INTO `mc_seo_url` VALUES ('916', '0', '0', 'category_id=37', 'test5');
INSERT INTO `mc_seo_url` VALUES ('915', '0', '0', 'category_id=31', 'scanner');
INSERT INTO `mc_seo_url` VALUES ('914', '0', '0', 'category_id=30', 'printer');
INSERT INTO `mc_seo_url` VALUES ('913', '0', '0', 'category_id=29', 'mouse');
INSERT INTO `mc_seo_url` VALUES ('912', '0', '0', 'category_id=57', 'tablet');
INSERT INTO `mc_seo_url` VALUES ('911', '0', '0', 'category_id=36', 'test2');
INSERT INTO `mc_seo_url` VALUES ('910', '0', '0', 'category_id=35', 'test1');
INSERT INTO `mc_seo_url` VALUES ('909', '0', '0', 'category_id=32', 'web-camera');
INSERT INTO `mc_seo_url` VALUES ('902', '0', '0', 'category_id=20', 'desktops');
INSERT INTO `mc_seo_url` VALUES ('908', '0', '0', 'category_id=28', 'monitor');
INSERT INTO `mc_seo_url` VALUES ('907', '0', '0', 'category_id=27', 'mac');
INSERT INTO `mc_seo_url` VALUES ('903', '0', '0', 'category_id=25', 'component');
INSERT INTO `mc_seo_url` VALUES ('904', '0', '0', 'category_id=17', 'software');
INSERT INTO `mc_seo_url` VALUES ('905', '0', '0', 'category_id=34', 'mp3-players');
INSERT INTO `mc_seo_url` VALUES ('906', '0', '0', 'category_id=26', 'pc');
INSERT INTO `mc_seo_url` VALUES ('917', '0', '0', 'category_id=38', 'test4');
INSERT INTO `mc_seo_url` VALUES ('942', '0', '0', 'product_id=35', 'product-8');
INSERT INTO `mc_seo_url` VALUES ('946', '0', '0', 'product_id=42', 'test');
INSERT INTO `mc_seo_url` VALUES ('943', '0', '0', 'product_id=36', 'ipod-nano');
INSERT INTO `mc_seo_url` VALUES ('944', '0', '0', 'product_id=40', 'iphone');
INSERT INTO `mc_seo_url` VALUES ('945', '0', '0', 'product_id=41', 'imac');
INSERT INTO `mc_seo_url` VALUES ('935', '0', '0', 'product_id=28', 'htc-touch-hd');
INSERT INTO `mc_seo_url` VALUES ('936', '0', '0', 'product_id=29', 'palm-treo-pro');
INSERT INTO `mc_seo_url` VALUES ('937', '0', '0', 'product_id=30', 'canon-eos-5d');
INSERT INTO `mc_seo_url` VALUES ('938', '0', '0', 'product_id=31', 'nikon-d300');
INSERT INTO `mc_seo_url` VALUES ('939', '0', '0', 'product_id=32', 'ipod-touch');
INSERT INTO `mc_seo_url` VALUES ('940', '0', '0', 'product_id=33', 'samsung-syncmaster-941bw');
INSERT INTO `mc_seo_url` VALUES ('828', '0', '1', 'manufacturer_id=9', 'canon');
INSERT INTO `mc_seo_url` VALUES ('829', '0', '1', 'manufacturer_id=5', 'htc');
INSERT INTO `mc_seo_url` VALUES ('830', '0', '1', 'manufacturer_id=7', 'hewlett-packard');
INSERT INTO `mc_seo_url` VALUES ('831', '0', '1', 'manufacturer_id=6', 'palm');
INSERT INTO `mc_seo_url` VALUES ('832', '0', '1', 'manufacturer_id=10', 'sony');
INSERT INTO `mc_seo_url` VALUES ('841', '0', '1', 'information_id=6', 'delivery');
INSERT INTO `mc_seo_url` VALUES ('842', '0', '1', 'information_id=3', 'privacy');
INSERT INTO `mc_seo_url` VALUES ('843', '0', '1', 'information_id=5', 'terms');
INSERT INTO `mc_seo_url` VALUES ('1012', '0', '3', 'blog_category_id=8', '唤-醒-人-类');
INSERT INTO `mc_seo_url` VALUES ('1003', '0', '3', 'blog_category_id=10', '与-神-合-一');
INSERT INTO `mc_seo_url` VALUES ('1015', '0', '3', 'blog_id=16', '测-试-文-章');
INSERT INTO `mc_seo_url` VALUES ('1014', '0', '1', 'blog_id=16', '测试文章');
INSERT INTO `mc_seo_url` VALUES ('1013', '0', '2', 'blog_id=16', 'Testing-Article');
INSERT INTO `mc_seo_url` VALUES ('887', '0', '2', 'blog_id=2', 'blog-2');
INSERT INTO `mc_seo_url` VALUES ('888', '0', '1', 'blog_id=2', '你对自己的意愿也即是神对你的意愿每件事都是神圣的存在');
INSERT INTO `mc_seo_url` VALUES ('889', '0', '3', 'blog_id=2', '你对自己的意愿也即是神对你的意愿-每件事都是神圣的存在');
INSERT INTO `mc_seo_url` VALUES ('956', '0', '3', 'press_category_id=1', '新-闻-分-类-一');
INSERT INTO `mc_seo_url` VALUES ('955', '0', '1', 'press_category_id=1', '新闻分类一');
INSERT INTO `mc_seo_url` VALUES ('954', '0', '2', 'press_category_id=1', 'Press Category One');
INSERT INTO `mc_seo_url` VALUES ('893', '0', '2', 'press_id=10', 'Press One');
INSERT INTO `mc_seo_url` VALUES ('894', '0', '1', 'press_id=10', '新闻1');
INSERT INTO `mc_seo_url` VALUES ('895', '0', '3', 'press_id=10', '新-闻-一');
INSERT INTO `mc_seo_url` VALUES ('896', '0', '2', 'faq_category_id=13', 'Faq-One');
INSERT INTO `mc_seo_url` VALUES ('897', '0', '1', 'faq_category_id=13', '常见问题分类一');
INSERT INTO `mc_seo_url` VALUES ('898', '0', '3', 'faq_category_id=13', '常-见-问-题-分-类-一');
INSERT INTO `mc_seo_url` VALUES ('930', '0', '0', 'category_id=53', 'test21');
INSERT INTO `mc_seo_url` VALUES ('931', '0', '0', 'category_id=54', 'test22');
INSERT INTO `mc_seo_url` VALUES ('932', '0', '0', 'category_id=55', 'test23');
INSERT INTO `mc_seo_url` VALUES ('933', '0', '0', 'category_id=56', 'test24');
INSERT INTO `mc_seo_url` VALUES ('934', '0', '0', 'category_id=58', 'test25');
INSERT INTO `mc_seo_url` VALUES ('949', '0', '0', 'product_id=45', 'macbook-pro');
INSERT INTO `mc_seo_url` VALUES ('950', '0', '0', 'product_id=46', 'sony-vaio');
INSERT INTO `mc_seo_url` VALUES ('951', '0', '0', 'product_id=47', 'hp-lp3065');
INSERT INTO `mc_seo_url` VALUES ('952', '0', '0', 'product_id=48', 'ipod-classic');
INSERT INTO `mc_seo_url` VALUES ('953', '0', '0', 'product_id=49', 'samsung-galaxy-tab-10-1');
INSERT INTO `mc_seo_url` VALUES ('957', '0', '2', 'press_category_id=2', 'press-category-two');
INSERT INTO `mc_seo_url` VALUES ('958', '0', '1', 'press_category_id=2', '新闻分类二');
INSERT INTO `mc_seo_url` VALUES ('959', '0', '3', 'press_category_id=2', '新-闻-分-类-二');
INSERT INTO `mc_seo_url` VALUES ('962', '0', '2', 'press_category_id=7', 'press-category-three');
INSERT INTO `mc_seo_url` VALUES ('963', '0', '1', 'press_category_id=7', '新闻分类三');
INSERT INTO `mc_seo_url` VALUES ('964', '0', '3', 'press_category_id=7', '新-闻-分-类-三');
INSERT INTO `mc_seo_url` VALUES ('993', '0', '1', 'blog_category_id=1', '与神对话1');
INSERT INTO `mc_seo_url` VALUES ('992', '0', '2', 'blog_category_id=1', 'conversation-with-god-1');
INSERT INTO `mc_seo_url` VALUES ('968', '0', '2', 'blog_category_id=2', 'conversation-with-god-2');
INSERT INTO `mc_seo_url` VALUES ('969', '0', '1', 'blog_category_id=2', '与神对话2');
INSERT INTO `mc_seo_url` VALUES ('970', '0', '3', 'blog_category_id=2', '与-神-对-话-2');
INSERT INTO `mc_seo_url` VALUES ('996', '0', '1', 'blog_category_id=6', '与神对话3');
INSERT INTO `mc_seo_url` VALUES ('995', '0', '2', 'blog_category_id=6', 'conversation-with-god-3');
INSERT INTO `mc_seo_url` VALUES ('1010', '0', '2', 'blog_category_id=8', 'awaken-the-species');
INSERT INTO `mc_seo_url` VALUES ('1011', '0', '1', 'blog_category_id=8', '唤醒人类');
INSERT INTO `mc_seo_url` VALUES ('1000', '0', '3', 'blog_category_id=9', '与-神-为-友');
INSERT INTO `mc_seo_url` VALUES ('999', '0', '1', 'blog_category_id=9', '与神为友');
INSERT INTO `mc_seo_url` VALUES ('980', '0', '2', 'press_id=1', 'press-1');
INSERT INTO `mc_seo_url` VALUES ('981', '0', '1', 'press_id=1', '新闻1');
INSERT INTO `mc_seo_url` VALUES ('982', '0', '3', 'press_id=1', '新-闻-1');
INSERT INTO `mc_seo_url` VALUES ('998', '0', '2', 'blog_category_id=9', 'be-friend-with-god');
INSERT INTO `mc_seo_url` VALUES ('1002', '0', '1', 'blog_category_id=10', '与神合一');
INSERT INTO `mc_seo_url` VALUES ('1001', '0', '2', 'blog_category_id=10', 'oneness-with-god');
INSERT INTO `mc_seo_url` VALUES ('1006', '0', '3', 'blog_category_id=11', '与-神-回-家');
INSERT INTO `mc_seo_url` VALUES ('1005', '0', '1', 'blog_category_id=11', '与神回家');
INSERT INTO `mc_seo_url` VALUES ('1004', '0', '2', 'blog_category_id=11', 'home-with-god');
INSERT INTO `mc_seo_url` VALUES ('994', '0', '3', 'blog_category_id=1', '与-神-对-话-1');
INSERT INTO `mc_seo_url` VALUES ('997', '0', '3', 'blog_category_id=6', '与-神-对-话-3');

-- ----------------------------
-- Table structure for mc_session
-- ----------------------------
DROP TABLE IF EXISTS `mc_session`;
CREATE TABLE `mc_session` (
  `session_id` varchar(32) NOT NULL,
  `data` text NOT NULL,
  `expire` datetime NOT NULL,
  PRIMARY KEY (`session_id`)
) ENGINE=InnoDB DEFAULT CHARSET=utf8;

-- ----------------------------
-- Records of mc_session
-- ----------------------------
INSERT INTO `mc_session` VALUES ('14cbe8c11a1a16d789b8bd6225', '{\"api_id\":\"2\"}', '2019-03-28 17:43:17');
INSERT INTO `mc_session` VALUES ('24698c0b8d1bf8999d441fa49a', '{\"api_id\":\"2\"}', '2019-03-27 17:12:20');
INSERT INTO `mc_session` VALUES ('41403e4d5514048160796d03af', '{\"api_id\":\"2\"}', '2019-03-26 11:58:44');
INSERT INTO `mc_session` VALUES ('4cf9f0acfbc897e402002d0da8', '{\"api_id\":\"2\"}', '2019-03-27 17:05:31');
INSERT INTO `mc_session` VALUES ('4fba0b3dcd2ae3e2df244bd6a1', '{\"api_id\":\"2\"}', '2019-03-28 17:52:52');
INSERT INTO `mc_session` VALUES ('4fbef6f953c2c24b756a976121', '{\"api_id\":\"2\"}', '2019-03-28 17:53:17');
INSERT INTO `mc_session` VALUES ('56d330b9661bc516d1cc4eb9ef', '{\"api_id\":\"2\"}', '2019-03-27 16:52:52');
INSERT INTO `mc_session` VALUES ('761708b5dea965b11b7205a101', '{\"api_id\":\"2\"}', '2019-03-26 14:48:31');
INSERT INTO `mc_session` VALUES ('99300c7e33fd9bff8b07ad45f6', '{\"api_id\":\"2\"}', '2019-03-27 16:46:34');
INSERT INTO `mc_session` VALUES ('9b959657fc460485839153999a', '{\"api_id\":\"2\"}', '2019-03-26 11:59:45');
INSERT INTO `mc_session` VALUES ('acb8f0e6b7bfb40c49b8ad964b', '{\"api_id\":\"2\"}', '2019-03-26 16:22:59');
INSERT INTO `mc_session` VALUES ('d6f02c18ae34385b7a81019ddd', '{\"language\":\"zh-cn\",\"currency\":\"CNY\",\"user_id\":\"1\",\"user_token\":\"z7aKYAZYCbzvs4T7XUO5eZvuewKviAlF\",\"captcha\":\"9c7b96\"}', '2019-03-28 19:24:23');
INSERT INTO `mc_session` VALUES ('e004f02b2a0d03d90cad8552cf', '{\"api_id\":\"2\"}', '2019-03-27 17:11:32');

-- ----------------------------
-- Table structure for mc_setting
-- ----------------------------
DROP TABLE IF EXISTS `mc_setting`;
CREATE TABLE `mc_setting` (
  `setting_id` int(11) NOT NULL AUTO_INCREMENT,
  `store_id` int(11) NOT NULL DEFAULT '0',
  `code` varchar(128) NOT NULL,
  `key` varchar(128) NOT NULL,
  `value` text NOT NULL,
  `serialized` tinyint(1) NOT NULL,
  PRIMARY KEY (`setting_id`)
) ENGINE=MyISAM AUTO_INCREMENT=5029 DEFAULT CHARSET=utf8;

-- ----------------------------
-- Records of mc_setting
-- ----------------------------
INSERT INTO `mc_setting` VALUES ('5019', '0', 'config', 'config_file_max_size', '300000', '0');
INSERT INTO `mc_setting` VALUES ('5020', '0', 'config', 'config_file_ext_allowed', 'zip\r\ntxt\r\npng\r\njpe\r\njpeg\r\njpg\r\ngif\r\nbmp\r\nico\r\ntiff\r\ntif\r\nsvg\r\nsvgz\r\nzip\r\nrar\r\nmsi\r\ncab\r\nmp3\r\nqt\r\nmov\r\npdf\r\npsd\r\nai\r\neps\r\nps\r\ndoc', '0');
INSERT INTO `mc_setting` VALUES ('5021', '0', 'config', 'config_file_mime_allowed', 'text/plain\r\nimage/png\r\nimage/jpeg\r\nimage/gif\r\nimage/bmp\r\nimage/tiff\r\nimage/svg+xml\r\napplication/zip\r\n&quot;application/zip&quot;\r\napplication/x-zip\r\n&quot;application/x-zip&quot;\r\napplication/x-zip-compressed\r\n&quot;application/x-zip-compressed&quot;\r\napplication/rar\r\n&quot;application/rar&quot;\r\napplication/x-rar\r\n&quot;application/x-rar&quot;\r\napplication/x-rar-compressed\r\n&quot;application/x-rar-compressed&quot;\r\napplication/octet-stream\r\n&quot;application/octet-stream&quot;\r\naudio/mpeg\r\nvideo/quicktime\r\napplication/pdf', '0');
INSERT INTO `mc_setting` VALUES ('5003', '0', 'config', 'config_mail_parameter', '', '0');
INSERT INTO `mc_setting` VALUES ('5004', '0', 'config', 'config_mail_smtp_hostname', '', '0');
INSERT INTO `mc_setting` VALUES ('5005', '0', 'config', 'config_mail_smtp_username', '', '0');
INSERT INTO `mc_setting` VALUES ('5006', '0', 'config', 'config_mail_smtp_password', '', '0');
INSERT INTO `mc_setting` VALUES ('5007', '0', 'config', 'config_mail_smtp_port', '25', '0');
INSERT INTO `mc_setting` VALUES ('5008', '0', 'config', 'config_mail_smtp_timeout', '5', '0');
INSERT INTO `mc_setting` VALUES ('5009', '0', 'config', 'config_mail_alert', '[\"account\",\"affiliate\",\"order\",\"review\"]', '1');
INSERT INTO `mc_setting` VALUES ('5010', '0', 'config', 'config_mail_alert_email', '', '0');
INSERT INTO `mc_setting` VALUES ('5011', '0', 'config', 'config_maintenance', '0', '0');
INSERT INTO `mc_setting` VALUES ('5012', '0', 'config', 'config_seo_url', '0', '0');
INSERT INTO `mc_setting` VALUES ('5013', '0', 'config', 'config_robots', 'abot\r\ndbot\r\nebot\r\nhbot\r\nkbot\r\nlbot\r\nmbot\r\nnbot\r\nobot\r\npbot\r\nrbot\r\nsbot\r\ntbot\r\nvbot\r\nybot\r\nzbot\r\nbot.\r\nbot/\r\n_bot\r\n.bot\r\n/bot\r\n-bot\r\n:bot\r\n(bot\r\ncrawl\r\nslurp\r\nspider\r\nseek\r\naccoona\r\nacoon\r\nadressendeutschland\r\nah-ha.com\r\nahoy\r\naltavista\r\nananzi\r\nanthill\r\nappie\r\narachnophilia\r\narale\r\naraneo\r\naranha\r\narchitext\r\naretha\r\narks\r\nasterias\r\natlocal\r\natn\r\natomz\r\naugurfind\r\nbackrub\r\nbannana_bot\r\nbaypup\r\nbdfetch\r\nbig brother\r\nbiglotron\r\nbjaaland\r\nblackwidow\r\nblaiz\r\nblog\r\nblo.\r\nbloodhound\r\nboitho\r\nbooch\r\nbradley\r\nbutterfly\r\ncalif\r\ncassandra\r\nccubee\r\ncfetch\r\ncharlotte\r\nchurl\r\ncienciaficcion\r\ncmc\r\ncollective\r\ncomagent\r\ncombine\r\ncomputingsite\r\ncsci\r\ncurl\r\ncusco\r\ndaumoa\r\ndeepindex\r\ndelorie\r\ndepspid\r\ndeweb\r\ndie blinde kuh\r\ndigger\r\nditto\r\ndmoz\r\ndocomo\r\ndownload express\r\ndtaagent\r\ndwcp\r\nebiness\r\nebingbong\r\ne-collector\r\nejupiter\r\nemacs-w3 search engine\r\nesther\r\nevliya celebi\r\nezresult\r\nfalcon\r\nfelix ide\r\nferret\r\nfetchrover\r\nfido\r\nfindlinks\r\nfireball\r\nfish search\r\nfouineur\r\nfunnelweb\r\ngazz\r\ngcreep\r\ngenieknows\r\ngetterroboplus\r\ngeturl\r\nglx\r\ngoforit\r\ngolem\r\ngrabber\r\ngrapnel\r\ngralon\r\ngriffon\r\ngromit\r\ngrub\r\ngulliver\r\nhamahakki\r\nharvest\r\nhavindex\r\nhelix\r\nheritrix\r\nhku www octopus\r\nhomerweb\r\nhtdig\r\nhtml index\r\nhtml_analyzer\r\nhtmlgobble\r\nhubater\r\nhyper-decontextualizer\r\nia_archiver\r\nibm_planetwide\r\nichiro\r\niconsurf\r\niltrovatore\r\nimage.kapsi.net\r\nimagelock\r\nincywincy\r\nindexer\r\ninfobee\r\ninformant\r\ningrid\r\ninktomisearch.com\r\ninspector web\r\nintelliagent\r\ninternet shinchakubin\r\nip3000\r\niron33\r\nisraeli-search\r\nivia\r\njack\r\njakarta\r\njavabee\r\njetbot\r\njumpstation\r\nkatipo\r\nkdd-explorer\r\nkilroy\r\nknowledge\r\nkototoi\r\nkretrieve\r\nlabelgrabber\r\nlachesis\r\nlarbin\r\nlegs\r\nlibwww\r\nlinkalarm\r\nlink validator\r\nlinkscan\r\nlockon\r\nlwp\r\nlycos\r\nmagpie\r\nmantraagent\r\nmapoftheinternet\r\nmarvin/\r\nmattie\r\nmediafox\r\nmediapartners\r\nmercator\r\nmerzscope\r\nmicrosoft url control\r\nminirank\r\nmiva\r\nmj12\r\nmnogosearch\r\nmoget\r\nmonster\r\nmoose\r\nmotor\r\nmultitext\r\nmuncher\r\nmuscatferret\r\nmwd.search\r\nmyweb\r\nnajdi\r\nnameprotect\r\nnationaldirectory\r\nnazilla\r\nncsa beta\r\nnec-meshexplorer\r\nnederland.zoek\r\nnetcarta webmap engine\r\nnetmechanic\r\nnetresearchserver\r\nnetscoop\r\nnewscan-online\r\nnhse\r\nnokia6682/\r\nnomad\r\nnoyona\r\nnutch\r\nnzexplorer\r\nobjectssearch\r\noccam\r\nomni\r\nopen text\r\nopenfind\r\nopenintelligencedata\r\norb search\r\nosis-project\r\npack rat\r\npageboy\r\npagebull\r\npage_verifier\r\npanscient\r\nparasite\r\npartnersite\r\npatric\r\npear.\r\npegasus\r\nperegrinator\r\npgp key agent\r\nphantom\r\nphpdig\r\npicosearch\r\npiltdownman\r\npimptrain\r\npinpoint\r\npioneer\r\npiranha\r\nplumtreewebaccessor\r\npogodak\r\npoirot\r\npompos\r\npoppelsdorf\r\npoppi\r\npopular iconoclast\r\npsycheclone\r\npublisher\r\npython\r\nrambler\r\nraven search\r\nroach\r\nroad runner\r\nroadhouse\r\nrobbie\r\nrobofox\r\nrobozilla\r\nrules\r\nsalty\r\nsbider\r\nscooter\r\nscoutjet\r\nscrubby\r\nsearch.\r\nsearchprocess\r\nsemanticdiscovery\r\nsenrigan\r\nsg-scout\r\nshai\'hulud\r\nshark\r\nshopwiki\r\nsidewinder\r\nsift\r\nsilk\r\nsimmany\r\nsite searcher\r\nsite valet\r\nsitetech-rover\r\nskymob.com\r\nsleek\r\nsmartwit\r\nsna-\r\nsnappy\r\nsnooper\r\nsohu\r\nspeedfind\r\nsphere\r\nsphider\r\nspinner\r\nspyder\r\nsteeler/\r\nsuke\r\nsuntek\r\nsupersnooper\r\nsurfnomore\r\nsven\r\nsygol\r\nszukacz\r\ntach black widow\r\ntarantula\r\ntempleton\r\n/teoma\r\nt-h-u-n-d-e-r-s-t-o-n-e\r\ntheophrastus\r\ntitan\r\ntitin\r\ntkwww\r\ntoutatis\r\nt-rex\r\ntutorgig\r\ntwiceler\r\ntwisted\r\nucsd\r\nudmsearch\r\nurl check\r\nupdated\r\nvagabondo\r\nvalkyrie\r\nverticrawl\r\nvictoria\r\nvision-search\r\nvolcano\r\nvoyager/\r\nvoyager-hc\r\nw3c_validator\r\nw3m2\r\nw3mir\r\nwalker\r\nwallpaper\r\nwanderer\r\nwauuu\r\nwavefire\r\nweb core\r\nweb hopper\r\nweb wombat\r\nwebbandit\r\nwebcatcher\r\nwebcopy\r\nwebfoot\r\nweblayers\r\nweblinker\r\nweblog monitor\r\nwebmirror\r\nwebmonkey\r\nwebquest\r\nwebreaper\r\nwebsitepulse\r\nwebsnarf\r\nwebstolperer\r\nwebvac\r\nwebwalk\r\nwebwatch\r\nwebwombat\r\nwebzinger\r\nwhizbang\r\nwhowhere\r\nwild ferret\r\nworldlight\r\nwwwc\r\nwwwster\r\nxenu\r\nxget\r\nxift\r\nxirq\r\nyandex\r\nyanga\r\nyeti\r\nyodao\r\nzao\r\nzippp\r\nzyborg', '0');
INSERT INTO `mc_setting` VALUES ('5027', '0', 'config', 'config_encryption', 'vzA9ibUbFOaS4rnBQKDJ7GjHYlJ3kCBEF4aPlPrQ3mF9NzgfcEbVl47zJtFIO9p3YRHCluN6XJWdkZPcqnu5ukevJ25JJK4Mvyw054ns09lraWoFggk66bLlDkIyOq4TN1BxjMVD8gFOTiiTvokyKZ7NRk3G5lTU1uXDjO4Gu3NJIgsz6mtzyOEXQFp7q6QGfMtlT5OW1l2tITe6LK6vmLdM6Yy6XHt5Kzy0uar9E8Yf1RjbDwUGzrJtco2K29Pcbi6UzFkaepOqnnbIOovfxlRnkMlzBSOEspeJbYvV9JgrF9Qioil4RonkahkR5CgAXz0OGY9TxYpe6HIVnOghFfnsPnQy0LruFdTmb6rzcHMlfFv0HJqDHteJgvW8EeTUvaWKFZck7pM0xv3DkTTZII27oZigG6aJaC0erzMBnRmU5OtwTH6Jb85QTRNoj7o9jeSOivNTRgAuMEHL4QSCwImkacl8THOHeaHPdY72NPdBNWjjBDIJUAg0mCqf5qi2SjCEmYcMVikLRv1DkYPG3NGFRwL8ItROpSNq5dUkqstLn5WQXUzFK9ztdFUrQap3uM07JFG55drNWmqqfQgEhf5t4QLS8hPBu2T2Rz8RXpbpqb8gEKMElq4doOewR1nBIdOiVU9IvUdUWGY28fdicNp4LRl8wdRSwMkb1R29A97YCapN9BFKMmPTmOu4AUKpkGUUchC0JcjTUbCpJvIgKePZuIqIo9FwnRvI2XiGrCZhofrj2koq57eN8p6yp6uSnb4BYKVHLbSP3fRiJt5pKeQQaSPhuBqFAbq9d48HNPN97gGhITI8vbxJxtAyPtFS6uFvuRAA8Y9s0dOVSVnyyEjFNm8zFLp1YBAWeKZ7TYAaKYCq0su8aogGqExFnHhj27aC3QevI0spT5Et5FHMIFG25wNjzsy41L2eMLoehUKcVCnB2I9IPjr3un6pNkGILGzBuzVfQu28honTbsB91fDfJYKse7YICgdopuct2Ar3nyxWEIHjKdVws2znNPTD', '0');
INSERT INTO `mc_setting` VALUES ('5014', '0', 'config', 'config_compression', '0', '0');
INSERT INTO `mc_setting` VALUES ('5015', '0', 'config', 'config_secure', '0', '0');
INSERT INTO `mc_setting` VALUES ('5016', '0', 'config', 'config_password', '1', '0');
INSERT INTO `mc_setting` VALUES ('5017', '0', 'config', 'config_shared', '0', '0');
INSERT INTO `mc_setting` VALUES ('5002', '0', 'config', 'config_mail_engine', 'mail', '0');
INSERT INTO `mc_setting` VALUES ('5000', '0', 'config', 'config_logo', 'catalog/logo.png', '0');
INSERT INTO `mc_setting` VALUES ('5001', '0', 'config', 'config_icon', 'catalog/cart.png', '0');
INSERT INTO `mc_setting` VALUES ('4999', '0', 'config', 'config_limit_autocomplete', '50', '0');
INSERT INTO `mc_setting` VALUES ('4998', '0', 'config', 'config_sms_page', '[\"register\",\"edit_account\",\"order_admin\",\"order_customer\"]', '1');
INSERT INTO `mc_setting` VALUES ('670', '0', 'voucher', 'voucher_sort_order', '8', '0');
INSERT INTO `mc_setting` VALUES ('669', '0', 'voucher', 'voucher_status', '1', '0');
INSERT INTO `mc_setting` VALUES ('95', '0', 'free_checkout', 'free_checkout_status', '1', '0');
INSERT INTO `mc_setting` VALUES ('96', '0', 'free_checkout', 'free_checkout_order_status_id', '1', '0');
INSERT INTO `mc_setting` VALUES ('97', '0', 'shipping', 'shipping_sort_order', '3', '0');
INSERT INTO `mc_setting` VALUES ('98', '0', 'sub_total', 'sub_total_sort_order', '1', '0');
INSERT INTO `mc_setting` VALUES ('99', '0', 'sub_total', 'sub_total_status', '1', '0');
INSERT INTO `mc_setting` VALUES ('100', '0', 'tax', 'tax_status', '1', '0');
INSERT INTO `mc_setting` VALUES ('101', '0', 'total', 'total_sort_order', '9', '0');
INSERT INTO `mc_setting` VALUES ('102', '0', 'total', 'total_status', '1', '0');
INSERT INTO `mc_setting` VALUES ('103', '0', 'tax', 'tax_sort_order', '5', '0');
INSERT INTO `mc_setting` VALUES ('104', '0', 'free_checkout', 'free_checkout_sort_order', '1', '0');
INSERT INTO `mc_setting` VALUES ('105', '0', 'cod', 'cod_sort_order', '5', '0');
INSERT INTO `mc_setting` VALUES ('106', '0', 'cod', 'cod_total', '0.01', '0');
INSERT INTO `mc_setting` VALUES ('107', '0', 'cod', 'cod_order_status_id', '1', '0');
INSERT INTO `mc_setting` VALUES ('108', '0', 'cod', 'cod_geo_zone_id', '0', '0');
INSERT INTO `mc_setting` VALUES ('109', '0', 'cod', 'cod_status', '1', '0');
INSERT INTO `mc_setting` VALUES ('110', '0', 'shipping', 'shipping_status', '1', '0');
INSERT INTO `mc_setting` VALUES ('111', '0', 'shipping', 'shipping_estimator', '1', '0');
INSERT INTO `mc_setting` VALUES ('112', '0', 'coupon', 'coupon_sort_order', '4', '0');
INSERT INTO `mc_setting` VALUES ('113', '0', 'coupon', 'coupon_status', '1', '0');
INSERT INTO `mc_setting` VALUES ('114', '0', 'flat', 'flat_sort_order', '1', '0');
INSERT INTO `mc_setting` VALUES ('115', '0', 'flat', 'flat_status', '1', '0');
INSERT INTO `mc_setting` VALUES ('116', '0', 'flat', 'flat_geo_zone_id', '0', '0');
INSERT INTO `mc_setting` VALUES ('117', '0', 'flat', 'flat_tax_class_id', '9', '0');
INSERT INTO `mc_setting` VALUES ('118', '0', 'flat', 'flat_cost', '5.00', '0');
INSERT INTO `mc_setting` VALUES ('119', '0', 'credit', 'credit_sort_order', '7', '0');
INSERT INTO `mc_setting` VALUES ('120', '0', 'credit', 'credit_status', '1', '0');
INSERT INTO `mc_setting` VALUES ('121', '0', 'reward', 'reward_sort_order', '2', '0');
INSERT INTO `mc_setting` VALUES ('122', '0', 'reward', 'reward_status', '1', '0');
INSERT INTO `mc_setting` VALUES ('123', '0', 'category', 'category_status', '1', '0');
INSERT INTO `mc_setting` VALUES ('124', '0', 'account', 'account_status', '1', '0');
INSERT INTO `mc_setting` VALUES ('125', '0', 'affiliate', 'affiliate_status', '1', '0');
INSERT INTO `mc_setting` VALUES ('665', '0', 'theme_default', 'theme_default_image_cart_width', '47', '0');
INSERT INTO `mc_setting` VALUES ('664', '0', 'theme_default', 'theme_default_image_wishlist_height', '47', '0');
INSERT INTO `mc_setting` VALUES ('663', '0', 'theme_default', 'theme_default_image_wishlist_width', '47', '0');
INSERT INTO `mc_setting` VALUES ('662', '0', 'theme_default', 'theme_default_image_compare_height', '90', '0');
INSERT INTO `mc_setting` VALUES ('661', '0', 'theme_default', 'theme_default_image_compare_width', '90', '0');
INSERT INTO `mc_setting` VALUES ('660', '0', 'theme_default', 'theme_default_image_related_height', '200', '0');
INSERT INTO `mc_setting` VALUES ('659', '0', 'theme_default', 'theme_default_image_related_width', '200', '0');
INSERT INTO `mc_setting` VALUES ('658', '0', 'theme_default', 'theme_default_image_additional_height', '74', '0');
INSERT INTO `mc_setting` VALUES ('657', '0', 'theme_default', 'theme_default_image_additional_width', '74', '0');
INSERT INTO `mc_setting` VALUES ('656', '0', 'theme_default', 'theme_default_image_product_height', '228', '0');
INSERT INTO `mc_setting` VALUES ('655', '0', 'theme_default', 'theme_default_image_product_width', '228', '0');
INSERT INTO `mc_setting` VALUES ('654', '0', 'theme_default', 'theme_default_image_popup_height', '500', '0');
INSERT INTO `mc_setting` VALUES ('653', '0', 'theme_default', 'theme_default_image_popup_width', '500', '0');
INSERT INTO `mc_setting` VALUES ('652', '0', 'theme_default', 'theme_default_image_thumb_height', '228', '0');
INSERT INTO `mc_setting` VALUES ('651', '0', 'theme_default', 'theme_default_image_thumb_width', '228', '0');
INSERT INTO `mc_setting` VALUES ('650', '0', 'theme_default', 'theme_default_image_category_height', '80', '0');
INSERT INTO `mc_setting` VALUES ('649', '0', 'theme_default', 'theme_default_image_category_width', '80', '0');
INSERT INTO `mc_setting` VALUES ('648', '0', 'theme_default', 'theme_default_product_description_length', '100', '0');
INSERT INTO `mc_setting` VALUES ('647', '0', 'theme_default', 'theme_default_product_limit', '15', '0');
INSERT INTO `mc_setting` VALUES ('646', '0', 'theme_default', 'theme_default_status', '1', '0');
INSERT INTO `mc_setting` VALUES ('645', '0', 'theme_default', 'theme_default_directory', 'default', '0');
INSERT INTO `mc_setting` VALUES ('636', '0', 'dashboard_activity', 'dashboard_activity_sort_order', '7', '0');
INSERT INTO `mc_setting` VALUES ('635', '0', 'dashboard_activity', 'dashboard_activity_status', '1', '0');
INSERT INTO `mc_setting` VALUES ('152', '0', 'dashboard_sale', 'dashboard_sale_status', '1', '0');
INSERT INTO `mc_setting` VALUES ('153', '0', 'dashboard_sale', 'dashboard_sale_width', '3', '0');
INSERT INTO `mc_setting` VALUES ('154', '0', 'dashboard_chart', 'dashboard_chart_status', '1', '0');
INSERT INTO `mc_setting` VALUES ('155', '0', 'dashboard_chart', 'dashboard_chart_width', '6', '0');
INSERT INTO `mc_setting` VALUES ('156', '0', 'dashboard_customer', 'dashboard_customer_status', '1', '0');
INSERT INTO `mc_setting` VALUES ('157', '0', 'dashboard_customer', 'dashboard_customer_width', '3', '0');
INSERT INTO `mc_setting` VALUES ('158', '0', 'dashboard_map', 'dashboard_map_status', '1', '0');
INSERT INTO `mc_setting` VALUES ('159', '0', 'dashboard_map', 'dashboard_map_width', '6', '0');
INSERT INTO `mc_setting` VALUES ('160', '0', 'dashboard_online', 'dashboard_online_status', '1', '0');
INSERT INTO `mc_setting` VALUES ('161', '0', 'dashboard_online', 'dashboard_online_width', '3', '0');
INSERT INTO `mc_setting` VALUES ('162', '0', 'dashboard_order', 'dashboard_order_sort_order', '1', '0');
INSERT INTO `mc_setting` VALUES ('163', '0', 'dashboard_order', 'dashboard_order_status', '1', '0');
INSERT INTO `mc_setting` VALUES ('164', '0', 'dashboard_order', 'dashboard_order_width', '3', '0');
INSERT INTO `mc_setting` VALUES ('165', '0', 'dashboard_sale', 'dashboard_sale_sort_order', '2', '0');
INSERT INTO `mc_setting` VALUES ('166', '0', 'dashboard_customer', 'dashboard_customer_sort_order', '3', '0');
INSERT INTO `mc_setting` VALUES ('167', '0', 'dashboard_online', 'dashboard_online_sort_order', '4', '0');
INSERT INTO `mc_setting` VALUES ('168', '0', 'dashboard_map', 'dashboard_map_sort_order', '5', '0');
INSERT INTO `mc_setting` VALUES ('169', '0', 'dashboard_chart', 'dashboard_chart_sort_order', '6', '0');
INSERT INTO `mc_setting` VALUES ('170', '0', 'dashboard_recent', 'dashboard_recent_status', '1', '0');
INSERT INTO `mc_setting` VALUES ('171', '0', 'dashboard_recent', 'dashboard_recent_sort_order', '8', '0');
INSERT INTO `mc_setting` VALUES ('634', '0', 'dashboard_activity', 'dashboard_activity_width', '4', '0');
INSERT INTO `mc_setting` VALUES ('173', '0', 'dashboard_recent', 'dashboard_recent_width', '8', '0');
INSERT INTO `mc_setting` VALUES ('633', '0', 'basic_captcha', 'basic_captcha_status', '1', '0');
INSERT INTO `mc_setting` VALUES ('668', '0', 'theme_default', 'theme_default_image_location_height', '50', '0');
INSERT INTO `mc_setting` VALUES ('667', '0', 'theme_default', 'theme_default_image_location_width', '268', '0');
INSERT INTO `mc_setting` VALUES ('666', '0', 'theme_default', 'theme_default_image_cart_height', '47', '0');
INSERT INTO `mc_setting` VALUES ('4997', '0', 'config', 'config_sms', 'chuanglan', '0');
INSERT INTO `mc_setting` VALUES ('4996', '0', 'config', 'config_captcha_page', '[\"register\",\"guest\",\"review\",\"return\",\"contact\"]', '1');
INSERT INTO `mc_setting` VALUES ('4994', '0', 'config', 'config_return_status_id', '2', '0');
INSERT INTO `mc_setting` VALUES ('4995', '0', 'config', 'config_captcha', 'basic', '0');
INSERT INTO `mc_setting` VALUES ('4993', '0', 'config', 'config_return_id', '0', '0');
INSERT INTO `mc_setting` VALUES ('4992', '0', 'config', 'config_affiliate_id', '4', '0');
INSERT INTO `mc_setting` VALUES ('4991', '0', 'config', 'config_affiliate_commission', '5', '0');
INSERT INTO `mc_setting` VALUES ('4990', '0', 'config', 'config_affiliate_auto', '0', '0');
INSERT INTO `mc_setting` VALUES ('4989', '0', 'config', 'config_affiliate_approval', '0', '0');
INSERT INTO `mc_setting` VALUES ('4988', '0', 'config', 'config_affiliate_group_id', '2', '0');
INSERT INTO `mc_setting` VALUES ('4987', '0', 'config', 'config_stock_checkout', '0', '0');
INSERT INTO `mc_setting` VALUES ('4985', '0', 'config', 'config_stock_display', '1', '0');
INSERT INTO `mc_setting` VALUES ('4986', '0', 'config', 'config_stock_warning', '0', '0');
INSERT INTO `mc_setting` VALUES ('5028', '0', 'config', 'config_api_id', '2', '0');
INSERT INTO `mc_setting` VALUES ('4983', '0', 'config', 'config_fraud_status_id', '7', '0');
INSERT INTO `mc_setting` VALUES ('4727', '0', 'cms_press', 'cms_press_items_per_page', '20', '0');
INSERT INTO `mc_setting` VALUES ('4726', '0', 'cms_press', 'cms_press_brief_length', '200', '0');
INSERT INTO `mc_setting` VALUES ('4762', '0', 'cms_blog', 'cms_blog_show_blog_related', '1', '0');
INSERT INTO `mc_setting` VALUES ('4761', '0', 'cms_blog', 'cms_blog_product_related_per_row', '3', '0');
INSERT INTO `mc_setting` VALUES ('4760', '0', 'cms_blog', 'cms_blog_product_scroll_related', '0', '0');
INSERT INTO `mc_setting` VALUES ('4759', '0', 'cms_blog', 'cms_blog_show_product_related', '1', '0');
INSERT INTO `mc_setting` VALUES ('4758', '0', 'cms_blog', 'cms_blog_show_category', '1', '0');
INSERT INTO `mc_setting` VALUES ('4757', '0', 'cms_blog', 'cms_blog_show_author', '1', '0');
INSERT INTO `mc_setting` VALUES ('4756', '0', 'cms_blog', 'cms_blog_show_image', '1', '0');
INSERT INTO `mc_setting` VALUES ('4755', '0', 'cms_blog', 'cms_blog_show_title', '1', '0');
INSERT INTO `mc_setting` VALUES ('4754', '0', 'cms_blog', 'cms_blog_image_type', 'l', '0');
INSERT INTO `mc_setting` VALUES ('4753', '0', 'cms_blog', 'cms_blog_category_page_show_comment_counter', '1', '0');
INSERT INTO `mc_setting` VALUES ('4752', '0', 'cms_blog', 'cms_blog_category_page_show_hits', '1', '0');
INSERT INTO `mc_setting` VALUES ('4751', '0', 'cms_blog', 'cms_blog_category_page_show_created_date', '1', '0');
INSERT INTO `mc_setting` VALUES ('4750', '0', 'cms_blog', 'cms_blog_category_page_show_category', '1', '0');
INSERT INTO `mc_setting` VALUES ('4749', '0', 'cms_blog', 'cms_blog_category_page_show_author', '1', '0');
INSERT INTO `mc_setting` VALUES ('4748', '0', 'cms_blog', 'cms_blog_category_page_show_image', '1', '0');
INSERT INTO `mc_setting` VALUES ('4747', '0', 'cms_blog', 'cms_blog_category_page_show_readmore', '1', '0');
INSERT INTO `mc_setting` VALUES ('4746', '0', 'cms_blog', 'cms_blog_category_page_show_brief', '1', '0');
INSERT INTO `mc_setting` VALUES ('4745', '0', 'cms_blog', 'cms_blog_category_page_show_title', '1', '0');
INSERT INTO `mc_setting` VALUES ('4744', '0', 'cms_blog', 'cms_blog_category_columns_secondary_blogs', '  ', '0');
INSERT INTO `mc_setting` VALUES ('4743', '0', 'cms_blog', 'cms_blog_category_columns_leading_blog', '  ', '0');
INSERT INTO `mc_setting` VALUES ('4742', '0', 'cms_blog', 'cms_blog_category_secondary_image_type', 's', '0');
INSERT INTO `mc_setting` VALUES ('4776', '0', 'cms_faq', 'cms_faq_items_per_page', '20', '0');
INSERT INTO `mc_setting` VALUES ('1663', '0', 'blog_search', 'blog_search_status', '1', '0');
INSERT INTO `mc_setting` VALUES ('4359', '0', 'module_blog_category', 'module_blog_category_status', '1', '0');
INSERT INTO `mc_setting` VALUES ('4741', '0', 'cms_blog', 'cms_blog_category_leading_image_type', 'l', '0');
INSERT INTO `mc_setting` VALUES ('4740', '0', 'cms_blog', 'cms_blog_category_limit_secondary_blog', '', '0');
INSERT INTO `mc_setting` VALUES ('1761', '0', 'press_latest', 'press_latest_status', '1', '0');
INSERT INTO `mc_setting` VALUES ('4357', '0', 'module_press_category', 'module_press_category_status', '1', '0');
INSERT INTO `mc_setting` VALUES ('1763', '0', 'faq_category', 'faq_category_status', '1', '0');
INSERT INTO `mc_setting` VALUES ('4725', '0', 'cms_press', 'cms_press_description', '{\"2\":{\"title\":\"MyCnCart News\",\"meta_title\":\"MyCnCart News\",\"meta_description\":\"MyCnCart News\",\"meta_keyword\":\"MyCnCart, News\"},\"1\":{\"title\":\"MyCnCart \\u65b0\\u95fb\",\"meta_title\":\"MyCnCart \\u65b0\\u95fb\",\"meta_description\":\"MyCnCart \\u65b0\\u95fb\",\"meta_keyword\":\"MyCnCart, \\u65b0\\u95fb\"},\"3\":{\"title\":\"MyCnCart \\u65b0\\u805e\",\"meta_title\":\"MyCnCart \\u65b0\\u805e\",\"meta_description\":\"MyCnCart \\u65b0\\u805e\",\"meta_keyword\":\"MyCnCart, \\u65b0\\u805e\"}}', '1');
INSERT INTO `mc_setting` VALUES ('4775', '0', 'cms_faq', 'cms_faq_description', '{\"2\":{\"title\":\"FAQs\",\"meta_title\":\"FAQs\",\"meta_description\":\"FAQs\",\"meta_keyword\":\"FAQs\"},\"1\":{\"title\":\"\\u5e38\\u89c1\\u95ee\\u9898\\u4e0e\\u89e3\\u7b54(FAQs)\",\"meta_title\":\"\\u5e38\\u89c1\\u95ee\\u9898\\u4e0e\\u89e3\\u7b54(FAQs)\",\"meta_description\":\"\\u5e38\\u89c1\\u95ee\\u9898\\u4e0e\\u89e3\\u7b54(FAQs)\",\"meta_keyword\":\"\\u5e38\\u89c1\\u95ee\\u9898\\u4e0e\\u89e3\\u7b54(FAQs)\"},\"3\":{\"title\":\"\\u5e38\\u898b\\u554f\\u984c\\u8207\\u89e3\\u7b54(FAQs)\",\"meta_title\":\"\\u5e38\\u898b\\u554f\\u984c\\u8207\\u89e3\\u7b54(FAQs)\",\"meta_description\":\"\\u5e38\\u898b\\u554f\\u984c\\u8207\\u89e3\\u7b54(FAQs)\",\"meta_keyword\":\"\\u5e38\\u898b\\u554f\\u984c\\u8207\\u89e3\\u7b54(FAQs)\"}}', '1');
INSERT INTO `mc_setting` VALUES ('2571', '0', 'free', 'free_total', '0.01', '0');
INSERT INTO `mc_setting` VALUES ('2572', '0', 'free', 'free_geo_zone_id', '0', '0');
INSERT INTO `mc_setting` VALUES ('2573', '0', 'free', 'free_status', '1', '0');
INSERT INTO `mc_setting` VALUES ('2574', '0', 'free', 'free_sort_order', '2', '0');
INSERT INTO `mc_setting` VALUES ('4931', '0', 'chuanglan', 'chuanglan_password', '4sdAckaJeV39bc', '0');
INSERT INTO `mc_setting` VALUES ('4982', '0', 'config', 'config_complete_status', '[\"5\",\"3\"]', '1');
INSERT INTO `mc_setting` VALUES ('4981', '0', 'config', 'config_processing_status', '[\"2\",\"5\",\"3\",\"1\"]', '1');
INSERT INTO `mc_setting` VALUES ('4980', '0', 'config', 'config_order_status_id', '1', '0');
INSERT INTO `mc_setting` VALUES ('4979', '0', 'config', 'config_checkout_id', '5', '0');
INSERT INTO `mc_setting` VALUES ('4978', '0', 'config', 'config_checkout_guest', '1', '0');
INSERT INTO `mc_setting` VALUES ('4977', '0', 'config', 'config_cart_weight', '1', '0');
INSERT INTO `mc_setting` VALUES ('4976', '0', 'config', 'config_invoice_prefix', 'INV-2019-00', '0');
INSERT INTO `mc_setting` VALUES ('4975', '0', 'config', 'config_account_id', '3', '0');
INSERT INTO `mc_setting` VALUES ('4974', '0', 'config', 'config_login_attempts', '5', '0');
INSERT INTO `mc_setting` VALUES ('4973', '0', 'config', 'config_customer_price', '0', '0');
INSERT INTO `mc_setting` VALUES ('4972', '0', 'config', 'config_customer_group_display', '[\"1\"]', '1');
INSERT INTO `mc_setting` VALUES ('4971', '0', 'config', 'config_customer_group_id', '1', '0');
INSERT INTO `mc_setting` VALUES ('4970', '0', 'config', 'config_customer_search', '0', '0');
INSERT INTO `mc_setting` VALUES ('4969', '0', 'config', 'config_customer_activity', '0', '0');
INSERT INTO `mc_setting` VALUES ('4968', '0', 'config', 'config_customer_online', '0', '0');
INSERT INTO `mc_setting` VALUES ('4967', '0', 'config', 'config_tax_customer', '', '0');
INSERT INTO `mc_setting` VALUES ('4966', '0', 'config', 'config_tax_default', '', '0');
INSERT INTO `mc_setting` VALUES ('4965', '0', 'config', 'config_tax', '0', '0');
INSERT INTO `mc_setting` VALUES ('4964', '0', 'config', 'config_voucher_max', '1000', '0');
INSERT INTO `mc_setting` VALUES ('4963', '0', 'config', 'config_voucher_min', '1', '0');
INSERT INTO `mc_setting` VALUES ('3949', '0', 'shipping_flat', 'shipping_flat_cost', '5', '0');
INSERT INTO `mc_setting` VALUES ('3950', '0', 'shipping_flat', 'shipping_flat_tax_class_id', '0', '0');
INSERT INTO `mc_setting` VALUES ('3951', '0', 'shipping_flat', 'shipping_flat_geo_zone_id', '0', '0');
INSERT INTO `mc_setting` VALUES ('3952', '0', 'shipping_flat', 'shipping_flat_status', '1', '0');
INSERT INTO `mc_setting` VALUES ('3953', '0', 'shipping_flat', 'shipping_flat_sort_order', '', '0');
INSERT INTO `mc_setting` VALUES ('3954', '0', 'payment_free_checkout', 'payment_free_checkout_status', '1', '0');
INSERT INTO `mc_setting` VALUES ('3955', '0', 'payment_free_checkout', 'payment_free_checkout_sort_order', '', '0');
INSERT INTO `mc_setting` VALUES ('3956', '0', 'payment_cod', 'payment_cod_total', '0.01', '0');
INSERT INTO `mc_setting` VALUES ('3957', '0', 'payment_cod', 'payment_cod_order_status_id', '2', '0');
INSERT INTO `mc_setting` VALUES ('3958', '0', 'payment_cod', 'payment_cod_geo_zone_id', '0', '0');
INSERT INTO `mc_setting` VALUES ('3959', '0', 'payment_cod', 'payment_cod_status', '1', '0');
INSERT INTO `mc_setting` VALUES ('3960', '0', 'payment_cod', 'payment_cod_sort_order', '', '0');
INSERT INTO `mc_setting` VALUES ('3961', '0', 'total_coupon', 'total_coupon_status', '1', '0');
INSERT INTO `mc_setting` VALUES ('3962', '0', 'total_coupon', 'total_coupon_sort_order', '4', '0');
INSERT INTO `mc_setting` VALUES ('3963', '0', 'total_credit', 'total_credit_status', '1', '0');
INSERT INTO `mc_setting` VALUES ('3964', '0', 'total_credit', 'total_credit_sort_order', '7', '0');
INSERT INTO `mc_setting` VALUES ('3965', '0', 'total_sub_total', 'total_sub_total_status', '1', '0');
INSERT INTO `mc_setting` VALUES ('94', '0', 'total_sub_total', 'total_sub_total_sort_order', '1', '0');
INSERT INTO `mc_setting` VALUES ('3966', '0', 'total_total', 'total_total_status', '1', '0');
INSERT INTO `mc_setting` VALUES ('3967', '0', 'total_total', 'total_total_sort_order', '9', '0');
INSERT INTO `mc_setting` VALUES ('3968', '0', 'total_shipping', 'total_shipping_estimator', '1', '0');
INSERT INTO `mc_setting` VALUES ('3969', '0', 'total_shipping', 'total_shipping_status', '1', '0');
INSERT INTO `mc_setting` VALUES ('3970', '0', 'total_shipping', 'total_shipping_sort_order', '3', '0');
INSERT INTO `mc_setting` VALUES ('3971', '0', 'total_tax', 'total_tax_status', '1', '0');
INSERT INTO `mc_setting` VALUES ('3972', '0', 'total_tax', 'total_tax_sort_order', '5', '0');
INSERT INTO `mc_setting` VALUES ('3973', '0', 'total_voucher', 'total_voucher_status', '1', '0');
INSERT INTO `mc_setting` VALUES ('3974', '0', 'total_voucher', 'total_voucher_sort_order', '8', '0');
INSERT INTO `mc_setting` VALUES ('3975', '0', 'total_reward', 'total_reward_status', '1', '0');
INSERT INTO `mc_setting` VALUES ('3976', '0', 'total_reward', 'total_reward_sort_order', '2', '0');
INSERT INTO `mc_setting` VALUES ('4739', '0', 'cms_blog', 'cms_blog_category_limit_leading_blog', '', '0');
INSERT INTO `mc_setting` VALUES ('4738', '0', 'cms_blog', 'cms_blog_general_cheight', '', '0');
INSERT INTO `mc_setting` VALUES ('4737', '0', 'cms_blog', 'cms_blog_general_cwidth', '', '0');
INSERT INTO `mc_setting` VALUES ('4736', '0', 'cms_blog', 'cms_blog_children_columns', '', '0');
INSERT INTO `mc_setting` VALUES ('4735', '0', 'cms_blog', 'cms_blog_items_per_page', '20', '0');
INSERT INTO `mc_setting` VALUES ('4734', '0', 'cms_blog', 'cms_blog_small_image_height', '300', '0');
INSERT INTO `mc_setting` VALUES ('4733', '0', 'cms_blog', 'cms_blog_small_image_width', '620', '0');
INSERT INTO `mc_setting` VALUES ('4694', '0', 'captcha_basic', 'captcha_basic_status', '1', '0');
INSERT INTO `mc_setting` VALUES ('4962', '0', 'config', 'config_review_guest', '1', '0');
INSERT INTO `mc_setting` VALUES ('4307', '0', 'module_category', 'module_category_status', '1', '0');
INSERT INTO `mc_setting` VALUES ('4729', '0', 'cms_blog', 'cms_blog_large_image_width', '845', '0');
INSERT INTO `mc_setting` VALUES ('4730', '0', 'cms_blog', 'cms_blog_large_image_height', '300', '0');
INSERT INTO `mc_setting` VALUES ('4731', '0', 'cms_blog', 'cms_blog_middle_image_width', '620', '0');
INSERT INTO `mc_setting` VALUES ('4732', '0', 'cms_blog', 'cms_blog_middle_image_height', '300', '0');
INSERT INTO `mc_setting` VALUES ('4358', '0', 'module_faq_category', 'module_faq_category_status', '1', '0');
INSERT INTO `mc_setting` VALUES ('4360', '0', 'module_blog_search', 'module_blog_search_status', '1', '0');
INSERT INTO `mc_setting` VALUES ('4361', '0', 'module_press_latest', 'module_press_latest_status', '1', '0');
INSERT INTO `mc_setting` VALUES ('4728', '0', 'cms_blog', 'cms_blog_description', '{\"2\":{\"title\":\"MyCnCart Blog\",\"meta_title\":\"MyCnCart Blog\",\"meta_description\":\"MyCnCart Blog\",\"meta_keyword\":\"MyCnCart, Blog\"},\"1\":{\"title\":\"MyCnCart \\u535a\\u5ba2\",\"meta_title\":\"MyCnCart \\u535a\\u5ba2\",\"meta_description\":\"MyCnCart \\u535a\\u5ba2\",\"meta_keyword\":\"MyCnCart, \\u535a\\u5ba2\"},\"3\":{\"title\":\"MyCnCart \\u535a\\u5ba2\",\"meta_title\":\"MyCnCart \\u535a\\u5ba2\",\"meta_description\":\"MyCnCart \\u535a\\u5ba2\",\"meta_keyword\":\"MyCnCart, \\u535a\\u5ba2\"}}', '1');
INSERT INTO `mc_setting` VALUES ('4409', '0', 'module_qq_login', 'module_qq_login_appid', '101348698', '0');
INSERT INTO `mc_setting` VALUES ('4410', '0', 'module_qq_login', 'module_qq_login_appkey', '1b711c4b7ece8135eba5288a6bbedfb5', '0');
INSERT INTO `mc_setting` VALUES ('4411', '0', 'module_qq_login', 'module_qq_login_status', '1', '0');
INSERT INTO `mc_setting` VALUES ('4961', '0', 'config', 'config_review_status', '1', '0');
INSERT INTO `mc_setting` VALUES ('4960', '0', 'config', 'config_limit_admin', '20', '0');
INSERT INTO `mc_setting` VALUES ('4959', '0', 'config', 'config_product_count', '1', '0');
INSERT INTO `mc_setting` VALUES ('4958', '0', 'config', 'config_weight_class_id', '1', '0');
INSERT INTO `mc_setting` VALUES ('4956', '0', 'config', 'config_currency_auto', '0', '0');
INSERT INTO `mc_setting` VALUES ('4957', '0', 'config', 'config_length_class_id', '1', '0');
INSERT INTO `mc_setting` VALUES ('4955', '0', 'config', 'config_currency', 'CNY', '0');
INSERT INTO `mc_setting` VALUES ('4953', '0', 'config', 'config_language', 'zh-cn', '0');
INSERT INTO `mc_setting` VALUES ('4954', '0', 'config', 'config_admin_language', 'zh-cn', '0');
INSERT INTO `mc_setting` VALUES ('4952', '0', 'config', 'config_zone_id', '707', '0');
INSERT INTO `mc_setting` VALUES ('4950', '0', 'config', 'config_comment', '', '0');
INSERT INTO `mc_setting` VALUES ('4951', '0', 'config', 'config_country_id', '44', '0');
INSERT INTO `mc_setting` VALUES ('4947', '0', 'config', 'config_fax', '', '0');
INSERT INTO `mc_setting` VALUES ('4505', '0', 'module_weibo_login', 'module_weibo_login_appkey', '1726168132', '0');
INSERT INTO `mc_setting` VALUES ('4506', '0', 'module_weibo_login', 'module_weibo_login_appsecret', '0b7ce985553131d49b5ee37db8df18da', '0');
INSERT INTO `mc_setting` VALUES ('4507', '0', 'module_weibo_login', 'module_weibo_login_status', '1', '0');
INSERT INTO `mc_setting` VALUES ('4948', '0', 'config', 'config_image', '', '0');
INSERT INTO `mc_setting` VALUES ('4949', '0', 'config', 'config_open', '', '0');
INSERT INTO `mc_setting` VALUES ('4946', '0', 'config', 'config_sms_telephone', '18561800618', '0');
INSERT INTO `mc_setting` VALUES ('4692', '0', 'developer', 'developer_theme', '1', '0');
INSERT INTO `mc_setting` VALUES ('4693', '0', 'developer', 'developer_sass', '1', '0');
INSERT INTO `mc_setting` VALUES ('4695', '0', 'feed_google_sitemap', 'feed_google_sitemap_status', '1', '0');
INSERT INTO `mc_setting` VALUES ('4696', '0', 'report_customer_activity', 'report_customer_activity_status', '1', '0');
INSERT INTO `mc_setting` VALUES ('4697', '0', 'report_customer_activity', 'report_customer_activity_sort_order', '', '0');
INSERT INTO `mc_setting` VALUES ('4698', '0', 'report_customer_order', 'report_customer_order_status', '1', '0');
INSERT INTO `mc_setting` VALUES ('4699', '0', 'report_customer_order', 'report_customer_order_sort_order', '', '0');
INSERT INTO `mc_setting` VALUES ('4700', '0', 'report_customer_reward', 'report_customer_reward_status', '1', '0');
INSERT INTO `mc_setting` VALUES ('4701', '0', 'report_customer_reward', 'report_customer_reward_sort_order', '', '0');
INSERT INTO `mc_setting` VALUES ('4702', '0', 'report_customer_search', 'report_customer_search_status', '1', '0');
INSERT INTO `mc_setting` VALUES ('4703', '0', 'report_customer_search', 'report_customer_search_sort_order', '', '0');
INSERT INTO `mc_setting` VALUES ('4704', '0', 'report_customer_transaction', 'report_customer_transaction_status', '1', '0');
INSERT INTO `mc_setting` VALUES ('4705', '0', 'report_customer_transaction', 'report_customer_transaction_sort_order', '', '0');
INSERT INTO `mc_setting` VALUES ('4706', '0', 'report_marketing', 'report_marketing_status', '1', '0');
INSERT INTO `mc_setting` VALUES ('4707', '0', 'report_marketing', 'report_marketing_sort_order', '', '0');
INSERT INTO `mc_setting` VALUES ('4708', '0', 'report_product_purchased', 'report_product_purchased_status', '1', '0');
INSERT INTO `mc_setting` VALUES ('4709', '0', 'report_product_purchased', 'report_product_purchased_sort_order', '', '0');
INSERT INTO `mc_setting` VALUES ('4710', '0', 'report_product_viewed', 'report_product_viewed_status', '1', '0');
INSERT INTO `mc_setting` VALUES ('4711', '0', 'report_product_viewed', 'report_product_viewed_sort_order', '', '0');
INSERT INTO `mc_setting` VALUES ('4712', '0', 'report_sale_coupon', 'report_sale_coupon_status', '1', '0');
INSERT INTO `mc_setting` VALUES ('4713', '0', 'report_sale_coupon', 'report_sale_coupon_sort_order', '', '0');
INSERT INTO `mc_setting` VALUES ('4714', '0', 'report_sale_order', 'report_sale_order_status', '1', '0');
INSERT INTO `mc_setting` VALUES ('4715', '0', 'report_sale_order', 'report_sale_order_sort_order', '', '0');
INSERT INTO `mc_setting` VALUES ('4716', '0', 'report_sale_return', 'report_sale_return_status', '1', '0');
INSERT INTO `mc_setting` VALUES ('4717', '0', 'report_sale_return', 'report_sale_return_sort_order', '', '0');
INSERT INTO `mc_setting` VALUES ('4718', '0', 'report_sale_shipping', 'report_sale_shipping_status', '1', '0');
INSERT INTO `mc_setting` VALUES ('4719', '0', 'report_sale_shipping', 'report_sale_shipping_sort_order', '', '0');
INSERT INTO `mc_setting` VALUES ('4720', '0', 'report_sale_tax', 'report_sale_tax_status', '1', '0');
INSERT INTO `mc_setting` VALUES ('4721', '0', 'report_sale_tax', 'report_sale_tax_sort_order', '', '0');
INSERT INTO `mc_setting` VALUES ('4763', '0', 'cms_blog', 'cms_blog_article_scroll_related', '0', '0');
INSERT INTO `mc_setting` VALUES ('4764', '0', 'cms_blog', 'cms_blog_article_related_per_row', '6', '0');
INSERT INTO `mc_setting` VALUES ('4765', '0', 'cms_blog', 'cms_blog_show_created_date', '1', '0');
INSERT INTO `mc_setting` VALUES ('4766', '0', 'cms_blog', 'cms_blog_show_hits', '1', '0');
INSERT INTO `mc_setting` VALUES ('4767', '0', 'cms_blog', 'cms_blog_show_comment_counter', '1', '0');
INSERT INTO `mc_setting` VALUES ('4768', '0', 'cms_blog', 'cms_blog_show_comment_form', '1', '0');
INSERT INTO `mc_setting` VALUES ('4769', '0', 'cms_blog', 'cms_blog_show_auto_publish_comment', '1', '0');
INSERT INTO `mc_setting` VALUES ('4770', '0', 'cms_blog', 'cms_blog_comment_email', '1', '0');
INSERT INTO `mc_setting` VALUES ('4771', '0', 'cms_blog', 'cms_blog_show_recaptcha', '1', '0');
INSERT INTO `mc_setting` VALUES ('4772', '0', 'cms_blog', 'cms_blog_show_need_login_to_comment', '1', '0');
INSERT INTO `mc_setting` VALUES ('4773', '0', 'cms_blog', 'cms_blog_brief_length', '200', '0');
INSERT INTO `mc_setting` VALUES ('4774', '0', 'cms_blog', 'cms_blog_comment_length', '200', '0');
INSERT INTO `mc_setting` VALUES ('4945', '0', 'config', 'config_telephone', '18561800618', '0');
INSERT INTO `mc_setting` VALUES ('4943', '0', 'config', 'config_geocode', '120.191457,35.959145', '0');
INSERT INTO `mc_setting` VALUES ('5026', '0', 'config', 'config_email', '1078619622@qq.com', '0');
INSERT INTO `mc_setting` VALUES ('4935', '0', 'config', 'config_meta_keyword', 'MyCnCart, 我的B2C中国网店', '0');
INSERT INTO `mc_setting` VALUES ('4936', '0', 'config', 'config_theme', 'default', '0');
INSERT INTO `mc_setting` VALUES ('4937', '0', 'config', 'config_layout_id', '4', '0');
INSERT INTO `mc_setting` VALUES ('4938', '0', 'config', 'config_name', '我的B2C中国网店', '0');
INSERT INTO `mc_setting` VALUES ('4939', '0', 'config', 'config_owner', '青岛万物一体网络科技有限公司', '0');
INSERT INTO `mc_setting` VALUES ('4940', '0', 'config', 'config_address', '中国山东省青岛市长江中路汇商国际大厦', '0');
INSERT INTO `mc_setting` VALUES ('4941', '0', 'config', 'config_miit', '鲁ICP备16025901号', '0');
INSERT INTO `mc_setting` VALUES ('4942', '0', 'config', 'config_map_select', 'baidu', '0');
INSERT INTO `mc_setting` VALUES ('4934', '0', 'config', 'config_meta_description', 'MyCnCart - 我的B2C中国网店', '0');
INSERT INTO `mc_setting` VALUES ('4933', '0', 'config', 'config_meta_title', 'MyCnCart - 我的B2C中国网店', '0');
INSERT INTO `mc_setting` VALUES ('5022', '0', 'config', 'config_error_display', '1', '0');
INSERT INTO `mc_setting` VALUES ('5023', '0', 'config', 'config_error_log', '1', '0');
INSERT INTO `mc_setting` VALUES ('5024', '0', 'config', 'config_error_filename', 'error.log', '0');
INSERT INTO `mc_setting` VALUES ('5025', '0', 'config', 'config_baidu_api', '', '0');

-- ----------------------------
-- Table structure for mc_shipping_courier
-- ----------------------------
DROP TABLE IF EXISTS `mc_shipping_courier`;
CREATE TABLE `mc_shipping_courier` (
  `shipping_courier_id` int(11) NOT NULL,
  `shipping_courier_code` varchar(255) NOT NULL DEFAULT '',
  `shipping_courier_name` varchar(255) NOT NULL DEFAULT '',
  PRIMARY KEY (`shipping_courier_id`)
) ENGINE=MyISAM DEFAULT CHARSET=utf8;

-- ----------------------------
-- Records of mc_shipping_courier
-- ----------------------------
INSERT INTO `mc_shipping_courier` VALUES ('1', 'dhl', 'DHL');
INSERT INTO `mc_shipping_courier` VALUES ('2', 'fedex', 'Fedex');
INSERT INTO `mc_shipping_courier` VALUES ('3', 'ups', 'UPS');
INSERT INTO `mc_shipping_courier` VALUES ('4', 'royal-mail', 'Royal Mail');
INSERT INTO `mc_shipping_courier` VALUES ('5', 'usps', 'United States Postal Service');
INSERT INTO `mc_shipping_courier` VALUES ('6', 'auspost', 'Australia Post');
INSERT INTO `mc_shipping_courier` VALUES ('7', 'citylink', 'Citylink');

-- ----------------------------
-- Table structure for mc_sms_mobile
-- ----------------------------
DROP TABLE IF EXISTS `mc_sms_mobile`;
CREATE TABLE `mc_sms_mobile` (
  `sms_mobile_id` int(11) NOT NULL AUTO_INCREMENT,
  `sms_mobile` varchar(15) CHARACTER SET utf8 NOT NULL,
  `verify_code` varchar(6) CHARACTER SET utf8 NOT NULL,
  PRIMARY KEY (`sms_mobile_id`)
) ENGINE=MyISAM DEFAULT CHARSET=latin1;

-- ----------------------------
-- Records of mc_sms_mobile
-- ----------------------------

-- ----------------------------
-- Table structure for mc_statistics
-- ----------------------------
DROP TABLE IF EXISTS `mc_statistics`;
CREATE TABLE `mc_statistics` (
  `statistics_id` int(11) NOT NULL AUTO_INCREMENT,
  `code` varchar(64) NOT NULL,
  `value` decimal(15,4) NOT NULL,
  PRIMARY KEY (`statistics_id`)
) ENGINE=MyISAM AUTO_INCREMENT=8 DEFAULT CHARSET=utf8;

-- ----------------------------
-- Records of mc_statistics
-- ----------------------------
INSERT INTO `mc_statistics` VALUES ('1', 'order_sale', '345.3000');
INSERT INTO `mc_statistics` VALUES ('2', 'order_processing', '0.0000');
INSERT INTO `mc_statistics` VALUES ('3', 'order_complete', '0.0000');
INSERT INTO `mc_statistics` VALUES ('4', 'order_other', '0.0000');
INSERT INTO `mc_statistics` VALUES ('5', 'returns', '0.0000');
INSERT INTO `mc_statistics` VALUES ('6', 'product', '0.0000');
INSERT INTO `mc_statistics` VALUES ('7', 'review', '0.0000');

-- ----------------------------
-- Table structure for mc_stock_status
-- ----------------------------
DROP TABLE IF EXISTS `mc_stock_status`;
CREATE TABLE `mc_stock_status` (
  `stock_status_id` int(11) NOT NULL AUTO_INCREMENT,
  `language_id` int(11) NOT NULL,
  `name` varchar(32) NOT NULL,
  PRIMARY KEY (`stock_status_id`,`language_id`)
) ENGINE=MyISAM AUTO_INCREMENT=9 DEFAULT CHARSET=utf8;

-- ----------------------------
-- Records of mc_stock_status
-- ----------------------------
INSERT INTO `mc_stock_status` VALUES ('7', '3', '有库存');
INSERT INTO `mc_stock_status` VALUES ('5', '3', '库存不足');
INSERT INTO `mc_stock_status` VALUES ('6', '3', '等待 2 -3 天');
INSERT INTO `mc_stock_status` VALUES ('8', '3', '需要预订');
INSERT INTO `mc_stock_status` VALUES ('7', '2', 'In Stock');
INSERT INTO `mc_stock_status` VALUES ('8', '2', 'Pre-Order');
INSERT INTO `mc_stock_status` VALUES ('5', '2', 'Out Of Stock');
INSERT INTO `mc_stock_status` VALUES ('6', '2', '2-3 Days');
INSERT INTO `mc_stock_status` VALUES ('7', '1', '有库存');
INSERT INTO `mc_stock_status` VALUES ('8', '1', '需要预订');
INSERT INTO `mc_stock_status` VALUES ('5', '1', '库存不足');
INSERT INTO `mc_stock_status` VALUES ('6', '1', '等待 2 -3 天');

-- ----------------------------
-- Table structure for mc_store
-- ----------------------------
DROP TABLE IF EXISTS `mc_store`;
CREATE TABLE `mc_store` (
  `store_id` int(11) NOT NULL AUTO_INCREMENT,
  `name` varchar(64) NOT NULL,
  `url` varchar(255) NOT NULL,
  `ssl` varchar(255) NOT NULL,
  PRIMARY KEY (`store_id`)
) ENGINE=MyISAM DEFAULT CHARSET=utf8;

-- ----------------------------
-- Records of mc_store
-- ----------------------------

-- ----------------------------
-- Table structure for mc_tax_class
-- ----------------------------
DROP TABLE IF EXISTS `mc_tax_class`;
CREATE TABLE `mc_tax_class` (
  `tax_class_id` int(11) NOT NULL AUTO_INCREMENT,
  `title` varchar(32) NOT NULL,
  `description` varchar(255) NOT NULL,
  `date_added` datetime NOT NULL,
  `date_modified` datetime NOT NULL,
  PRIMARY KEY (`tax_class_id`)
) ENGINE=MyISAM AUTO_INCREMENT=11 DEFAULT CHARSET=utf8;

-- ----------------------------
-- Records of mc_tax_class
-- ----------------------------
INSERT INTO `mc_tax_class` VALUES ('9', '应税商品', '应税商品', '2009-01-06 23:21:53', '2015-04-01 22:30:09');
INSERT INTO `mc_tax_class` VALUES ('10', '下载类商品', '下载类', '2011-09-21 22:19:39', '2015-04-01 22:29:46');

-- ----------------------------
-- Table structure for mc_tax_rate
-- ----------------------------
DROP TABLE IF EXISTS `mc_tax_rate`;
CREATE TABLE `mc_tax_rate` (
  `tax_rate_id` int(11) NOT NULL AUTO_INCREMENT,
  `geo_zone_id` int(11) NOT NULL DEFAULT '0',
  `name` varchar(32) NOT NULL,
  `rate` decimal(15,4) NOT NULL DEFAULT '0.0000',
  `type` char(1) NOT NULL,
  `date_added` datetime NOT NULL,
  `date_modified` datetime NOT NULL,
  PRIMARY KEY (`tax_rate_id`)
) ENGINE=MyISAM AUTO_INCREMENT=88 DEFAULT CHARSET=utf8;

-- ----------------------------
-- Records of mc_tax_rate
-- ----------------------------
INSERT INTO `mc_tax_rate` VALUES ('86', '3', '增值税 (20%)', '20.0000', 'P', '2011-03-09 21:17:10', '2015-04-01 22:33:10');
INSERT INTO `mc_tax_rate` VALUES ('87', '3', '生态税(-2.00)', '2.0000', 'F', '2011-09-21 21:49:23', '2015-04-01 22:33:22');

-- ----------------------------
-- Table structure for mc_tax_rate_to_customer_group
-- ----------------------------
DROP TABLE IF EXISTS `mc_tax_rate_to_customer_group`;
CREATE TABLE `mc_tax_rate_to_customer_group` (
  `tax_rate_id` int(11) NOT NULL,
  `customer_group_id` int(11) NOT NULL,
  PRIMARY KEY (`tax_rate_id`,`customer_group_id`)
) ENGINE=MyISAM DEFAULT CHARSET=utf8;

-- ----------------------------
-- Records of mc_tax_rate_to_customer_group
-- ----------------------------
INSERT INTO `mc_tax_rate_to_customer_group` VALUES ('86', '1');
INSERT INTO `mc_tax_rate_to_customer_group` VALUES ('87', '1');

-- ----------------------------
-- Table structure for mc_tax_rule
-- ----------------------------
DROP TABLE IF EXISTS `mc_tax_rule`;
CREATE TABLE `mc_tax_rule` (
  `tax_rule_id` int(11) NOT NULL AUTO_INCREMENT,
  `tax_class_id` int(11) NOT NULL,
  `tax_rate_id` int(11) NOT NULL,
  `based` varchar(10) NOT NULL,
  `priority` int(5) NOT NULL DEFAULT '1',
  PRIMARY KEY (`tax_rule_id`)
) ENGINE=MyISAM AUTO_INCREMENT=129 DEFAULT CHARSET=utf8;

-- ----------------------------
-- Records of mc_tax_rule
-- ----------------------------
INSERT INTO `mc_tax_rule` VALUES ('121', '10', '86', 'payment', '1');
INSERT INTO `mc_tax_rule` VALUES ('120', '10', '87', 'store', '0');
INSERT INTO `mc_tax_rule` VALUES ('128', '9', '86', 'shipping', '1');
INSERT INTO `mc_tax_rule` VALUES ('127', '9', '87', 'shipping', '2');

-- ----------------------------
-- Table structure for mc_theme
-- ----------------------------
DROP TABLE IF EXISTS `mc_theme`;
CREATE TABLE `mc_theme` (
  `theme_id` int(11) NOT NULL AUTO_INCREMENT,
  `store_id` int(11) NOT NULL,
  `theme` varchar(64) NOT NULL,
  `route` varchar(64) NOT NULL,
  `code` mediumtext NOT NULL,
  `date_added` datetime NOT NULL,
  PRIMARY KEY (`theme_id`)
) ENGINE=MyISAM DEFAULT CHARSET=utf8;

-- ----------------------------
-- Records of mc_theme
-- ----------------------------

-- ----------------------------
-- Table structure for mc_translation
-- ----------------------------
DROP TABLE IF EXISTS `mc_translation`;
CREATE TABLE `mc_translation` (
  `translation_id` int(11) NOT NULL AUTO_INCREMENT,
  `store_id` int(11) NOT NULL,
  `language_id` int(11) NOT NULL,
  `route` varchar(64) NOT NULL,
  `key` varchar(64) NOT NULL,
  `value` text NOT NULL,
  `date_added` datetime NOT NULL,
  PRIMARY KEY (`translation_id`)
) ENGINE=MyISAM DEFAULT CHARSET=utf8;

-- ----------------------------
-- Records of mc_translation
-- ----------------------------

-- ----------------------------
-- Table structure for mc_upload
-- ----------------------------
DROP TABLE IF EXISTS `mc_upload`;
CREATE TABLE `mc_upload` (
  `upload_id` int(11) NOT NULL AUTO_INCREMENT,
  `name` varchar(255) NOT NULL,
  `filename` varchar(255) NOT NULL,
  `code` varchar(255) NOT NULL,
  `date_added` datetime NOT NULL,
  PRIMARY KEY (`upload_id`)
) ENGINE=MyISAM DEFAULT CHARSET=utf8;

-- ----------------------------
-- Records of mc_upload
-- ----------------------------

-- ----------------------------
-- Table structure for mc_user
-- ----------------------------
DROP TABLE IF EXISTS `mc_user`;
CREATE TABLE `mc_user` (
  `user_id` int(11) NOT NULL AUTO_INCREMENT,
  `user_group_id` int(11) NOT NULL,
  `username` varchar(20) NOT NULL,
  `password` varchar(40) NOT NULL,
  `salt` varchar(9) NOT NULL,
  `firstname` varchar(32) NOT NULL,
  `lastname` varchar(32) NOT NULL,
  `email` varchar(96) NOT NULL,
  `image` varchar(255) NOT NULL,
  `code` varchar(40) NOT NULL,
  `ip` varchar(40) NOT NULL,
  `status` tinyint(1) NOT NULL,
  `date_added` datetime NOT NULL,
  PRIMARY KEY (`user_id`)
) ENGINE=MyISAM AUTO_INCREMENT=2 DEFAULT CHARSET=utf8;

-- ----------------------------
-- Records of mc_user
-- ----------------------------
INSERT INTO `mc_user` VALUES ('1', '1', 'admin', '724c4f0c44f79f14984d1c9f207e3f06d0b3e335', '8ynqn0op8', 'AdminName', '', '1078619622@qq.com', '', '', '127.0.0.1', '1', '2019-03-26 09:27:36');

-- ----------------------------
-- Table structure for mc_user_group
-- ----------------------------
DROP TABLE IF EXISTS `mc_user_group`;
CREATE TABLE `mc_user_group` (
  `user_group_id` int(11) NOT NULL AUTO_INCREMENT,
  `name` varchar(64) NOT NULL,
  `permission` text NOT NULL,
  PRIMARY KEY (`user_group_id`)
) ENGINE=MyISAM AUTO_INCREMENT=11 DEFAULT CHARSET=utf8;

-- ----------------------------
-- Records of mc_user_group
-- ----------------------------
INSERT INTO `mc_user_group` VALUES ('1', 'Administrator', '{\"access\":[\"catalog\\/attribute\",\"catalog\\/attribute_group\",\"catalog\\/category\",\"catalog\\/download\",\"catalog\\/filter\",\"catalog\\/information\",\"catalog\\/manufacturer\",\"catalog\\/option\",\"catalog\\/product\",\"catalog\\/recurring\",\"catalog\\/review\",\"cms\\/blog\",\"cms\\/blog_category\",\"cms\\/blog_comment\",\"cms\\/blog_config\",\"cms\\/faq\",\"cms\\/faq_category\",\"cms\\/faq_config\",\"cms\\/press\",\"cms\\/press_category\",\"cms\\/press_config\",\"common\\/column_left\",\"common\\/developer\",\"common\\/filemanager\",\"common\\/profile\",\"common\\/security\",\"customer\\/custom_field\",\"customer\\/customer\",\"customer\\/customer_approval\",\"customer\\/customer_group\",\"design\\/banner\",\"design\\/layout\",\"design\\/seo_url\",\"design\\/theme\",\"design\\/translation\",\"event\\/language\",\"event\\/statistics\",\"event\\/theme\",\"extension\\/analytics\\/google\",\"extension\\/captcha\\/basic\",\"extension\\/captcha\\/google\",\"extension\\/dashboard\\/activity\",\"extension\\/dashboard\\/chart\",\"extension\\/dashboard\\/customer\",\"extension\\/dashboard\\/map\",\"extension\\/dashboard\\/online\",\"extension\\/dashboard\\/order\",\"extension\\/dashboard\\/recent\",\"extension\\/dashboard\\/sale\",\"extension\\/extension\\/analytics\",\"extension\\/extension\\/captcha\",\"extension\\/extension\\/dashboard\",\"extension\\/extension\\/feed\",\"extension\\/extension\\/fraud\",\"extension\\/extension\\/menu\",\"extension\\/extension\\/module\",\"extension\\/extension\\/payment\",\"extension\\/extension\\/report\",\"extension\\/extension\\/shipping\",\"extension\\/extension\\/sms\",\"extension\\/extension\\/theme\",\"extension\\/extension\\/total\",\"extension\\/feed\\/google_base\",\"extension\\/feed\\/google_sitemap\",\"extension\\/feed\\/openbaypro\",\"extension\\/fraud\\/fraudlabspro\",\"extension\\/fraud\\/ip\",\"extension\\/fraud\\/maxmind\",\"extension\\/module\\/account\",\"extension\\/module\\/amazon_login\",\"extension\\/module\\/amazon_pay\",\"extension\\/module\\/banner\",\"extension\\/module\\/bestseller\",\"extension\\/module\\/blog_category\",\"extension\\/module\\/blog_comment\",\"extension\\/module\\/blog_latest\",\"extension\\/module\\/blog_popular\",\"extension\\/module\\/blog_search\",\"extension\\/module\\/carousel\",\"extension\\/module\\/category\",\"extension\\/module\\/divido_calculator\",\"extension\\/module\\/ebay_listing\",\"extension\\/module\\/faq_category\",\"extension\\/module\\/featured\",\"extension\\/module\\/filter\",\"extension\\/module\\/google_hangouts\",\"extension\\/module\\/html\",\"extension\\/module\\/information\",\"extension\\/module\\/kefu\",\"extension\\/module\\/klarna_checkout_module\",\"extension\\/module\\/latest\",\"extension\\/module\\/laybuy_layout\",\"extension\\/module\\/pilibaba_button\",\"extension\\/module\\/pp_braintree_button\",\"extension\\/module\\/pp_button\",\"extension\\/module\\/pp_login\",\"extension\\/module\\/press_category\",\"extension\\/module\\/press_latest\",\"extension\\/module\\/qq_login\",\"extension\\/module\\/sagepay_direct_cards\",\"extension\\/module\\/sagepay_server_cards\",\"extension\\/module\\/slideshow\",\"extension\\/module\\/special\",\"extension\\/module\\/store\",\"extension\\/module\\/weibo_login\",\"extension\\/module\\/weixin_login\",\"extension\\/openbay\\/amazon\",\"extension\\/openbay\\/amazon_listing\",\"extension\\/openbay\\/amazon_product\",\"extension\\/openbay\\/amazonus\",\"extension\\/openbay\\/amazonus_listing\",\"extension\\/openbay\\/amazonus_product\",\"extension\\/openbay\\/ebay\",\"extension\\/openbay\\/ebay_profile\",\"extension\\/openbay\\/ebay_template\",\"extension\\/openbay\\/etsy\",\"extension\\/openbay\\/etsy_product\",\"extension\\/openbay\\/etsy_shipping\",\"extension\\/openbay\\/etsy_shop\",\"extension\\/openbay\\/fba\",\"extension\\/payment\\/alipay_cross\",\"extension\\/payment\\/alipay_direct\",\"extension\\/payment\\/alipay_wap\",\"extension\\/payment\\/amazon_login_pay\",\"extension\\/payment\\/authorizenet_aim\",\"extension\\/payment\\/authorizenet_sim\",\"extension\\/payment\\/bank_transfer\",\"extension\\/payment\\/bluepay_hosted\",\"extension\\/payment\\/bluepay_redirect\",\"extension\\/payment\\/cardconnect\",\"extension\\/payment\\/cardinity\",\"extension\\/payment\\/cheque\",\"extension\\/payment\\/cod\",\"extension\\/payment\\/divido\",\"extension\\/payment\\/eway\",\"extension\\/payment\\/firstdata\",\"extension\\/payment\\/firstdata_remote\",\"extension\\/payment\\/free_checkout\",\"extension\\/payment\\/g2apay\",\"extension\\/payment\\/globalpay\",\"extension\\/payment\\/globalpay_remote\",\"extension\\/payment\\/klarna_account\",\"extension\\/payment\\/klarna_checkout\",\"extension\\/payment\\/klarna_invoice\",\"extension\\/payment\\/laybuy\",\"extension\\/payment\\/liqpay\",\"extension\\/payment\\/nochex\",\"extension\\/payment\\/paymate\",\"extension\\/payment\\/paypoint\",\"extension\\/payment\\/payza\",\"extension\\/payment\\/perpetual_payments\",\"extension\\/payment\\/pilibaba\",\"extension\\/payment\\/pp_braintree\",\"extension\\/payment\\/pp_express\",\"extension\\/payment\\/pp_payflow\",\"extension\\/payment\\/pp_payflow_iframe\",\"extension\\/payment\\/pp_pro\",\"extension\\/payment\\/pp_pro_iframe\",\"extension\\/payment\\/pp_standard\",\"extension\\/payment\\/qrcode_wxpay\",\"extension\\/payment\\/realex\",\"extension\\/payment\\/realex_remote\",\"extension\\/payment\\/sagepay_direct\",\"extension\\/payment\\/sagepay_server\",\"extension\\/payment\\/sagepay_us\",\"extension\\/payment\\/securetrading_pp\",\"extension\\/payment\\/securetrading_ws\",\"extension\\/payment\\/skrill\",\"extension\\/payment\\/squareup\",\"extension\\/payment\\/twocheckout\",\"extension\\/payment\\/web_payment_software\",\"extension\\/payment\\/wechat_pay\",\"extension\\/payment\\/worldpay\",\"extension\\/payment\\/wxpay\",\"extension\\/payment\\/wxpay_web\",\"extension\\/report\\/customer_activity\",\"extension\\/report\\/customer_order\",\"extension\\/report\\/customer_reward\",\"extension\\/report\\/customer_search\",\"extension\\/report\\/customer_transaction\",\"extension\\/report\\/marketing\",\"extension\\/report\\/product_purchased\",\"extension\\/report\\/product_viewed\",\"extension\\/report\\/sale_coupon\",\"extension\\/report\\/sale_order\",\"extension\\/report\\/sale_return\",\"extension\\/report\\/sale_shipping\",\"extension\\/report\\/sale_tax\",\"extension\\/shipping\\/auspost\",\"extension\\/shipping\\/citylink\",\"extension\\/shipping\\/ec_ship\",\"extension\\/shipping\\/fedex\",\"extension\\/shipping\\/flat\",\"extension\\/shipping\\/free\",\"extension\\/shipping\\/item\",\"extension\\/shipping\\/parcelforce_48\",\"extension\\/shipping\\/pickup\",\"extension\\/shipping\\/royal_mail\",\"extension\\/shipping\\/ups\",\"extension\\/shipping\\/usps\",\"extension\\/shipping\\/weight\",\"extension\\/sms\\/chuanglan\",\"extension\\/theme\\/default\",\"extension\\/total\\/coupon\",\"extension\\/total\\/credit\",\"extension\\/total\\/handling\",\"extension\\/total\\/klarna_fee\",\"extension\\/total\\/low_order_fee\",\"extension\\/total\\/reward\",\"extension\\/total\\/shipping\",\"extension\\/total\\/sub_total\",\"extension\\/total\\/tax\",\"extension\\/total\\/total\",\"extension\\/total\\/voucher\",\"localisation\\/city\",\"localisation\\/country\",\"localisation\\/currency\",\"localisation\\/district\",\"localisation\\/geo_zone\",\"localisation\\/language\",\"localisation\\/length_class\",\"localisation\\/location\",\"localisation\\/order_status\",\"localisation\\/return_action\",\"localisation\\/return_reason\",\"localisation\\/return_status\",\"localisation\\/stock_status\",\"localisation\\/tax_class\",\"localisation\\/tax_rate\",\"localisation\\/weight_class\",\"localisation\\/zone\",\"mail\\/affiliate\",\"mail\\/customer\",\"mail\\/forgotten\",\"mail\\/return\",\"mail\\/reward\",\"mail\\/transaction\",\"marketing\\/contact\",\"marketing\\/coupon\",\"marketing\\/marketing\",\"marketplace\\/api\",\"marketplace\\/event\",\"marketplace\\/extension\",\"marketplace\\/install\",\"marketplace\\/installer\",\"marketplace\\/marketplace\",\"marketplace\\/modification\",\"marketplace\\/openbay\",\"report\\/online\",\"report\\/report\",\"report\\/statistics\",\"sale\\/order\",\"sale\\/recurring\",\"sale\\/return\",\"sale\\/voucher\",\"sale\\/voucher_theme\",\"setting\\/setting\",\"setting\\/store\",\"startup\\/error\",\"startup\\/event\",\"startup\\/login\",\"startup\\/permission\",\"startup\\/router\",\"startup\\/sass\",\"startup\\/startup\",\"tool\\/backup\",\"tool\\/excelexportimport\",\"tool\\/log\",\"tool\\/upload\",\"user\\/api\",\"user\\/user\",\"user\\/user_permission\",\"extension\\/feed\\/google_base\",\"catalog\\/series\"],\"modify\":[\"catalog\\/attribute\",\"catalog\\/attribute_group\",\"catalog\\/category\",\"catalog\\/download\",\"catalog\\/filter\",\"catalog\\/information\",\"catalog\\/manufacturer\",\"catalog\\/option\",\"catalog\\/product\",\"catalog\\/recurring\",\"catalog\\/review\",\"cms\\/blog\",\"cms\\/blog_category\",\"cms\\/blog_comment\",\"cms\\/blog_config\",\"cms\\/faq\",\"cms\\/faq_category\",\"cms\\/faq_config\",\"cms\\/press\",\"cms\\/press_category\",\"cms\\/press_config\",\"common\\/column_left\",\"common\\/developer\",\"common\\/filemanager\",\"common\\/profile\",\"common\\/security\",\"customer\\/custom_field\",\"customer\\/customer\",\"customer\\/customer_approval\",\"customer\\/customer_group\",\"design\\/banner\",\"design\\/layout\",\"design\\/seo_url\",\"design\\/theme\",\"design\\/translation\",\"event\\/language\",\"event\\/statistics\",\"event\\/theme\",\"extension\\/analytics\\/google\",\"extension\\/captcha\\/basic\",\"extension\\/captcha\\/google\",\"extension\\/dashboard\\/activity\",\"extension\\/dashboard\\/chart\",\"extension\\/dashboard\\/customer\",\"extension\\/dashboard\\/map\",\"extension\\/dashboard\\/online\",\"extension\\/dashboard\\/order\",\"extension\\/dashboard\\/recent\",\"extension\\/dashboard\\/sale\",\"extension\\/extension\\/analytics\",\"extension\\/extension\\/captcha\",\"extension\\/extension\\/dashboard\",\"extension\\/extension\\/feed\",\"extension\\/extension\\/fraud\",\"extension\\/extension\\/menu\",\"extension\\/extension\\/module\",\"extension\\/extension\\/payment\",\"extension\\/extension\\/report\",\"extension\\/extension\\/shipping\",\"extension\\/extension\\/sms\",\"extension\\/extension\\/theme\",\"extension\\/extension\\/total\",\"extension\\/feed\\/google_base\",\"extension\\/feed\\/google_sitemap\",\"extension\\/feed\\/openbaypro\",\"extension\\/fraud\\/fraudlabspro\",\"extension\\/fraud\\/ip\",\"extension\\/fraud\\/maxmind\",\"extension\\/module\\/account\",\"extension\\/module\\/amazon_login\",\"extension\\/module\\/amazon_pay\",\"extension\\/module\\/banner\",\"extension\\/module\\/bestseller\",\"extension\\/module\\/blog_category\",\"extension\\/module\\/blog_comment\",\"extension\\/module\\/blog_latest\",\"extension\\/module\\/blog_popular\",\"extension\\/module\\/blog_search\",\"extension\\/module\\/carousel\",\"extension\\/module\\/category\",\"extension\\/module\\/divido_calculator\",\"extension\\/module\\/ebay_listing\",\"extension\\/module\\/faq_category\",\"extension\\/module\\/featured\",\"extension\\/module\\/filter\",\"extension\\/module\\/google_hangouts\",\"extension\\/module\\/html\",\"extension\\/module\\/information\",\"extension\\/module\\/kefu\",\"extension\\/module\\/klarna_checkout_module\",\"extension\\/module\\/latest\",\"extension\\/module\\/laybuy_layout\",\"extension\\/module\\/pilibaba_button\",\"extension\\/module\\/pp_braintree_button\",\"extension\\/module\\/pp_button\",\"extension\\/module\\/pp_login\",\"extension\\/module\\/press_category\",\"extension\\/module\\/press_latest\",\"extension\\/module\\/qq_login\",\"extension\\/module\\/sagepay_direct_cards\",\"extension\\/module\\/sagepay_server_cards\",\"extension\\/module\\/slideshow\",\"extension\\/module\\/special\",\"extension\\/module\\/store\",\"extension\\/module\\/weibo_login\",\"extension\\/module\\/weixin_login\",\"extension\\/openbay\\/amazon\",\"extension\\/openbay\\/amazon_listing\",\"extension\\/openbay\\/amazon_product\",\"extension\\/openbay\\/amazonus\",\"extension\\/openbay\\/amazonus_listing\",\"extension\\/openbay\\/amazonus_product\",\"extension\\/openbay\\/ebay\",\"extension\\/openbay\\/ebay_profile\",\"extension\\/openbay\\/ebay_template\",\"extension\\/openbay\\/etsy\",\"extension\\/openbay\\/etsy_product\",\"extension\\/openbay\\/etsy_shipping\",\"extension\\/openbay\\/etsy_shop\",\"extension\\/openbay\\/fba\",\"extension\\/payment\\/alipay_cross\",\"extension\\/payment\\/alipay_direct\",\"extension\\/payment\\/alipay_wap\",\"extension\\/payment\\/amazon_login_pay\",\"extension\\/payment\\/authorizenet_aim\",\"extension\\/payment\\/authorizenet_sim\",\"extension\\/payment\\/bank_transfer\",\"extension\\/payment\\/bluepay_hosted\",\"extension\\/payment\\/bluepay_redirect\",\"extension\\/payment\\/cardconnect\",\"extension\\/payment\\/cardinity\",\"extension\\/payment\\/cheque\",\"extension\\/payment\\/cod\",\"extension\\/payment\\/divido\",\"extension\\/payment\\/eway\",\"extension\\/payment\\/firstdata\",\"extension\\/payment\\/firstdata_remote\",\"extension\\/payment\\/free_checkout\",\"extension\\/payment\\/g2apay\",\"extension\\/payment\\/globalpay\",\"extension\\/payment\\/globalpay_remote\",\"extension\\/payment\\/klarna_account\",\"extension\\/payment\\/klarna_checkout\",\"extension\\/payment\\/klarna_invoice\",\"extension\\/payment\\/laybuy\",\"extension\\/payment\\/liqpay\",\"extension\\/payment\\/nochex\",\"extension\\/payment\\/paymate\",\"extension\\/payment\\/paypoint\",\"extension\\/payment\\/payza\",\"extension\\/payment\\/perpetual_payments\",\"extension\\/payment\\/pilibaba\",\"extension\\/payment\\/pp_braintree\",\"extension\\/payment\\/pp_express\",\"extension\\/payment\\/pp_payflow\",\"extension\\/payment\\/pp_payflow_iframe\",\"extension\\/payment\\/pp_pro\",\"extension\\/payment\\/pp_pro_iframe\",\"extension\\/payment\\/pp_standard\",\"extension\\/payment\\/qrcode_wxpay\",\"extension\\/payment\\/realex\",\"extension\\/payment\\/realex_remote\",\"extension\\/payment\\/sagepay_direct\",\"extension\\/payment\\/sagepay_server\",\"extension\\/payment\\/sagepay_us\",\"extension\\/payment\\/securetrading_pp\",\"extension\\/payment\\/securetrading_ws\",\"extension\\/payment\\/skrill\",\"extension\\/payment\\/squareup\",\"extension\\/payment\\/twocheckout\",\"extension\\/payment\\/web_payment_software\",\"extension\\/payment\\/wechat_pay\",\"extension\\/payment\\/worldpay\",\"extension\\/payment\\/wxpay\",\"extension\\/payment\\/wxpay_web\",\"extension\\/report\\/customer_activity\",\"extension\\/report\\/customer_order\",\"extension\\/report\\/customer_reward\",\"extension\\/report\\/customer_search\",\"extension\\/report\\/customer_transaction\",\"extension\\/report\\/marketing\",\"extension\\/report\\/product_purchased\",\"extension\\/report\\/product_viewed\",\"extension\\/report\\/sale_coupon\",\"extension\\/report\\/sale_order\",\"extension\\/report\\/sale_return\",\"extension\\/report\\/sale_shipping\",\"extension\\/report\\/sale_tax\",\"extension\\/shipping\\/auspost\",\"extension\\/shipping\\/citylink\",\"extension\\/shipping\\/ec_ship\",\"extension\\/shipping\\/fedex\",\"extension\\/shipping\\/flat\",\"extension\\/shipping\\/free\",\"extension\\/shipping\\/item\",\"extension\\/shipping\\/parcelforce_48\",\"extension\\/shipping\\/pickup\",\"extension\\/shipping\\/royal_mail\",\"extension\\/shipping\\/ups\",\"extension\\/shipping\\/usps\",\"extension\\/shipping\\/weight\",\"extension\\/sms\\/chuanglan\",\"extension\\/theme\\/default\",\"extension\\/total\\/coupon\",\"extension\\/total\\/credit\",\"extension\\/total\\/handling\",\"extension\\/total\\/klarna_fee\",\"extension\\/total\\/low_order_fee\",\"extension\\/total\\/reward\",\"extension\\/total\\/shipping\",\"extension\\/total\\/sub_total\",\"extension\\/total\\/tax\",\"extension\\/total\\/total\",\"extension\\/total\\/voucher\",\"localisation\\/city\",\"localisation\\/country\",\"localisation\\/currency\",\"localisation\\/district\",\"localisation\\/geo_zone\",\"localisation\\/language\",\"localisation\\/length_class\",\"localisation\\/location\",\"localisation\\/order_status\",\"localisation\\/return_action\",\"localisation\\/return_reason\",\"localisation\\/return_status\",\"localisation\\/stock_status\",\"localisation\\/tax_class\",\"localisation\\/tax_rate\",\"localisation\\/weight_class\",\"localisation\\/zone\",\"mail\\/affiliate\",\"mail\\/customer\",\"mail\\/forgotten\",\"mail\\/return\",\"mail\\/reward\",\"mail\\/transaction\",\"marketing\\/contact\",\"marketing\\/coupon\",\"marketing\\/marketing\",\"marketplace\\/api\",\"marketplace\\/event\",\"marketplace\\/extension\",\"marketplace\\/install\",\"marketplace\\/installer\",\"marketplace\\/marketplace\",\"marketplace\\/modification\",\"marketplace\\/openbay\",\"report\\/online\",\"report\\/report\",\"report\\/statistics\",\"sale\\/order\",\"sale\\/recurring\",\"sale\\/return\",\"sale\\/voucher\",\"sale\\/voucher_theme\",\"setting\\/setting\",\"setting\\/store\",\"startup\\/error\",\"startup\\/event\",\"startup\\/login\",\"startup\\/permission\",\"startup\\/router\",\"startup\\/sass\",\"startup\\/startup\",\"tool\\/backup\",\"tool\\/excelexportimport\",\"tool\\/log\",\"tool\\/upload\",\"user\\/api\",\"user\\/user\",\"user\\/user_permission\",\"extension\\/feed\\/google_base\",\"catalog\\/series\"]}');
INSERT INTO `mc_user_group` VALUES ('10', 'Demonstration', '');

-- ----------------------------
-- Table structure for mc_voucher
-- ----------------------------
DROP TABLE IF EXISTS `mc_voucher`;
CREATE TABLE `mc_voucher` (
  `voucher_id` int(11) NOT NULL AUTO_INCREMENT,
  `order_id` int(11) NOT NULL,
  `code` varchar(10) NOT NULL,
  `from_name` varchar(64) NOT NULL,
  `from_email` varchar(96) NOT NULL,
  `to_name` varchar(64) NOT NULL,
  `to_email` varchar(96) NOT NULL,
  `voucher_theme_id` int(11) NOT NULL,
  `message` text NOT NULL,
  `amount` decimal(15,4) NOT NULL,
  `status` tinyint(1) NOT NULL,
  `date_added` datetime NOT NULL,
  PRIMARY KEY (`voucher_id`)
) ENGINE=MyISAM DEFAULT CHARSET=utf8;

-- ----------------------------
-- Records of mc_voucher
-- ----------------------------

-- ----------------------------
-- Table structure for mc_voucher_history
-- ----------------------------
DROP TABLE IF EXISTS `mc_voucher_history`;
CREATE TABLE `mc_voucher_history` (
  `voucher_history_id` int(11) NOT NULL AUTO_INCREMENT,
  `voucher_id` int(11) NOT NULL,
  `order_id` int(11) NOT NULL,
  `amount` decimal(15,4) NOT NULL,
  `date_added` datetime NOT NULL,
  PRIMARY KEY (`voucher_history_id`)
) ENGINE=MyISAM DEFAULT CHARSET=utf8;

-- ----------------------------
-- Records of mc_voucher_history
-- ----------------------------

-- ----------------------------
-- Table structure for mc_voucher_theme
-- ----------------------------
DROP TABLE IF EXISTS `mc_voucher_theme`;
CREATE TABLE `mc_voucher_theme` (
  `voucher_theme_id` int(11) NOT NULL AUTO_INCREMENT,
  `image` varchar(255) NOT NULL,
  PRIMARY KEY (`voucher_theme_id`)
) ENGINE=MyISAM AUTO_INCREMENT=9 DEFAULT CHARSET=utf8;

-- ----------------------------
-- Records of mc_voucher_theme
-- ----------------------------
INSERT INTO `mc_voucher_theme` VALUES ('8', 'catalog/demo/canon_eos_5d_2.jpg');
INSERT INTO `mc_voucher_theme` VALUES ('7', 'catalog/demo/gift-voucher-birthday.jpg');
INSERT INTO `mc_voucher_theme` VALUES ('6', 'catalog/demo/apple_logo.jpg');

-- ----------------------------
-- Table structure for mc_voucher_theme_description
-- ----------------------------
DROP TABLE IF EXISTS `mc_voucher_theme_description`;
CREATE TABLE `mc_voucher_theme_description` (
  `voucher_theme_id` int(11) NOT NULL,
  `language_id` int(11) NOT NULL,
  `name` varchar(32) NOT NULL,
  PRIMARY KEY (`voucher_theme_id`,`language_id`)
) ENGINE=MyISAM DEFAULT CHARSET=utf8;

-- ----------------------------
-- Records of mc_voucher_theme_description
-- ----------------------------
INSERT INTO `mc_voucher_theme_description` VALUES ('6', '2', 'Spring Festival');
INSERT INTO `mc_voucher_theme_description` VALUES ('8', '3', '通用');
INSERT INTO `mc_voucher_theme_description` VALUES ('7', '2', 'Birthday');
INSERT INTO `mc_voucher_theme_description` VALUES ('8', '2', 'General');
INSERT INTO `mc_voucher_theme_description` VALUES ('6', '3', '春节');
INSERT INTO `mc_voucher_theme_description` VALUES ('7', '1', '生日');
INSERT INTO `mc_voucher_theme_description` VALUES ('8', '1', '通用');
INSERT INTO `mc_voucher_theme_description` VALUES ('6', '1', '春节');
INSERT INTO `mc_voucher_theme_description` VALUES ('7', '3', '生日');

-- ----------------------------
-- Table structure for mc_weight_class
-- ----------------------------
DROP TABLE IF EXISTS `mc_weight_class`;
CREATE TABLE `mc_weight_class` (
  `weight_class_id` int(11) NOT NULL AUTO_INCREMENT,
  `value` decimal(15,8) NOT NULL DEFAULT '0.00000000',
  PRIMARY KEY (`weight_class_id`)
) ENGINE=MyISAM AUTO_INCREMENT=7 DEFAULT CHARSET=utf8;

-- ----------------------------
-- Records of mc_weight_class
-- ----------------------------
INSERT INTO `mc_weight_class` VALUES ('1', '1.00000000');
INSERT INTO `mc_weight_class` VALUES ('2', '1000.00000000');
INSERT INTO `mc_weight_class` VALUES ('5', '2.20460000');
INSERT INTO `mc_weight_class` VALUES ('6', '35.27400000');

-- ----------------------------
-- Table structure for mc_weight_class_description
-- ----------------------------
DROP TABLE IF EXISTS `mc_weight_class_description`;
CREATE TABLE `mc_weight_class_description` (
  `weight_class_id` int(11) NOT NULL,
  `language_id` int(11) NOT NULL,
  `title` varchar(32) NOT NULL,
  `unit` varchar(4) NOT NULL,
  PRIMARY KEY (`weight_class_id`,`language_id`)
) ENGINE=MyISAM DEFAULT CHARSET=utf8;

-- ----------------------------
-- Records of mc_weight_class_description
-- ----------------------------
INSERT INTO `mc_weight_class_description` VALUES ('1', '3', '公斤', 'kg');
INSERT INTO `mc_weight_class_description` VALUES ('2', '3', '克', 'g');
INSERT INTO `mc_weight_class_description` VALUES ('6', '3', '盎司', 'oz');
INSERT INTO `mc_weight_class_description` VALUES ('1', '2', 'Kilogram', 'kg');
INSERT INTO `mc_weight_class_description` VALUES ('2', '2', 'Gram', 'g');
INSERT INTO `mc_weight_class_description` VALUES ('5', '2', 'Pound', 'lb');
INSERT INTO `mc_weight_class_description` VALUES ('6', '2', 'Ounce', 'oz');
INSERT INTO `mc_weight_class_description` VALUES ('1', '1', '公斤', 'kg');
INSERT INTO `mc_weight_class_description` VALUES ('2', '1', '克', 'g');
INSERT INTO `mc_weight_class_description` VALUES ('5', '1', '磅', 'lb');
INSERT INTO `mc_weight_class_description` VALUES ('6', '1', '盎司', 'oz');
INSERT INTO `mc_weight_class_description` VALUES ('5', '3', '磅', 'lb');

-- ----------------------------
-- Table structure for mc_zone
-- ----------------------------
DROP TABLE IF EXISTS `mc_zone`;
CREATE TABLE `mc_zone` (
  `zone_id` int(11) NOT NULL AUTO_INCREMENT,
  `country_id` int(11) NOT NULL,
  `name` varchar(128) NOT NULL,
  `code` varchar(32) NOT NULL,
  `status` tinyint(1) NOT NULL DEFAULT '1',
  PRIMARY KEY (`zone_id`)
) ENGINE=MyISAM AUTO_INCREMENT=4228 DEFAULT CHARSET=utf8;

-- ----------------------------
-- Records of mc_zone
-- ----------------------------
INSERT INTO `mc_zone` VALUES ('1', '1', 'Badakhshan', 'BDS', '1');
INSERT INTO `mc_zone` VALUES ('2', '1', 'Badghis', 'BDG', '1');
INSERT INTO `mc_zone` VALUES ('3', '1', 'Baghlan', 'BGL', '1');
INSERT INTO `mc_zone` VALUES ('4', '1', 'Balkh', 'BAL', '1');
INSERT INTO `mc_zone` VALUES ('5', '1', 'Bamian', 'BAM', '1');
INSERT INTO `mc_zone` VALUES ('6', '1', 'Farah', 'FRA', '1');
INSERT INTO `mc_zone` VALUES ('7', '1', 'Faryab', 'FYB', '1');
INSERT INTO `mc_zone` VALUES ('8', '1', 'Ghazni', 'GHA', '1');
INSERT INTO `mc_zone` VALUES ('9', '1', 'Ghowr', 'GHO', '1');
INSERT INTO `mc_zone` VALUES ('10', '1', 'Helmand', 'HEL', '1');
INSERT INTO `mc_zone` VALUES ('11', '1', 'Herat', 'HER', '1');
INSERT INTO `mc_zone` VALUES ('12', '1', 'Jowzjan', 'JOW', '1');
INSERT INTO `mc_zone` VALUES ('13', '1', 'Kabul', 'KAB', '1');
INSERT INTO `mc_zone` VALUES ('14', '1', 'Kandahar', 'KAN', '1');
INSERT INTO `mc_zone` VALUES ('15', '1', 'Kapisa', 'KAP', '1');
INSERT INTO `mc_zone` VALUES ('16', '1', 'Khost', 'KHO', '1');
INSERT INTO `mc_zone` VALUES ('17', '1', 'Konar', 'KNR', '1');
INSERT INTO `mc_zone` VALUES ('18', '1', 'Kondoz', 'KDZ', '1');
INSERT INTO `mc_zone` VALUES ('19', '1', 'Laghman', 'LAG', '1');
INSERT INTO `mc_zone` VALUES ('20', '1', 'Lowgar', 'LOW', '1');
INSERT INTO `mc_zone` VALUES ('21', '1', 'Nangrahar', 'NAN', '1');
INSERT INTO `mc_zone` VALUES ('22', '1', 'Nimruz', 'NIM', '1');
INSERT INTO `mc_zone` VALUES ('23', '1', 'Nurestan', 'NUR', '1');
INSERT INTO `mc_zone` VALUES ('24', '1', 'Oruzgan', 'ORU', '1');
INSERT INTO `mc_zone` VALUES ('25', '1', 'Paktia', 'PIA', '1');
INSERT INTO `mc_zone` VALUES ('26', '1', 'Paktika', 'PKA', '1');
INSERT INTO `mc_zone` VALUES ('27', '1', 'Parwan', 'PAR', '1');
INSERT INTO `mc_zone` VALUES ('28', '1', 'Samangan', 'SAM', '1');
INSERT INTO `mc_zone` VALUES ('29', '1', 'Sar-e Pol', 'SAR', '1');
INSERT INTO `mc_zone` VALUES ('30', '1', 'Takhar', 'TAK', '1');
INSERT INTO `mc_zone` VALUES ('31', '1', 'Wardak', 'WAR', '1');
INSERT INTO `mc_zone` VALUES ('32', '1', 'Zabol', 'ZAB', '1');
INSERT INTO `mc_zone` VALUES ('33', '2', 'Berat', 'BR', '1');
INSERT INTO `mc_zone` VALUES ('34', '2', 'Bulqize', 'BU', '1');
INSERT INTO `mc_zone` VALUES ('35', '2', 'Delvine', 'DL', '1');
INSERT INTO `mc_zone` VALUES ('36', '2', 'Devoll', 'DV', '1');
INSERT INTO `mc_zone` VALUES ('37', '2', 'Diber', 'DI', '1');
INSERT INTO `mc_zone` VALUES ('38', '2', 'Durres', 'DR', '1');
INSERT INTO `mc_zone` VALUES ('39', '2', 'Elbasan', 'EL', '1');
INSERT INTO `mc_zone` VALUES ('40', '2', 'Kolonje', 'ER', '1');
INSERT INTO `mc_zone` VALUES ('41', '2', 'Fier', 'FR', '1');
INSERT INTO `mc_zone` VALUES ('42', '2', 'Gjirokaster', 'GJ', '1');
INSERT INTO `mc_zone` VALUES ('43', '2', 'Gramsh', 'GR', '1');
INSERT INTO `mc_zone` VALUES ('44', '2', 'Has', 'HA', '1');
INSERT INTO `mc_zone` VALUES ('45', '2', 'Kavaje', 'KA', '1');
INSERT INTO `mc_zone` VALUES ('46', '2', 'Kurbin', 'KB', '1');
INSERT INTO `mc_zone` VALUES ('47', '2', 'Kucove', 'KC', '1');
INSERT INTO `mc_zone` VALUES ('48', '2', 'Korce', 'KO', '1');
INSERT INTO `mc_zone` VALUES ('49', '2', 'Kruje', 'KR', '1');
INSERT INTO `mc_zone` VALUES ('50', '2', 'Kukes', 'KU', '1');
INSERT INTO `mc_zone` VALUES ('51', '2', 'Librazhd', 'LB', '1');
INSERT INTO `mc_zone` VALUES ('52', '2', 'Lezhe', 'LE', '1');
INSERT INTO `mc_zone` VALUES ('53', '2', 'Lushnje', 'LU', '1');
INSERT INTO `mc_zone` VALUES ('54', '2', 'Malesi e Madhe', 'MM', '1');
INSERT INTO `mc_zone` VALUES ('55', '2', 'Mallakaster', 'MK', '1');
INSERT INTO `mc_zone` VALUES ('56', '2', 'Mat', 'MT', '1');
INSERT INTO `mc_zone` VALUES ('57', '2', 'Mirdite', 'MR', '1');
INSERT INTO `mc_zone` VALUES ('58', '2', 'Peqin', 'PQ', '1');
INSERT INTO `mc_zone` VALUES ('59', '2', 'Permet', 'PR', '1');
INSERT INTO `mc_zone` VALUES ('60', '2', 'Pogradec', 'PG', '1');
INSERT INTO `mc_zone` VALUES ('61', '2', 'Puke', 'PU', '1');
INSERT INTO `mc_zone` VALUES ('62', '2', 'Shkoder', 'SH', '1');
INSERT INTO `mc_zone` VALUES ('63', '2', 'Skrapar', 'SK', '1');
INSERT INTO `mc_zone` VALUES ('64', '2', 'Sarande', 'SR', '1');
INSERT INTO `mc_zone` VALUES ('65', '2', 'Tepelene', 'TE', '1');
INSERT INTO `mc_zone` VALUES ('66', '2', 'Tropoje', 'TP', '1');
INSERT INTO `mc_zone` VALUES ('67', '2', 'Tirane', 'TR', '1');
INSERT INTO `mc_zone` VALUES ('68', '2', 'Vlore', 'VL', '1');
INSERT INTO `mc_zone` VALUES ('69', '3', 'Adrar', 'ADR', '1');
INSERT INTO `mc_zone` VALUES ('70', '3', 'Ain Defla', 'ADE', '1');
INSERT INTO `mc_zone` VALUES ('71', '3', 'Ain Temouchent', 'ATE', '1');
INSERT INTO `mc_zone` VALUES ('72', '3', 'Alger', 'ALG', '1');
INSERT INTO `mc_zone` VALUES ('73', '3', 'Annaba', 'ANN', '1');
INSERT INTO `mc_zone` VALUES ('74', '3', 'Batna', 'BAT', '1');
INSERT INTO `mc_zone` VALUES ('75', '3', 'Bechar', 'BEC', '1');
INSERT INTO `mc_zone` VALUES ('76', '3', 'Bejaia', 'BEJ', '1');
INSERT INTO `mc_zone` VALUES ('77', '3', 'Biskra', 'BIS', '1');
INSERT INTO `mc_zone` VALUES ('78', '3', 'Blida', 'BLI', '1');
INSERT INTO `mc_zone` VALUES ('79', '3', 'Bordj Bou Arreridj', 'BBA', '1');
INSERT INTO `mc_zone` VALUES ('80', '3', 'Bouira', 'BOA', '1');
INSERT INTO `mc_zone` VALUES ('81', '3', 'Boumerdes', 'BMD', '1');
INSERT INTO `mc_zone` VALUES ('82', '3', 'Chlef', 'CHL', '1');
INSERT INTO `mc_zone` VALUES ('83', '3', 'Constantine', 'CON', '1');
INSERT INTO `mc_zone` VALUES ('84', '3', 'Djelfa', 'DJE', '1');
INSERT INTO `mc_zone` VALUES ('85', '3', 'El Bayadh', 'EBA', '1');
INSERT INTO `mc_zone` VALUES ('86', '3', 'El Oued', 'EOU', '1');
INSERT INTO `mc_zone` VALUES ('87', '3', 'El Tarf', 'ETA', '1');
INSERT INTO `mc_zone` VALUES ('88', '3', 'Ghardaia', 'GHA', '1');
INSERT INTO `mc_zone` VALUES ('89', '3', 'Guelma', 'GUE', '1');
INSERT INTO `mc_zone` VALUES ('90', '3', 'Illizi', 'ILL', '1');
INSERT INTO `mc_zone` VALUES ('91', '3', 'Jijel', 'JIJ', '1');
INSERT INTO `mc_zone` VALUES ('92', '3', 'Khenchela', 'KHE', '1');
INSERT INTO `mc_zone` VALUES ('93', '3', 'Laghouat', 'LAG', '1');
INSERT INTO `mc_zone` VALUES ('94', '3', 'Muaskar', 'MUA', '1');
INSERT INTO `mc_zone` VALUES ('95', '3', 'Medea', 'MED', '1');
INSERT INTO `mc_zone` VALUES ('96', '3', 'Mila', 'MIL', '1');
INSERT INTO `mc_zone` VALUES ('97', '3', 'Mostaganem', 'MOS', '1');
INSERT INTO `mc_zone` VALUES ('98', '3', 'M\'Sila', 'MSI', '1');
INSERT INTO `mc_zone` VALUES ('99', '3', 'Naama', 'NAA', '1');
INSERT INTO `mc_zone` VALUES ('100', '3', 'Oran', 'ORA', '1');
INSERT INTO `mc_zone` VALUES ('101', '3', 'Ouargla', 'OUA', '1');
INSERT INTO `mc_zone` VALUES ('102', '3', 'Oum el-Bouaghi', 'OEB', '1');
INSERT INTO `mc_zone` VALUES ('103', '3', 'Relizane', 'REL', '1');
INSERT INTO `mc_zone` VALUES ('104', '3', 'Saida', 'SAI', '1');
INSERT INTO `mc_zone` VALUES ('105', '3', 'Setif', 'SET', '1');
INSERT INTO `mc_zone` VALUES ('106', '3', 'Sidi Bel Abbes', 'SBA', '1');
INSERT INTO `mc_zone` VALUES ('107', '3', 'Skikda', 'SKI', '1');
INSERT INTO `mc_zone` VALUES ('108', '3', 'Souk Ahras', 'SAH', '1');
INSERT INTO `mc_zone` VALUES ('109', '3', 'Tamanghasset', 'TAM', '1');
INSERT INTO `mc_zone` VALUES ('110', '3', 'Tebessa', 'TEB', '1');
INSERT INTO `mc_zone` VALUES ('111', '3', 'Tiaret', 'TIA', '1');
INSERT INTO `mc_zone` VALUES ('112', '3', 'Tindouf', 'TIN', '1');
INSERT INTO `mc_zone` VALUES ('113', '3', 'Tipaza', 'TIP', '1');
INSERT INTO `mc_zone` VALUES ('114', '3', 'Tissemsilt', 'TIS', '1');
INSERT INTO `mc_zone` VALUES ('115', '3', 'Tizi Ouzou', 'TOU', '1');
INSERT INTO `mc_zone` VALUES ('116', '3', 'Tlemcen', 'TLE', '1');
INSERT INTO `mc_zone` VALUES ('117', '4', 'Eastern', 'E', '1');
INSERT INTO `mc_zone` VALUES ('118', '4', 'Manu\'a', 'M', '1');
INSERT INTO `mc_zone` VALUES ('119', '4', 'Rose Island', 'R', '1');
INSERT INTO `mc_zone` VALUES ('120', '4', 'Swains Island', 'S', '1');
INSERT INTO `mc_zone` VALUES ('121', '4', 'Western', 'W', '1');
INSERT INTO `mc_zone` VALUES ('122', '5', 'Andorra la Vella', 'ALV', '1');
INSERT INTO `mc_zone` VALUES ('123', '5', 'Canillo', 'CAN', '1');
INSERT INTO `mc_zone` VALUES ('124', '5', 'Encamp', 'ENC', '1');
INSERT INTO `mc_zone` VALUES ('125', '5', 'Escaldes-Engordany', 'ESE', '1');
INSERT INTO `mc_zone` VALUES ('126', '5', 'La Massana', 'LMA', '1');
INSERT INTO `mc_zone` VALUES ('127', '5', 'Ordino', 'ORD', '1');
INSERT INTO `mc_zone` VALUES ('128', '5', 'Sant Julia de Loria', 'SJL', '1');
INSERT INTO `mc_zone` VALUES ('129', '6', 'Bengo', 'BGO', '1');
INSERT INTO `mc_zone` VALUES ('130', '6', 'Benguela', 'BGU', '1');
INSERT INTO `mc_zone` VALUES ('131', '6', 'Bie', 'BIE', '1');
INSERT INTO `mc_zone` VALUES ('132', '6', 'Cabinda', 'CAB', '1');
INSERT INTO `mc_zone` VALUES ('133', '6', 'Cuando-Cubango', 'CCU', '1');
INSERT INTO `mc_zone` VALUES ('134', '6', 'Cuanza Norte', 'CNO', '1');
INSERT INTO `mc_zone` VALUES ('135', '6', 'Cuanza Sul', 'CUS', '1');
INSERT INTO `mc_zone` VALUES ('136', '6', 'Cunene', 'CNN', '1');
INSERT INTO `mc_zone` VALUES ('137', '6', 'Huambo', 'HUA', '1');
INSERT INTO `mc_zone` VALUES ('138', '6', 'Huila', 'HUI', '1');
INSERT INTO `mc_zone` VALUES ('139', '6', 'Luanda', 'LUA', '1');
INSERT INTO `mc_zone` VALUES ('140', '6', 'Lunda Norte', 'LNO', '1');
INSERT INTO `mc_zone` VALUES ('141', '6', 'Lunda Sul', 'LSU', '1');
INSERT INTO `mc_zone` VALUES ('142', '6', 'Malange', 'MAL', '1');
INSERT INTO `mc_zone` VALUES ('143', '6', 'Moxico', 'MOX', '1');
INSERT INTO `mc_zone` VALUES ('144', '6', 'Namibe', 'NAM', '1');
INSERT INTO `mc_zone` VALUES ('145', '6', 'Uige', 'UIG', '1');
INSERT INTO `mc_zone` VALUES ('146', '6', 'Zaire', 'ZAI', '1');
INSERT INTO `mc_zone` VALUES ('147', '9', 'Saint George', 'ASG', '1');
INSERT INTO `mc_zone` VALUES ('148', '9', 'Saint John', 'ASJ', '1');
INSERT INTO `mc_zone` VALUES ('149', '9', 'Saint Mary', 'ASM', '1');
INSERT INTO `mc_zone` VALUES ('150', '9', 'Saint Paul', 'ASL', '1');
INSERT INTO `mc_zone` VALUES ('151', '9', 'Saint Peter', 'ASR', '1');
INSERT INTO `mc_zone` VALUES ('152', '9', 'Saint Philip', 'ASH', '1');
INSERT INTO `mc_zone` VALUES ('153', '9', 'Barbuda', 'BAR', '1');
INSERT INTO `mc_zone` VALUES ('154', '9', 'Redonda', 'RED', '1');
INSERT INTO `mc_zone` VALUES ('155', '10', 'Antartida e Islas del Atlantico', 'AN', '1');
INSERT INTO `mc_zone` VALUES ('156', '10', 'Buenos Aires', 'BA', '1');
INSERT INTO `mc_zone` VALUES ('157', '10', 'Catamarca', 'CA', '1');
INSERT INTO `mc_zone` VALUES ('158', '10', 'Chaco', 'CH', '1');
INSERT INTO `mc_zone` VALUES ('159', '10', 'Chubut', 'CU', '1');
INSERT INTO `mc_zone` VALUES ('160', '10', 'Cordoba', 'CO', '1');
INSERT INTO `mc_zone` VALUES ('161', '10', 'Corrientes', 'CR', '1');
INSERT INTO `mc_zone` VALUES ('162', '10', 'Distrito Federal', 'DF', '1');
INSERT INTO `mc_zone` VALUES ('163', '10', 'Entre Rios', 'ER', '1');
INSERT INTO `mc_zone` VALUES ('164', '10', 'Formosa', 'FO', '1');
INSERT INTO `mc_zone` VALUES ('165', '10', 'Jujuy', 'JU', '1');
INSERT INTO `mc_zone` VALUES ('166', '10', 'La Pampa', 'LP', '1');
INSERT INTO `mc_zone` VALUES ('167', '10', 'La Rioja', 'LR', '1');
INSERT INTO `mc_zone` VALUES ('168', '10', 'Mendoza', 'ME', '1');
INSERT INTO `mc_zone` VALUES ('169', '10', 'Misiones', 'MI', '1');
INSERT INTO `mc_zone` VALUES ('170', '10', 'Neuquen', 'NE', '1');
INSERT INTO `mc_zone` VALUES ('171', '10', 'Rio Negro', 'RN', '1');
INSERT INTO `mc_zone` VALUES ('172', '10', 'Salta', 'SA', '1');
INSERT INTO `mc_zone` VALUES ('173', '10', 'San Juan', 'SJ', '1');
INSERT INTO `mc_zone` VALUES ('174', '10', 'San Luis', 'SL', '1');
INSERT INTO `mc_zone` VALUES ('175', '10', 'Santa Cruz', 'SC', '1');
INSERT INTO `mc_zone` VALUES ('176', '10', 'Santa Fe', 'SF', '1');
INSERT INTO `mc_zone` VALUES ('177', '10', 'Santiago del Estero', 'SD', '1');
INSERT INTO `mc_zone` VALUES ('178', '10', 'Tierra del Fuego', 'TF', '1');
INSERT INTO `mc_zone` VALUES ('179', '10', 'Tucuman', 'TU', '1');
INSERT INTO `mc_zone` VALUES ('180', '11', 'Aragatsotn', 'AGT', '1');
INSERT INTO `mc_zone` VALUES ('181', '11', 'Ararat', 'ARR', '1');
INSERT INTO `mc_zone` VALUES ('182', '11', 'Armavir', 'ARM', '1');
INSERT INTO `mc_zone` VALUES ('183', '11', 'Geghark\'unik\'', 'GEG', '1');
INSERT INTO `mc_zone` VALUES ('184', '11', 'Kotayk\'', 'KOT', '1');
INSERT INTO `mc_zone` VALUES ('185', '11', 'Lorri', 'LOR', '1');
INSERT INTO `mc_zone` VALUES ('186', '11', 'Shirak', 'SHI', '1');
INSERT INTO `mc_zone` VALUES ('187', '11', 'Syunik\'', 'SYU', '1');
INSERT INTO `mc_zone` VALUES ('188', '11', 'Tavush', 'TAV', '1');
INSERT INTO `mc_zone` VALUES ('189', '11', 'Vayots\' Dzor', 'VAY', '1');
INSERT INTO `mc_zone` VALUES ('190', '11', 'Yerevan', 'YER', '1');
INSERT INTO `mc_zone` VALUES ('191', '13', 'Australian Capital Territory', 'ACT', '1');
INSERT INTO `mc_zone` VALUES ('192', '13', 'New South Wales', 'NSW', '1');
INSERT INTO `mc_zone` VALUES ('193', '13', 'Northern Territory', 'NT', '1');
INSERT INTO `mc_zone` VALUES ('194', '13', 'Queensland', 'QLD', '1');
INSERT INTO `mc_zone` VALUES ('195', '13', 'South Australia', 'SA', '1');
INSERT INTO `mc_zone` VALUES ('196', '13', 'Tasmania', 'TAS', '1');
INSERT INTO `mc_zone` VALUES ('197', '13', 'Victoria', 'VIC', '1');
INSERT INTO `mc_zone` VALUES ('198', '13', 'Western Australia', 'WA', '1');
INSERT INTO `mc_zone` VALUES ('199', '14', 'Burgenland', 'BUR', '1');
INSERT INTO `mc_zone` VALUES ('200', '14', 'Kärnten', 'KAR', '1');
INSERT INTO `mc_zone` VALUES ('201', '14', 'Nieder&ouml;sterreich', 'NOS', '1');
INSERT INTO `mc_zone` VALUES ('202', '14', 'Ober&ouml;sterreich', 'OOS', '1');
INSERT INTO `mc_zone` VALUES ('203', '14', 'Salzburg', 'SAL', '1');
INSERT INTO `mc_zone` VALUES ('204', '14', 'Steiermark', 'STE', '1');
INSERT INTO `mc_zone` VALUES ('205', '14', 'Tirol', 'TIR', '1');
INSERT INTO `mc_zone` VALUES ('206', '14', 'Vorarlberg', 'VOR', '1');
INSERT INTO `mc_zone` VALUES ('207', '14', 'Wien', 'WIE', '1');
INSERT INTO `mc_zone` VALUES ('208', '15', 'Ali Bayramli', 'AB', '1');
INSERT INTO `mc_zone` VALUES ('209', '15', 'Abseron', 'ABS', '1');
INSERT INTO `mc_zone` VALUES ('210', '15', 'AgcabAdi', 'AGC', '1');
INSERT INTO `mc_zone` VALUES ('211', '15', 'Agdam', 'AGM', '1');
INSERT INTO `mc_zone` VALUES ('212', '15', 'Agdas', 'AGS', '1');
INSERT INTO `mc_zone` VALUES ('213', '15', 'Agstafa', 'AGA', '1');
INSERT INTO `mc_zone` VALUES ('214', '15', 'Agsu', 'AGU', '1');
INSERT INTO `mc_zone` VALUES ('215', '15', 'Astara', 'AST', '1');
INSERT INTO `mc_zone` VALUES ('216', '15', 'Baki', 'BA', '1');
INSERT INTO `mc_zone` VALUES ('217', '15', 'BabAk', 'BAB', '1');
INSERT INTO `mc_zone` VALUES ('218', '15', 'BalakAn', 'BAL', '1');
INSERT INTO `mc_zone` VALUES ('219', '15', 'BArdA', 'BAR', '1');
INSERT INTO `mc_zone` VALUES ('220', '15', 'Beylaqan', 'BEY', '1');
INSERT INTO `mc_zone` VALUES ('221', '15', 'Bilasuvar', 'BIL', '1');
INSERT INTO `mc_zone` VALUES ('222', '15', 'Cabrayil', 'CAB', '1');
INSERT INTO `mc_zone` VALUES ('223', '15', 'Calilabab', 'CAL', '1');
INSERT INTO `mc_zone` VALUES ('224', '15', 'Culfa', 'CUL', '1');
INSERT INTO `mc_zone` VALUES ('225', '15', 'Daskasan', 'DAS', '1');
INSERT INTO `mc_zone` VALUES ('226', '15', 'Davaci', 'DAV', '1');
INSERT INTO `mc_zone` VALUES ('227', '15', 'Fuzuli', 'FUZ', '1');
INSERT INTO `mc_zone` VALUES ('228', '15', 'Ganca', 'GA', '1');
INSERT INTO `mc_zone` VALUES ('229', '15', 'Gadabay', 'GAD', '1');
INSERT INTO `mc_zone` VALUES ('230', '15', 'Goranboy', 'GOR', '1');
INSERT INTO `mc_zone` VALUES ('231', '15', 'Goycay', 'GOY', '1');
INSERT INTO `mc_zone` VALUES ('232', '15', 'Haciqabul', 'HAC', '1');
INSERT INTO `mc_zone` VALUES ('233', '15', 'Imisli', 'IMI', '1');
INSERT INTO `mc_zone` VALUES ('234', '15', 'Ismayilli', 'ISM', '1');
INSERT INTO `mc_zone` VALUES ('235', '15', 'Kalbacar', 'KAL', '1');
INSERT INTO `mc_zone` VALUES ('236', '15', 'Kurdamir', 'KUR', '1');
INSERT INTO `mc_zone` VALUES ('237', '15', 'Lankaran', 'LA', '1');
INSERT INTO `mc_zone` VALUES ('238', '15', 'Lacin', 'LAC', '1');
INSERT INTO `mc_zone` VALUES ('239', '15', 'Lankaran', 'LAN', '1');
INSERT INTO `mc_zone` VALUES ('240', '15', 'Lerik', 'LER', '1');
INSERT INTO `mc_zone` VALUES ('241', '15', 'Masalli', 'MAS', '1');
INSERT INTO `mc_zone` VALUES ('242', '15', 'Mingacevir', 'MI', '1');
INSERT INTO `mc_zone` VALUES ('243', '15', 'Naftalan', 'NA', '1');
INSERT INTO `mc_zone` VALUES ('244', '15', 'Neftcala', 'NEF', '1');
INSERT INTO `mc_zone` VALUES ('245', '15', 'Oguz', 'OGU', '1');
INSERT INTO `mc_zone` VALUES ('246', '15', 'Ordubad', 'ORD', '1');
INSERT INTO `mc_zone` VALUES ('247', '15', 'Qabala', 'QAB', '1');
INSERT INTO `mc_zone` VALUES ('248', '15', 'Qax', 'QAX', '1');
INSERT INTO `mc_zone` VALUES ('249', '15', 'Qazax', 'QAZ', '1');
INSERT INTO `mc_zone` VALUES ('250', '15', 'Qobustan', 'QOB', '1');
INSERT INTO `mc_zone` VALUES ('251', '15', 'Quba', 'QBA', '1');
INSERT INTO `mc_zone` VALUES ('252', '15', 'Qubadli', 'QBI', '1');
INSERT INTO `mc_zone` VALUES ('253', '15', 'Qusar', 'QUS', '1');
INSERT INTO `mc_zone` VALUES ('254', '15', 'Saki', 'SA', '1');
INSERT INTO `mc_zone` VALUES ('255', '15', 'Saatli', 'SAT', '1');
INSERT INTO `mc_zone` VALUES ('256', '15', 'Sabirabad', 'SAB', '1');
INSERT INTO `mc_zone` VALUES ('257', '15', 'Sadarak', 'SAD', '1');
INSERT INTO `mc_zone` VALUES ('258', '15', 'Sahbuz', 'SAH', '1');
INSERT INTO `mc_zone` VALUES ('259', '15', 'Saki', 'SAK', '1');
INSERT INTO `mc_zone` VALUES ('260', '15', 'Salyan', 'SAL', '1');
INSERT INTO `mc_zone` VALUES ('261', '15', 'Sumqayit', 'SM', '1');
INSERT INTO `mc_zone` VALUES ('262', '15', 'Samaxi', 'SMI', '1');
INSERT INTO `mc_zone` VALUES ('263', '15', 'Samkir', 'SKR', '1');
INSERT INTO `mc_zone` VALUES ('264', '15', 'Samux', 'SMX', '1');
INSERT INTO `mc_zone` VALUES ('265', '15', 'Sarur', 'SAR', '1');
INSERT INTO `mc_zone` VALUES ('266', '15', 'Siyazan', 'SIY', '1');
INSERT INTO `mc_zone` VALUES ('267', '15', 'Susa', 'SS', '1');
INSERT INTO `mc_zone` VALUES ('268', '15', 'Susa', 'SUS', '1');
INSERT INTO `mc_zone` VALUES ('269', '15', 'Tartar', 'TAR', '1');
INSERT INTO `mc_zone` VALUES ('270', '15', 'Tovuz', 'TOV', '1');
INSERT INTO `mc_zone` VALUES ('271', '15', 'Ucar', 'UCA', '1');
INSERT INTO `mc_zone` VALUES ('272', '15', 'Xankandi', 'XA', '1');
INSERT INTO `mc_zone` VALUES ('273', '15', 'Xacmaz', 'XAC', '1');
INSERT INTO `mc_zone` VALUES ('274', '15', 'Xanlar', 'XAN', '1');
INSERT INTO `mc_zone` VALUES ('275', '15', 'Xizi', 'XIZ', '1');
INSERT INTO `mc_zone` VALUES ('276', '15', 'Xocali', 'XCI', '1');
INSERT INTO `mc_zone` VALUES ('277', '15', 'Xocavand', 'XVD', '1');
INSERT INTO `mc_zone` VALUES ('278', '15', 'Yardimli', 'YAR', '1');
INSERT INTO `mc_zone` VALUES ('279', '15', 'Yevlax', 'YEV', '1');
INSERT INTO `mc_zone` VALUES ('280', '15', 'Zangilan', 'ZAN', '1');
INSERT INTO `mc_zone` VALUES ('281', '15', 'Zaqatala', 'ZAQ', '1');
INSERT INTO `mc_zone` VALUES ('282', '15', 'Zardab', 'ZAR', '1');
INSERT INTO `mc_zone` VALUES ('283', '15', 'Naxcivan', 'NX', '1');
INSERT INTO `mc_zone` VALUES ('284', '16', 'Acklins', 'ACK', '1');
INSERT INTO `mc_zone` VALUES ('285', '16', 'Berry Islands', 'BER', '1');
INSERT INTO `mc_zone` VALUES ('286', '16', 'Bimini', 'BIM', '1');
INSERT INTO `mc_zone` VALUES ('287', '16', 'Black Point', 'BLK', '1');
INSERT INTO `mc_zone` VALUES ('288', '16', 'Cat Island', 'CAT', '1');
INSERT INTO `mc_zone` VALUES ('289', '16', 'Central Abaco', 'CAB', '1');
INSERT INTO `mc_zone` VALUES ('290', '16', 'Central Andros', 'CAN', '1');
INSERT INTO `mc_zone` VALUES ('291', '16', 'Central Eleuthera', 'CEL', '1');
INSERT INTO `mc_zone` VALUES ('292', '16', 'City of Freeport', 'FRE', '1');
INSERT INTO `mc_zone` VALUES ('293', '16', 'Crooked Island', 'CRO', '1');
INSERT INTO `mc_zone` VALUES ('294', '16', 'East Grand Bahama', 'EGB', '1');
INSERT INTO `mc_zone` VALUES ('295', '16', 'Exuma', 'EXU', '1');
INSERT INTO `mc_zone` VALUES ('296', '16', 'Grand Cay', 'GRD', '1');
INSERT INTO `mc_zone` VALUES ('297', '16', 'Harbour Island', 'HAR', '1');
INSERT INTO `mc_zone` VALUES ('298', '16', 'Hope Town', 'HOP', '1');
INSERT INTO `mc_zone` VALUES ('299', '16', 'Inagua', 'INA', '1');
INSERT INTO `mc_zone` VALUES ('300', '16', 'Long Island', 'LNG', '1');
INSERT INTO `mc_zone` VALUES ('301', '16', 'Mangrove Cay', 'MAN', '1');
INSERT INTO `mc_zone` VALUES ('302', '16', 'Mayaguana', 'MAY', '1');
INSERT INTO `mc_zone` VALUES ('303', '16', 'Moore\'s Island', 'MOO', '1');
INSERT INTO `mc_zone` VALUES ('304', '16', 'North Abaco', 'NAB', '1');
INSERT INTO `mc_zone` VALUES ('305', '16', 'North Andros', 'NAN', '1');
INSERT INTO `mc_zone` VALUES ('306', '16', 'North Eleuthera', 'NEL', '1');
INSERT INTO `mc_zone` VALUES ('307', '16', 'Ragged Island', 'RAG', '1');
INSERT INTO `mc_zone` VALUES ('308', '16', 'Rum Cay', 'RUM', '1');
INSERT INTO `mc_zone` VALUES ('309', '16', 'San Salvador', 'SAL', '1');
INSERT INTO `mc_zone` VALUES ('310', '16', 'South Abaco', 'SAB', '1');
INSERT INTO `mc_zone` VALUES ('311', '16', 'South Andros', 'SAN', '1');
INSERT INTO `mc_zone` VALUES ('312', '16', 'South Eleuthera', 'SEL', '1');
INSERT INTO `mc_zone` VALUES ('313', '16', 'Spanish Wells', 'SWE', '1');
INSERT INTO `mc_zone` VALUES ('314', '16', 'West Grand Bahama', 'WGB', '1');
INSERT INTO `mc_zone` VALUES ('315', '17', 'Capital', 'CAP', '1');
INSERT INTO `mc_zone` VALUES ('316', '17', 'Central', 'CEN', '1');
INSERT INTO `mc_zone` VALUES ('317', '17', 'Muharraq', 'MUH', '1');
INSERT INTO `mc_zone` VALUES ('318', '17', 'Northern', 'NOR', '1');
INSERT INTO `mc_zone` VALUES ('319', '17', 'Southern', 'SOU', '1');
INSERT INTO `mc_zone` VALUES ('320', '18', 'Barisal', 'BAR', '1');
INSERT INTO `mc_zone` VALUES ('321', '18', 'Chittagong', 'CHI', '1');
INSERT INTO `mc_zone` VALUES ('322', '18', 'Dhaka', 'DHA', '1');
INSERT INTO `mc_zone` VALUES ('323', '18', 'Khulna', 'KHU', '1');
INSERT INTO `mc_zone` VALUES ('324', '18', 'Rajshahi', 'RAJ', '1');
INSERT INTO `mc_zone` VALUES ('325', '18', 'Sylhet', 'SYL', '1');
INSERT INTO `mc_zone` VALUES ('326', '19', 'Christ Church', 'CC', '1');
INSERT INTO `mc_zone` VALUES ('327', '19', 'Saint Andrew', 'AND', '1');
INSERT INTO `mc_zone` VALUES ('328', '19', 'Saint George', 'GEO', '1');
INSERT INTO `mc_zone` VALUES ('329', '19', 'Saint James', 'JAM', '1');
INSERT INTO `mc_zone` VALUES ('330', '19', 'Saint John', 'JOH', '1');
INSERT INTO `mc_zone` VALUES ('331', '19', 'Saint Joseph', 'JOS', '1');
INSERT INTO `mc_zone` VALUES ('332', '19', 'Saint Lucy', 'LUC', '1');
INSERT INTO `mc_zone` VALUES ('333', '19', 'Saint Michael', 'MIC', '1');
INSERT INTO `mc_zone` VALUES ('334', '19', 'Saint Peter', 'PET', '1');
INSERT INTO `mc_zone` VALUES ('335', '19', 'Saint Philip', 'PHI', '1');
INSERT INTO `mc_zone` VALUES ('336', '19', 'Saint Thomas', 'THO', '1');
INSERT INTO `mc_zone` VALUES ('337', '20', 'Brestskaya (Brest)', 'BR', '1');
INSERT INTO `mc_zone` VALUES ('338', '20', 'Homyel\'skaya (Homyel\')', 'HO', '1');
INSERT INTO `mc_zone` VALUES ('339', '20', 'Horad Minsk', 'HM', '1');
INSERT INTO `mc_zone` VALUES ('340', '20', 'Hrodzyenskaya (Hrodna)', 'HR', '1');
INSERT INTO `mc_zone` VALUES ('341', '20', 'Mahilyowskaya (Mahilyow)', 'MA', '1');
INSERT INTO `mc_zone` VALUES ('342', '20', 'Minskaya', 'MI', '1');
INSERT INTO `mc_zone` VALUES ('343', '20', 'Vitsyebskaya (Vitsyebsk)', 'VI', '1');
INSERT INTO `mc_zone` VALUES ('344', '21', 'Antwerpen', 'VAN', '1');
INSERT INTO `mc_zone` VALUES ('345', '21', 'Brabant Wallon', 'WBR', '1');
INSERT INTO `mc_zone` VALUES ('346', '21', 'Hainaut', 'WHT', '1');
INSERT INTO `mc_zone` VALUES ('347', '21', 'Liège', 'WLG', '1');
INSERT INTO `mc_zone` VALUES ('348', '21', 'Limburg', 'VLI', '1');
INSERT INTO `mc_zone` VALUES ('349', '21', 'Luxembourg', 'WLX', '1');
INSERT INTO `mc_zone` VALUES ('350', '21', 'Namur', 'WNA', '1');
INSERT INTO `mc_zone` VALUES ('351', '21', 'Oost-Vlaanderen', 'VOV', '1');
INSERT INTO `mc_zone` VALUES ('352', '21', 'Vlaams Brabant', 'VBR', '1');
INSERT INTO `mc_zone` VALUES ('353', '21', 'West-Vlaanderen', 'VWV', '1');
INSERT INTO `mc_zone` VALUES ('354', '22', 'Belize', 'BZ', '1');
INSERT INTO `mc_zone` VALUES ('355', '22', 'Cayo', 'CY', '1');
INSERT INTO `mc_zone` VALUES ('356', '22', 'Corozal', 'CR', '1');
INSERT INTO `mc_zone` VALUES ('357', '22', 'Orange Walk', 'OW', '1');
INSERT INTO `mc_zone` VALUES ('358', '22', 'Stann Creek', 'SC', '1');
INSERT INTO `mc_zone` VALUES ('359', '22', 'Toledo', 'TO', '1');
INSERT INTO `mc_zone` VALUES ('360', '23', 'Alibori', 'AL', '1');
INSERT INTO `mc_zone` VALUES ('361', '23', 'Atakora', 'AK', '1');
INSERT INTO `mc_zone` VALUES ('362', '23', 'Atlantique', 'AQ', '1');
INSERT INTO `mc_zone` VALUES ('363', '23', 'Borgou', 'BO', '1');
INSERT INTO `mc_zone` VALUES ('364', '23', 'Collines', 'CO', '1');
INSERT INTO `mc_zone` VALUES ('365', '23', 'Donga', 'DO', '1');
INSERT INTO `mc_zone` VALUES ('366', '23', 'Kouffo', 'KO', '1');
INSERT INTO `mc_zone` VALUES ('367', '23', 'Littoral', 'LI', '1');
INSERT INTO `mc_zone` VALUES ('368', '23', 'Mono', 'MO', '1');
INSERT INTO `mc_zone` VALUES ('369', '23', 'Oueme', 'OU', '1');
INSERT INTO `mc_zone` VALUES ('370', '23', 'Plateau', 'PL', '1');
INSERT INTO `mc_zone` VALUES ('371', '23', 'Zou', 'ZO', '1');
INSERT INTO `mc_zone` VALUES ('372', '24', 'Devonshire', 'DS', '1');
INSERT INTO `mc_zone` VALUES ('373', '24', 'Hamilton City', 'HC', '1');
INSERT INTO `mc_zone` VALUES ('374', '24', 'Hamilton', 'HA', '1');
INSERT INTO `mc_zone` VALUES ('375', '24', 'Paget', 'PG', '1');
INSERT INTO `mc_zone` VALUES ('376', '24', 'Pembroke', 'PB', '1');
INSERT INTO `mc_zone` VALUES ('377', '24', 'Saint George City', 'GC', '1');
INSERT INTO `mc_zone` VALUES ('378', '24', 'Saint George\'s', 'SG', '1');
INSERT INTO `mc_zone` VALUES ('379', '24', 'Sandys', 'SA', '1');
INSERT INTO `mc_zone` VALUES ('380', '24', 'Smith\'s', 'SM', '1');
INSERT INTO `mc_zone` VALUES ('381', '24', 'Southampton', 'SH', '1');
INSERT INTO `mc_zone` VALUES ('382', '24', 'Warwick', 'WA', '1');
INSERT INTO `mc_zone` VALUES ('383', '25', 'Bumthang', 'BUM', '1');
INSERT INTO `mc_zone` VALUES ('384', '25', 'Chukha', 'CHU', '1');
INSERT INTO `mc_zone` VALUES ('385', '25', 'Dagana', 'DAG', '1');
INSERT INTO `mc_zone` VALUES ('386', '25', 'Gasa', 'GAS', '1');
INSERT INTO `mc_zone` VALUES ('387', '25', 'Haa', 'HAA', '1');
INSERT INTO `mc_zone` VALUES ('388', '25', 'Lhuntse', 'LHU', '1');
INSERT INTO `mc_zone` VALUES ('389', '25', 'Mongar', 'MON', '1');
INSERT INTO `mc_zone` VALUES ('390', '25', 'Paro', 'PAR', '1');
INSERT INTO `mc_zone` VALUES ('391', '25', 'Pemagatshel', 'PEM', '1');
INSERT INTO `mc_zone` VALUES ('392', '25', 'Punakha', 'PUN', '1');
INSERT INTO `mc_zone` VALUES ('393', '25', 'Samdrup Jongkhar', 'SJO', '1');
INSERT INTO `mc_zone` VALUES ('394', '25', 'Samtse', 'SAT', '1');
INSERT INTO `mc_zone` VALUES ('395', '25', 'Sarpang', 'SAR', '1');
INSERT INTO `mc_zone` VALUES ('396', '25', 'Thimphu', 'THI', '1');
INSERT INTO `mc_zone` VALUES ('397', '25', 'Trashigang', 'TRG', '1');
INSERT INTO `mc_zone` VALUES ('398', '25', 'Trashiyangste', 'TRY', '1');
INSERT INTO `mc_zone` VALUES ('399', '25', 'Trongsa', 'TRO', '1');
INSERT INTO `mc_zone` VALUES ('400', '25', 'Tsirang', 'TSI', '1');
INSERT INTO `mc_zone` VALUES ('401', '25', 'Wangdue Phodrang', 'WPH', '1');
INSERT INTO `mc_zone` VALUES ('402', '25', 'Zhemgang', 'ZHE', '1');
INSERT INTO `mc_zone` VALUES ('403', '26', 'Beni', 'BEN', '1');
INSERT INTO `mc_zone` VALUES ('404', '26', 'Chuquisaca', 'CHU', '1');
INSERT INTO `mc_zone` VALUES ('405', '26', 'Cochabamba', 'COC', '1');
INSERT INTO `mc_zone` VALUES ('406', '26', 'La Paz', 'LPZ', '1');
INSERT INTO `mc_zone` VALUES ('407', '26', 'Oruro', 'ORU', '1');
INSERT INTO `mc_zone` VALUES ('408', '26', 'Pando', 'PAN', '1');
INSERT INTO `mc_zone` VALUES ('409', '26', 'Potosi', 'POT', '1');
INSERT INTO `mc_zone` VALUES ('410', '26', 'Santa Cruz', 'SCZ', '1');
INSERT INTO `mc_zone` VALUES ('411', '26', 'Tarija', 'TAR', '1');
INSERT INTO `mc_zone` VALUES ('412', '27', 'Brcko district', 'BRO', '1');
INSERT INTO `mc_zone` VALUES ('413', '27', 'Unsko-Sanski Kanton', 'FUS', '1');
INSERT INTO `mc_zone` VALUES ('414', '27', 'Posavski Kanton', 'FPO', '1');
INSERT INTO `mc_zone` VALUES ('415', '27', 'Tuzlanski Kanton', 'FTU', '1');
INSERT INTO `mc_zone` VALUES ('416', '27', 'Zenicko-Dobojski Kanton', 'FZE', '1');
INSERT INTO `mc_zone` VALUES ('417', '27', 'Bosanskopodrinjski Kanton', 'FBP', '1');
INSERT INTO `mc_zone` VALUES ('418', '27', 'Srednjebosanski Kanton', 'FSB', '1');
INSERT INTO `mc_zone` VALUES ('419', '27', 'Hercegovacko-neretvanski Kanton', 'FHN', '1');
INSERT INTO `mc_zone` VALUES ('420', '27', 'Zapadnohercegovacka Zupanija', 'FZH', '1');
INSERT INTO `mc_zone` VALUES ('421', '27', 'Kanton Sarajevo', 'FSA', '1');
INSERT INTO `mc_zone` VALUES ('422', '27', 'Zapadnobosanska', 'FZA', '1');
INSERT INTO `mc_zone` VALUES ('423', '27', 'Banja Luka', 'SBL', '1');
INSERT INTO `mc_zone` VALUES ('424', '27', 'Doboj', 'SDO', '1');
INSERT INTO `mc_zone` VALUES ('425', '27', 'Bijeljina', 'SBI', '1');
INSERT INTO `mc_zone` VALUES ('426', '27', 'Vlasenica', 'SVL', '1');
INSERT INTO `mc_zone` VALUES ('427', '27', 'Sarajevo-Romanija or Sokolac', 'SSR', '1');
INSERT INTO `mc_zone` VALUES ('428', '27', 'Foca', 'SFO', '1');
INSERT INTO `mc_zone` VALUES ('429', '27', 'Trebinje', 'STR', '1');
INSERT INTO `mc_zone` VALUES ('430', '28', 'Central', 'CE', '1');
INSERT INTO `mc_zone` VALUES ('431', '28', 'Ghanzi', 'GH', '1');
INSERT INTO `mc_zone` VALUES ('432', '28', 'Kgalagadi', 'KD', '1');
INSERT INTO `mc_zone` VALUES ('433', '28', 'Kgatleng', 'KT', '1');
INSERT INTO `mc_zone` VALUES ('434', '28', 'Kweneng', 'KW', '1');
INSERT INTO `mc_zone` VALUES ('435', '28', 'Ngamiland', 'NG', '1');
INSERT INTO `mc_zone` VALUES ('436', '28', 'North East', 'NE', '1');
INSERT INTO `mc_zone` VALUES ('437', '28', 'North West', 'NW', '1');
INSERT INTO `mc_zone` VALUES ('438', '28', 'South East', 'SE', '1');
INSERT INTO `mc_zone` VALUES ('439', '28', 'Southern', 'SO', '1');
INSERT INTO `mc_zone` VALUES ('440', '30', 'Acre', 'AC', '1');
INSERT INTO `mc_zone` VALUES ('441', '30', 'Alagoas', 'AL', '1');
INSERT INTO `mc_zone` VALUES ('442', '30', 'Amapá', 'AP', '1');
INSERT INTO `mc_zone` VALUES ('443', '30', 'Amazonas', 'AM', '1');
INSERT INTO `mc_zone` VALUES ('444', '30', 'Bahia', 'BA', '1');
INSERT INTO `mc_zone` VALUES ('445', '30', 'Ceará', 'CE', '1');
INSERT INTO `mc_zone` VALUES ('446', '30', 'Distrito Federal', 'DF', '1');
INSERT INTO `mc_zone` VALUES ('447', '30', 'Espírito Santo', 'ES', '1');
INSERT INTO `mc_zone` VALUES ('448', '30', 'Goiás', 'GO', '1');
INSERT INTO `mc_zone` VALUES ('449', '30', 'Maranhão', 'MA', '1');
INSERT INTO `mc_zone` VALUES ('450', '30', 'Mato Grosso', 'MT', '1');
INSERT INTO `mc_zone` VALUES ('451', '30', 'Mato Grosso do Sul', 'MS', '1');
INSERT INTO `mc_zone` VALUES ('452', '30', 'Minas Gerais', 'MG', '1');
INSERT INTO `mc_zone` VALUES ('453', '30', 'Pará', 'PA', '1');
INSERT INTO `mc_zone` VALUES ('454', '30', 'Paraíba', 'PB', '1');
INSERT INTO `mc_zone` VALUES ('455', '30', 'Paraná', 'PR', '1');
INSERT INTO `mc_zone` VALUES ('456', '30', 'Pernambuco', 'PE', '1');
INSERT INTO `mc_zone` VALUES ('457', '30', 'Piauí', 'PI', '1');
INSERT INTO `mc_zone` VALUES ('458', '30', 'Rio de Janeiro', 'RJ', '1');
INSERT INTO `mc_zone` VALUES ('459', '30', 'Rio Grande do Norte', 'RN', '1');
INSERT INTO `mc_zone` VALUES ('460', '30', 'Rio Grande do Sul', 'RS', '1');
INSERT INTO `mc_zone` VALUES ('461', '30', 'Rondônia', 'RO', '1');
INSERT INTO `mc_zone` VALUES ('462', '30', 'Roraima', 'RR', '1');
INSERT INTO `mc_zone` VALUES ('463', '30', 'Santa Catarina', 'SC', '1');
INSERT INTO `mc_zone` VALUES ('464', '30', 'São Paulo', 'SP', '1');
INSERT INTO `mc_zone` VALUES ('465', '30', 'Sergipe', 'SE', '1');
INSERT INTO `mc_zone` VALUES ('466', '30', 'Tocantins', 'TO', '1');
INSERT INTO `mc_zone` VALUES ('467', '31', 'Peros Banhos', 'PB', '1');
INSERT INTO `mc_zone` VALUES ('468', '31', 'Salomon Islands', 'SI', '1');
INSERT INTO `mc_zone` VALUES ('469', '31', 'Nelsons Island', 'NI', '1');
INSERT INTO `mc_zone` VALUES ('470', '31', 'Three Brothers', 'TB', '1');
INSERT INTO `mc_zone` VALUES ('471', '31', 'Eagle Islands', 'EA', '1');
INSERT INTO `mc_zone` VALUES ('472', '31', 'Danger Island', 'DI', '1');
INSERT INTO `mc_zone` VALUES ('473', '31', 'Egmont Islands', 'EG', '1');
INSERT INTO `mc_zone` VALUES ('474', '31', 'Diego Garcia', 'DG', '1');
INSERT INTO `mc_zone` VALUES ('475', '32', 'Belait', 'BEL', '1');
INSERT INTO `mc_zone` VALUES ('476', '32', 'Brunei and Muara', 'BRM', '1');
INSERT INTO `mc_zone` VALUES ('477', '32', 'Temburong', 'TEM', '1');
INSERT INTO `mc_zone` VALUES ('478', '32', 'Tutong', 'TUT', '1');
INSERT INTO `mc_zone` VALUES ('479', '33', 'Blagoevgrad', '', '1');
INSERT INTO `mc_zone` VALUES ('480', '33', 'Burgas', '', '1');
INSERT INTO `mc_zone` VALUES ('481', '33', 'Dobrich', '', '1');
INSERT INTO `mc_zone` VALUES ('482', '33', 'Gabrovo', '', '1');
INSERT INTO `mc_zone` VALUES ('483', '33', 'Haskovo', '', '1');
INSERT INTO `mc_zone` VALUES ('484', '33', 'Kardjali', '', '1');
INSERT INTO `mc_zone` VALUES ('485', '33', 'Kyustendil', '', '1');
INSERT INTO `mc_zone` VALUES ('486', '33', 'Lovech', '', '1');
INSERT INTO `mc_zone` VALUES ('487', '33', 'Montana', '', '1');
INSERT INTO `mc_zone` VALUES ('488', '33', 'Pazardjik', '', '1');
INSERT INTO `mc_zone` VALUES ('489', '33', 'Pernik', '', '1');
INSERT INTO `mc_zone` VALUES ('490', '33', 'Pleven', '', '1');
INSERT INTO `mc_zone` VALUES ('491', '33', 'Plovdiv', '', '1');
INSERT INTO `mc_zone` VALUES ('492', '33', 'Razgrad', '', '1');
INSERT INTO `mc_zone` VALUES ('493', '33', 'Shumen', '', '1');
INSERT INTO `mc_zone` VALUES ('494', '33', 'Silistra', '', '1');
INSERT INTO `mc_zone` VALUES ('495', '33', 'Sliven', '', '1');
INSERT INTO `mc_zone` VALUES ('496', '33', 'Smolyan', '', '1');
INSERT INTO `mc_zone` VALUES ('497', '33', 'Sofia', '', '1');
INSERT INTO `mc_zone` VALUES ('498', '33', 'Sofia - town', '', '1');
INSERT INTO `mc_zone` VALUES ('499', '33', 'Stara Zagora', '', '1');
INSERT INTO `mc_zone` VALUES ('500', '33', 'Targovishte', '', '1');
INSERT INTO `mc_zone` VALUES ('501', '33', 'Varna', '', '1');
INSERT INTO `mc_zone` VALUES ('502', '33', 'Veliko Tarnovo', '', '1');
INSERT INTO `mc_zone` VALUES ('503', '33', 'Vidin', '', '1');
INSERT INTO `mc_zone` VALUES ('504', '33', 'Vratza', '', '1');
INSERT INTO `mc_zone` VALUES ('505', '33', 'Yambol', '', '1');
INSERT INTO `mc_zone` VALUES ('506', '34', 'Bale', 'BAL', '1');
INSERT INTO `mc_zone` VALUES ('507', '34', 'Bam', 'BAM', '1');
INSERT INTO `mc_zone` VALUES ('508', '34', 'Banwa', 'BAN', '1');
INSERT INTO `mc_zone` VALUES ('509', '34', 'Bazega', 'BAZ', '1');
INSERT INTO `mc_zone` VALUES ('510', '34', 'Bougouriba', 'BOR', '1');
INSERT INTO `mc_zone` VALUES ('511', '34', 'Boulgou', 'BLG', '1');
INSERT INTO `mc_zone` VALUES ('512', '34', 'Boulkiemde', 'BOK', '1');
INSERT INTO `mc_zone` VALUES ('513', '34', 'Comoe', 'COM', '1');
INSERT INTO `mc_zone` VALUES ('514', '34', 'Ganzourgou', 'GAN', '1');
INSERT INTO `mc_zone` VALUES ('515', '34', 'Gnagna', 'GNA', '1');
INSERT INTO `mc_zone` VALUES ('516', '34', 'Gourma', 'GOU', '1');
INSERT INTO `mc_zone` VALUES ('517', '34', 'Houet', 'HOU', '1');
INSERT INTO `mc_zone` VALUES ('518', '34', 'Ioba', 'IOA', '1');
INSERT INTO `mc_zone` VALUES ('519', '34', 'Kadiogo', 'KAD', '1');
INSERT INTO `mc_zone` VALUES ('520', '34', 'Kenedougou', 'KEN', '1');
INSERT INTO `mc_zone` VALUES ('521', '34', 'Komondjari', 'KOD', '1');
INSERT INTO `mc_zone` VALUES ('522', '34', 'Kompienga', 'KOP', '1');
INSERT INTO `mc_zone` VALUES ('523', '34', 'Kossi', 'KOS', '1');
INSERT INTO `mc_zone` VALUES ('524', '34', 'Koulpelogo', 'KOL', '1');
INSERT INTO `mc_zone` VALUES ('525', '34', 'Kouritenga', 'KOT', '1');
INSERT INTO `mc_zone` VALUES ('526', '34', 'Kourweogo', 'KOW', '1');
INSERT INTO `mc_zone` VALUES ('527', '34', 'Leraba', 'LER', '1');
INSERT INTO `mc_zone` VALUES ('528', '34', 'Loroum', 'LOR', '1');
INSERT INTO `mc_zone` VALUES ('529', '34', 'Mouhoun', 'MOU', '1');
INSERT INTO `mc_zone` VALUES ('530', '34', 'Nahouri', 'NAH', '1');
INSERT INTO `mc_zone` VALUES ('531', '34', 'Namentenga', 'NAM', '1');
INSERT INTO `mc_zone` VALUES ('532', '34', 'Nayala', 'NAY', '1');
INSERT INTO `mc_zone` VALUES ('533', '34', 'Noumbiel', 'NOU', '1');
INSERT INTO `mc_zone` VALUES ('534', '34', 'Oubritenga', 'OUB', '1');
INSERT INTO `mc_zone` VALUES ('535', '34', 'Oudalan', 'OUD', '1');
INSERT INTO `mc_zone` VALUES ('536', '34', 'Passore', 'PAS', '1');
INSERT INTO `mc_zone` VALUES ('537', '34', 'Poni', 'PON', '1');
INSERT INTO `mc_zone` VALUES ('538', '34', 'Sanguie', 'SAG', '1');
INSERT INTO `mc_zone` VALUES ('539', '34', 'Sanmatenga', 'SAM', '1');
INSERT INTO `mc_zone` VALUES ('540', '34', 'Seno', 'SEN', '1');
INSERT INTO `mc_zone` VALUES ('541', '34', 'Sissili', 'SIS', '1');
INSERT INTO `mc_zone` VALUES ('542', '34', 'Soum', 'SOM', '1');
INSERT INTO `mc_zone` VALUES ('543', '34', 'Sourou', 'SOR', '1');
INSERT INTO `mc_zone` VALUES ('544', '34', 'Tapoa', 'TAP', '1');
INSERT INTO `mc_zone` VALUES ('545', '34', 'Tuy', 'TUY', '1');
INSERT INTO `mc_zone` VALUES ('546', '34', 'Yagha', 'YAG', '1');
INSERT INTO `mc_zone` VALUES ('547', '34', 'Yatenga', 'YAT', '1');
INSERT INTO `mc_zone` VALUES ('548', '34', 'Ziro', 'ZIR', '1');
INSERT INTO `mc_zone` VALUES ('549', '34', 'Zondoma', 'ZOD', '1');
INSERT INTO `mc_zone` VALUES ('550', '34', 'Zoundweogo', 'ZOW', '1');
INSERT INTO `mc_zone` VALUES ('551', '35', 'Bubanza', 'BB', '1');
INSERT INTO `mc_zone` VALUES ('552', '35', 'Bujumbura', 'BJ', '1');
INSERT INTO `mc_zone` VALUES ('553', '35', 'Bururi', 'BR', '1');
INSERT INTO `mc_zone` VALUES ('554', '35', 'Cankuzo', 'CA', '1');
INSERT INTO `mc_zone` VALUES ('555', '35', 'Cibitoke', 'CI', '1');
INSERT INTO `mc_zone` VALUES ('556', '35', 'Gitega', 'GI', '1');
INSERT INTO `mc_zone` VALUES ('557', '35', 'Karuzi', 'KR', '1');
INSERT INTO `mc_zone` VALUES ('558', '35', 'Kayanza', 'KY', '1');
INSERT INTO `mc_zone` VALUES ('559', '35', 'Kirundo', 'KI', '1');
INSERT INTO `mc_zone` VALUES ('560', '35', 'Makamba', 'MA', '1');
INSERT INTO `mc_zone` VALUES ('561', '35', 'Muramvya', 'MU', '1');
INSERT INTO `mc_zone` VALUES ('562', '35', 'Muyinga', 'MY', '1');
INSERT INTO `mc_zone` VALUES ('563', '35', 'Mwaro', 'MW', '1');
INSERT INTO `mc_zone` VALUES ('564', '35', 'Ngozi', 'NG', '1');
INSERT INTO `mc_zone` VALUES ('565', '35', 'Rutana', 'RT', '1');
INSERT INTO `mc_zone` VALUES ('566', '35', 'Ruyigi', 'RY', '1');
INSERT INTO `mc_zone` VALUES ('567', '36', 'Phnom Penh', 'PP', '1');
INSERT INTO `mc_zone` VALUES ('568', '36', 'Preah Seihanu (Kompong Som or Sihanoukville)', 'PS', '1');
INSERT INTO `mc_zone` VALUES ('569', '36', 'Pailin', 'PA', '1');
INSERT INTO `mc_zone` VALUES ('570', '36', 'Keb', 'KB', '1');
INSERT INTO `mc_zone` VALUES ('571', '36', 'Banteay Meanchey', 'BM', '1');
INSERT INTO `mc_zone` VALUES ('572', '36', 'Battambang', 'BA', '1');
INSERT INTO `mc_zone` VALUES ('573', '36', 'Kampong Cham', 'KM', '1');
INSERT INTO `mc_zone` VALUES ('574', '36', 'Kampong Chhnang', 'KN', '1');
INSERT INTO `mc_zone` VALUES ('575', '36', 'Kampong Speu', 'KU', '1');
INSERT INTO `mc_zone` VALUES ('576', '36', 'Kampong Som', 'KO', '1');
INSERT INTO `mc_zone` VALUES ('577', '36', 'Kampong Thom', 'KT', '1');
INSERT INTO `mc_zone` VALUES ('578', '36', 'Kampot', 'KP', '1');
INSERT INTO `mc_zone` VALUES ('579', '36', 'Kandal', 'KL', '1');
INSERT INTO `mc_zone` VALUES ('580', '36', 'Kaoh Kong', 'KK', '1');
INSERT INTO `mc_zone` VALUES ('581', '36', 'Kratie', 'KR', '1');
INSERT INTO `mc_zone` VALUES ('582', '36', 'Mondul Kiri', 'MK', '1');
INSERT INTO `mc_zone` VALUES ('583', '36', 'Oddar Meancheay', 'OM', '1');
INSERT INTO `mc_zone` VALUES ('584', '36', 'Pursat', 'PU', '1');
INSERT INTO `mc_zone` VALUES ('585', '36', 'Preah Vihear', 'PR', '1');
INSERT INTO `mc_zone` VALUES ('586', '36', 'Prey Veng', 'PG', '1');
INSERT INTO `mc_zone` VALUES ('587', '36', 'Ratanak Kiri', 'RK', '1');
INSERT INTO `mc_zone` VALUES ('588', '36', 'Siemreap', 'SI', '1');
INSERT INTO `mc_zone` VALUES ('589', '36', 'Stung Treng', 'ST', '1');
INSERT INTO `mc_zone` VALUES ('590', '36', 'Svay Rieng', 'SR', '1');
INSERT INTO `mc_zone` VALUES ('591', '36', 'Takeo', 'TK', '1');
INSERT INTO `mc_zone` VALUES ('592', '37', 'Adamawa (Adamaoua)', 'ADA', '1');
INSERT INTO `mc_zone` VALUES ('593', '37', 'Centre', 'CEN', '1');
INSERT INTO `mc_zone` VALUES ('594', '37', 'East (Est)', 'EST', '1');
INSERT INTO `mc_zone` VALUES ('595', '37', 'Extreme North (Extreme-Nord)', 'EXN', '1');
INSERT INTO `mc_zone` VALUES ('596', '37', 'Littoral', 'LIT', '1');
INSERT INTO `mc_zone` VALUES ('597', '37', 'North (Nord)', 'NOR', '1');
INSERT INTO `mc_zone` VALUES ('598', '37', 'Northwest (Nord-Ouest)', 'NOT', '1');
INSERT INTO `mc_zone` VALUES ('599', '37', 'West (Ouest)', 'OUE', '1');
INSERT INTO `mc_zone` VALUES ('600', '37', 'South (Sud)', 'SUD', '1');
INSERT INTO `mc_zone` VALUES ('601', '37', 'Southwest (Sud-Ouest).', 'SOU', '1');
INSERT INTO `mc_zone` VALUES ('602', '38', 'Alberta', 'AB', '1');
INSERT INTO `mc_zone` VALUES ('603', '38', 'British Columbia', 'BC', '1');
INSERT INTO `mc_zone` VALUES ('604', '38', 'Manitoba', 'MB', '1');
INSERT INTO `mc_zone` VALUES ('605', '38', 'New Brunswick', 'NB', '1');
INSERT INTO `mc_zone` VALUES ('606', '38', 'Newfoundland and Labrador', 'NL', '1');
INSERT INTO `mc_zone` VALUES ('607', '38', 'Northwest Territories', 'NT', '1');
INSERT INTO `mc_zone` VALUES ('608', '38', 'Nova Scotia', 'NS', '1');
INSERT INTO `mc_zone` VALUES ('609', '38', 'Nunavut', 'NU', '1');
INSERT INTO `mc_zone` VALUES ('610', '38', 'Ontario', 'ON', '1');
INSERT INTO `mc_zone` VALUES ('611', '38', 'Prince Edward Island', 'PE', '1');
INSERT INTO `mc_zone` VALUES ('612', '38', 'Qu&eacute;bec', 'QC', '1');
INSERT INTO `mc_zone` VALUES ('613', '38', 'Saskatchewan', 'SK', '1');
INSERT INTO `mc_zone` VALUES ('614', '38', 'Yukon Territory', 'YT', '1');
INSERT INTO `mc_zone` VALUES ('615', '39', 'Boa Vista', 'BV', '1');
INSERT INTO `mc_zone` VALUES ('616', '39', 'Brava', 'BR', '1');
INSERT INTO `mc_zone` VALUES ('617', '39', 'Calheta de Sao Miguel', 'CS', '1');
INSERT INTO `mc_zone` VALUES ('618', '39', 'Maio', 'MA', '1');
INSERT INTO `mc_zone` VALUES ('619', '39', 'Mosteiros', 'MO', '1');
INSERT INTO `mc_zone` VALUES ('620', '39', 'Paul', 'PA', '1');
INSERT INTO `mc_zone` VALUES ('621', '39', 'Porto Novo', 'PN', '1');
INSERT INTO `mc_zone` VALUES ('622', '39', 'Praia', 'PR', '1');
INSERT INTO `mc_zone` VALUES ('623', '39', 'Ribeira Grande', 'RG', '1');
INSERT INTO `mc_zone` VALUES ('624', '39', 'Sal', 'SL', '1');
INSERT INTO `mc_zone` VALUES ('625', '39', 'Santa Catarina', 'CA', '1');
INSERT INTO `mc_zone` VALUES ('626', '39', 'Santa Cruz', 'CR', '1');
INSERT INTO `mc_zone` VALUES ('627', '39', 'Sao Domingos', 'SD', '1');
INSERT INTO `mc_zone` VALUES ('628', '39', 'Sao Filipe', 'SF', '1');
INSERT INTO `mc_zone` VALUES ('629', '39', 'Sao Nicolau', 'SN', '1');
INSERT INTO `mc_zone` VALUES ('630', '39', 'Sao Vicente', 'SV', '1');
INSERT INTO `mc_zone` VALUES ('631', '39', 'Tarrafal', 'TA', '1');
INSERT INTO `mc_zone` VALUES ('632', '40', 'Creek', 'CR', '1');
INSERT INTO `mc_zone` VALUES ('633', '40', 'Eastern', 'EA', '1');
INSERT INTO `mc_zone` VALUES ('634', '40', 'Midland', 'ML', '1');
INSERT INTO `mc_zone` VALUES ('635', '40', 'South Town', 'ST', '1');
INSERT INTO `mc_zone` VALUES ('636', '40', 'Spot Bay', 'SP', '1');
INSERT INTO `mc_zone` VALUES ('637', '40', 'Stake Bay', 'SK', '1');
INSERT INTO `mc_zone` VALUES ('638', '40', 'West End', 'WD', '1');
INSERT INTO `mc_zone` VALUES ('639', '40', 'Western', 'WN', '1');
INSERT INTO `mc_zone` VALUES ('640', '41', 'Bamingui-Bangoran', 'BBA', '1');
INSERT INTO `mc_zone` VALUES ('641', '41', 'Basse-Kotto', 'BKO', '1');
INSERT INTO `mc_zone` VALUES ('642', '41', 'Haute-Kotto', 'HKO', '1');
INSERT INTO `mc_zone` VALUES ('643', '41', 'Haut-Mbomou', 'HMB', '1');
INSERT INTO `mc_zone` VALUES ('644', '41', 'Kemo', 'KEM', '1');
INSERT INTO `mc_zone` VALUES ('645', '41', 'Lobaye', 'LOB', '1');
INSERT INTO `mc_zone` VALUES ('646', '41', 'Mambere-KadeÔ', 'MKD', '1');
INSERT INTO `mc_zone` VALUES ('647', '41', 'Mbomou', 'MBO', '1');
INSERT INTO `mc_zone` VALUES ('648', '41', 'Nana-Mambere', 'NMM', '1');
INSERT INTO `mc_zone` VALUES ('649', '41', 'Ombella-M\'Poko', 'OMP', '1');
INSERT INTO `mc_zone` VALUES ('650', '41', 'Ouaka', 'OUK', '1');
INSERT INTO `mc_zone` VALUES ('651', '41', 'Ouham', 'OUH', '1');
INSERT INTO `mc_zone` VALUES ('652', '41', 'Ouham-Pende', 'OPE', '1');
INSERT INTO `mc_zone` VALUES ('653', '41', 'Vakaga', 'VAK', '1');
INSERT INTO `mc_zone` VALUES ('654', '41', 'Nana-Grebizi', 'NGR', '1');
INSERT INTO `mc_zone` VALUES ('655', '41', 'Sangha-Mbaere', 'SMB', '1');
INSERT INTO `mc_zone` VALUES ('656', '41', 'Bangui', 'BAN', '1');
INSERT INTO `mc_zone` VALUES ('657', '42', 'Batha', 'BA', '1');
INSERT INTO `mc_zone` VALUES ('658', '42', 'Biltine', 'BI', '1');
INSERT INTO `mc_zone` VALUES ('659', '42', 'Borkou-Ennedi-Tibesti', 'BE', '1');
INSERT INTO `mc_zone` VALUES ('660', '42', 'Chari-Baguirmi', 'CB', '1');
INSERT INTO `mc_zone` VALUES ('661', '42', 'Guera', 'GU', '1');
INSERT INTO `mc_zone` VALUES ('662', '42', 'Kanem', 'KA', '1');
INSERT INTO `mc_zone` VALUES ('663', '42', 'Lac', 'LA', '1');
INSERT INTO `mc_zone` VALUES ('664', '42', 'Logone Occidental', 'LC', '1');
INSERT INTO `mc_zone` VALUES ('665', '42', 'Logone Oriental', 'LR', '1');
INSERT INTO `mc_zone` VALUES ('666', '42', 'Mayo-Kebbi', 'MK', '1');
INSERT INTO `mc_zone` VALUES ('667', '42', 'Moyen-Chari', 'MC', '1');
INSERT INTO `mc_zone` VALUES ('668', '42', 'Ouaddai', 'OU', '1');
INSERT INTO `mc_zone` VALUES ('669', '42', 'Salamat', 'SA', '1');
INSERT INTO `mc_zone` VALUES ('670', '42', 'Tandjile', 'TA', '1');
INSERT INTO `mc_zone` VALUES ('671', '43', 'Aisen del General Carlos Ibanez', 'AI', '1');
INSERT INTO `mc_zone` VALUES ('672', '43', 'Antofagasta', 'AN', '1');
INSERT INTO `mc_zone` VALUES ('673', '43', 'Araucania', 'AR', '1');
INSERT INTO `mc_zone` VALUES ('674', '43', 'Atacama', 'AT', '1');
INSERT INTO `mc_zone` VALUES ('675', '43', 'Bio-Bio', 'BI', '1');
INSERT INTO `mc_zone` VALUES ('676', '43', 'Coquimbo', 'CO', '1');
INSERT INTO `mc_zone` VALUES ('677', '43', 'Libertador General Bernardo O\'Higgins', 'LI', '1');
INSERT INTO `mc_zone` VALUES ('678', '43', 'Los Lagos', 'LL', '1');
INSERT INTO `mc_zone` VALUES ('679', '43', 'Magallanes y de la Antartica Chilena', 'MA', '1');
INSERT INTO `mc_zone` VALUES ('680', '43', 'Maule', 'ML', '1');
INSERT INTO `mc_zone` VALUES ('681', '43', 'Region Metropolitana', 'RM', '1');
INSERT INTO `mc_zone` VALUES ('682', '43', 'Tarapaca', 'TA', '1');
INSERT INTO `mc_zone` VALUES ('683', '43', 'Valparaiso', 'VS', '1');
INSERT INTO `mc_zone` VALUES ('684', '44', '安徽省', 'AN', '1');
INSERT INTO `mc_zone` VALUES ('685', '44', '北京市', 'BE', '1');
INSERT INTO `mc_zone` VALUES ('686', '44', '重庆', 'CH', '1');
INSERT INTO `mc_zone` VALUES ('687', '44', '福建省', 'FU', '1');
INSERT INTO `mc_zone` VALUES ('688', '44', '甘肃省', 'GA', '1');
INSERT INTO `mc_zone` VALUES ('689', '44', '广东省', 'GU', '1');
INSERT INTO `mc_zone` VALUES ('690', '44', '广西壮族自治区', 'GX', '1');
INSERT INTO `mc_zone` VALUES ('691', '44', '贵州省', 'GZ', '1');
INSERT INTO `mc_zone` VALUES ('692', '44', '海南省', 'HA', '1');
INSERT INTO `mc_zone` VALUES ('693', '44', '河北省', 'HB', '1');
INSERT INTO `mc_zone` VALUES ('694', '44', '黑龙江省', 'HL', '1');
INSERT INTO `mc_zone` VALUES ('695', '44', '河南省', 'HE', '1');
INSERT INTO `mc_zone` VALUES ('696', '44', '香港特别行政区', 'HK', '1');
INSERT INTO `mc_zone` VALUES ('697', '44', '湖北省', 'HU', '1');
INSERT INTO `mc_zone` VALUES ('698', '44', '湖南省', 'HN', '1');
INSERT INTO `mc_zone` VALUES ('699', '44', '内蒙古自治区', 'IM', '1');
INSERT INTO `mc_zone` VALUES ('700', '44', '江苏省', 'JI', '1');
INSERT INTO `mc_zone` VALUES ('701', '44', '江西省', 'JX', '1');
INSERT INTO `mc_zone` VALUES ('702', '44', '吉林省', 'JL', '1');
INSERT INTO `mc_zone` VALUES ('703', '44', '辽宁省', 'LI', '1');
INSERT INTO `mc_zone` VALUES ('704', '44', '澳门特别行政区', 'MA', '1');
INSERT INTO `mc_zone` VALUES ('705', '44', '宁夏回族自治区', 'NI', '1');
INSERT INTO `mc_zone` VALUES ('706', '44', '陕西省', 'SH', '1');
INSERT INTO `mc_zone` VALUES ('707', '44', '山东省', 'SA', '1');
INSERT INTO `mc_zone` VALUES ('708', '44', '上海市', 'SG', '1');
INSERT INTO `mc_zone` VALUES ('709', '44', '山西省', 'SX', '1');
INSERT INTO `mc_zone` VALUES ('710', '44', '四川省', 'SI', '1');
INSERT INTO `mc_zone` VALUES ('711', '44', '天津市', 'TI', '1');
INSERT INTO `mc_zone` VALUES ('712', '44', '新疆维吾尔自治区', 'XI', '1');
INSERT INTO `mc_zone` VALUES ('713', '44', '云南省', 'YU', '1');
INSERT INTO `mc_zone` VALUES ('714', '44', '浙江省', 'ZH', '1');
INSERT INTO `mc_zone` VALUES ('715', '46', 'Direction Island', 'D', '1');
INSERT INTO `mc_zone` VALUES ('716', '46', 'Home Island', 'H', '1');
INSERT INTO `mc_zone` VALUES ('717', '46', 'Horsburgh Island', 'O', '1');
INSERT INTO `mc_zone` VALUES ('718', '46', 'South Island', 'S', '1');
INSERT INTO `mc_zone` VALUES ('719', '46', 'West Island', 'W', '1');
INSERT INTO `mc_zone` VALUES ('720', '47', 'Amazonas', 'AMZ', '1');
INSERT INTO `mc_zone` VALUES ('721', '47', 'Antioquia', 'ANT', '1');
INSERT INTO `mc_zone` VALUES ('722', '47', 'Arauca', 'ARA', '1');
INSERT INTO `mc_zone` VALUES ('723', '47', 'Atlantico', 'ATL', '1');
INSERT INTO `mc_zone` VALUES ('724', '47', 'Bogota D.C.', 'BDC', '1');
INSERT INTO `mc_zone` VALUES ('725', '47', 'Bolivar', 'BOL', '1');
INSERT INTO `mc_zone` VALUES ('726', '47', 'Boyaca', 'BOY', '1');
INSERT INTO `mc_zone` VALUES ('727', '47', 'Caldas', 'CAL', '1');
INSERT INTO `mc_zone` VALUES ('728', '47', 'Caqueta', 'CAQ', '1');
INSERT INTO `mc_zone` VALUES ('729', '47', 'Casanare', 'CAS', '1');
INSERT INTO `mc_zone` VALUES ('730', '47', 'Cauca', 'CAU', '1');
INSERT INTO `mc_zone` VALUES ('731', '47', 'Cesar', 'CES', '1');
INSERT INTO `mc_zone` VALUES ('732', '47', 'Choco', 'CHO', '1');
INSERT INTO `mc_zone` VALUES ('733', '47', 'Cordoba', 'COR', '1');
INSERT INTO `mc_zone` VALUES ('734', '47', 'Cundinamarca', 'CAM', '1');
INSERT INTO `mc_zone` VALUES ('735', '47', 'Guainia', 'GNA', '1');
INSERT INTO `mc_zone` VALUES ('736', '47', 'Guajira', 'GJR', '1');
INSERT INTO `mc_zone` VALUES ('737', '47', 'Guaviare', 'GVR', '1');
INSERT INTO `mc_zone` VALUES ('738', '47', 'Huila', 'HUI', '1');
INSERT INTO `mc_zone` VALUES ('739', '47', 'Magdalena', 'MAG', '1');
INSERT INTO `mc_zone` VALUES ('740', '47', 'Meta', 'MET', '1');
INSERT INTO `mc_zone` VALUES ('741', '47', 'Narino', 'NAR', '1');
INSERT INTO `mc_zone` VALUES ('742', '47', 'Norte de Santander', 'NDS', '1');
INSERT INTO `mc_zone` VALUES ('743', '47', 'Putumayo', 'PUT', '1');
INSERT INTO `mc_zone` VALUES ('744', '47', 'Quindio', 'QUI', '1');
INSERT INTO `mc_zone` VALUES ('745', '47', 'Risaralda', 'RIS', '1');
INSERT INTO `mc_zone` VALUES ('746', '47', 'San Andres y Providencia', 'SAP', '1');
INSERT INTO `mc_zone` VALUES ('747', '47', 'Santander', 'SAN', '1');
INSERT INTO `mc_zone` VALUES ('748', '47', 'Sucre', 'SUC', '1');
INSERT INTO `mc_zone` VALUES ('749', '47', 'Tolima', 'TOL', '1');
INSERT INTO `mc_zone` VALUES ('750', '47', 'Valle del Cauca', 'VDC', '1');
INSERT INTO `mc_zone` VALUES ('751', '47', 'Vaupes', 'VAU', '1');
INSERT INTO `mc_zone` VALUES ('752', '47', 'Vichada', 'VIC', '1');
INSERT INTO `mc_zone` VALUES ('753', '48', 'Grande Comore', 'G', '1');
INSERT INTO `mc_zone` VALUES ('754', '48', 'Anjouan', 'A', '1');
INSERT INTO `mc_zone` VALUES ('755', '48', 'Moheli', 'M', '1');
INSERT INTO `mc_zone` VALUES ('756', '49', 'Bouenza', 'BO', '1');
INSERT INTO `mc_zone` VALUES ('757', '49', 'Brazzaville', 'BR', '1');
INSERT INTO `mc_zone` VALUES ('758', '49', 'Cuvette', 'CU', '1');
INSERT INTO `mc_zone` VALUES ('759', '49', 'Cuvette-Ouest', 'CO', '1');
INSERT INTO `mc_zone` VALUES ('760', '49', 'Kouilou', 'KO', '1');
INSERT INTO `mc_zone` VALUES ('761', '49', 'Lekoumou', 'LE', '1');
INSERT INTO `mc_zone` VALUES ('762', '49', 'Likouala', 'LI', '1');
INSERT INTO `mc_zone` VALUES ('763', '49', 'Niari', 'NI', '1');
INSERT INTO `mc_zone` VALUES ('764', '49', 'Plateaux', 'PL', '1');
INSERT INTO `mc_zone` VALUES ('765', '49', 'Pool', 'PO', '1');
INSERT INTO `mc_zone` VALUES ('766', '49', 'Sangha', 'SA', '1');
INSERT INTO `mc_zone` VALUES ('767', '50', 'Pukapuka', 'PU', '1');
INSERT INTO `mc_zone` VALUES ('768', '50', 'Rakahanga', 'RK', '1');
INSERT INTO `mc_zone` VALUES ('769', '50', 'Manihiki', 'MK', '1');
INSERT INTO `mc_zone` VALUES ('770', '50', 'Penrhyn', 'PE', '1');
INSERT INTO `mc_zone` VALUES ('771', '50', 'Nassau Island', 'NI', '1');
INSERT INTO `mc_zone` VALUES ('772', '50', 'Surwarrow', 'SU', '1');
INSERT INTO `mc_zone` VALUES ('773', '50', 'Palmerston', 'PA', '1');
INSERT INTO `mc_zone` VALUES ('774', '50', 'Aitutaki', 'AI', '1');
INSERT INTO `mc_zone` VALUES ('775', '50', 'Manuae', 'MA', '1');
INSERT INTO `mc_zone` VALUES ('776', '50', 'Takutea', 'TA', '1');
INSERT INTO `mc_zone` VALUES ('777', '50', 'Mitiaro', 'MT', '1');
INSERT INTO `mc_zone` VALUES ('778', '50', 'Atiu', 'AT', '1');
INSERT INTO `mc_zone` VALUES ('779', '50', 'Mauke', 'MU', '1');
INSERT INTO `mc_zone` VALUES ('780', '50', 'Rarotonga', 'RR', '1');
INSERT INTO `mc_zone` VALUES ('781', '50', 'Mangaia', 'MG', '1');
INSERT INTO `mc_zone` VALUES ('782', '51', 'Alajuela', 'AL', '1');
INSERT INTO `mc_zone` VALUES ('783', '51', 'Cartago', 'CA', '1');
INSERT INTO `mc_zone` VALUES ('784', '51', 'Guanacaste', 'GU', '1');
INSERT INTO `mc_zone` VALUES ('785', '51', 'Heredia', 'HE', '1');
INSERT INTO `mc_zone` VALUES ('786', '51', 'Limon', 'LI', '1');
INSERT INTO `mc_zone` VALUES ('787', '51', 'Puntarenas', 'PU', '1');
INSERT INTO `mc_zone` VALUES ('788', '51', 'San Jose', 'SJ', '1');
INSERT INTO `mc_zone` VALUES ('789', '52', 'Abengourou', 'ABE', '1');
INSERT INTO `mc_zone` VALUES ('790', '52', 'Abidjan', 'ABI', '1');
INSERT INTO `mc_zone` VALUES ('791', '52', 'Aboisso', 'ABO', '1');
INSERT INTO `mc_zone` VALUES ('792', '52', 'Adiake', 'ADI', '1');
INSERT INTO `mc_zone` VALUES ('793', '52', 'Adzope', 'ADZ', '1');
INSERT INTO `mc_zone` VALUES ('794', '52', 'Agboville', 'AGB', '1');
INSERT INTO `mc_zone` VALUES ('795', '52', 'Agnibilekrou', 'AGN', '1');
INSERT INTO `mc_zone` VALUES ('796', '52', 'Alepe', 'ALE', '1');
INSERT INTO `mc_zone` VALUES ('797', '52', 'Bocanda', 'BOC', '1');
INSERT INTO `mc_zone` VALUES ('798', '52', 'Bangolo', 'BAN', '1');
INSERT INTO `mc_zone` VALUES ('799', '52', 'Beoumi', 'BEO', '1');
INSERT INTO `mc_zone` VALUES ('800', '52', 'Biankouma', 'BIA', '1');
INSERT INTO `mc_zone` VALUES ('801', '52', 'Bondoukou', 'BDK', '1');
INSERT INTO `mc_zone` VALUES ('802', '52', 'Bongouanou', 'BGN', '1');
INSERT INTO `mc_zone` VALUES ('803', '52', 'Bouafle', 'BFL', '1');
INSERT INTO `mc_zone` VALUES ('804', '52', 'Bouake', 'BKE', '1');
INSERT INTO `mc_zone` VALUES ('805', '52', 'Bouna', 'BNA', '1');
INSERT INTO `mc_zone` VALUES ('806', '52', 'Boundiali', 'BDL', '1');
INSERT INTO `mc_zone` VALUES ('807', '52', 'Dabakala', 'DKL', '1');
INSERT INTO `mc_zone` VALUES ('808', '52', 'Dabou', 'DBU', '1');
INSERT INTO `mc_zone` VALUES ('809', '52', 'Daloa', 'DAL', '1');
INSERT INTO `mc_zone` VALUES ('810', '52', 'Danane', 'DAN', '1');
INSERT INTO `mc_zone` VALUES ('811', '52', 'Daoukro', 'DAO', '1');
INSERT INTO `mc_zone` VALUES ('812', '52', 'Dimbokro', 'DIM', '1');
INSERT INTO `mc_zone` VALUES ('813', '52', 'Divo', 'DIV', '1');
INSERT INTO `mc_zone` VALUES ('814', '52', 'Duekoue', 'DUE', '1');
INSERT INTO `mc_zone` VALUES ('815', '52', 'Ferkessedougou', 'FER', '1');
INSERT INTO `mc_zone` VALUES ('816', '52', 'Gagnoa', 'GAG', '1');
INSERT INTO `mc_zone` VALUES ('817', '52', 'Grand-Bassam', 'GBA', '1');
INSERT INTO `mc_zone` VALUES ('818', '52', 'Grand-Lahou', 'GLA', '1');
INSERT INTO `mc_zone` VALUES ('819', '52', 'Guiglo', 'GUI', '1');
INSERT INTO `mc_zone` VALUES ('820', '52', 'Issia', 'ISS', '1');
INSERT INTO `mc_zone` VALUES ('821', '52', 'Jacqueville', 'JAC', '1');
INSERT INTO `mc_zone` VALUES ('822', '52', 'Katiola', 'KAT', '1');
INSERT INTO `mc_zone` VALUES ('823', '52', 'Korhogo', 'KOR', '1');
INSERT INTO `mc_zone` VALUES ('824', '52', 'Lakota', 'LAK', '1');
INSERT INTO `mc_zone` VALUES ('825', '52', 'Man', 'MAN', '1');
INSERT INTO `mc_zone` VALUES ('826', '52', 'Mankono', 'MKN', '1');
INSERT INTO `mc_zone` VALUES ('827', '52', 'Mbahiakro', 'MBA', '1');
INSERT INTO `mc_zone` VALUES ('828', '52', 'Odienne', 'ODI', '1');
INSERT INTO `mc_zone` VALUES ('829', '52', 'Oume', 'OUM', '1');
INSERT INTO `mc_zone` VALUES ('830', '52', 'Sakassou', 'SAK', '1');
INSERT INTO `mc_zone` VALUES ('831', '52', 'San-Pedro', 'SPE', '1');
INSERT INTO `mc_zone` VALUES ('832', '52', 'Sassandra', 'SAS', '1');
INSERT INTO `mc_zone` VALUES ('833', '52', 'Seguela', 'SEG', '1');
INSERT INTO `mc_zone` VALUES ('834', '52', 'Sinfra', 'SIN', '1');
INSERT INTO `mc_zone` VALUES ('835', '52', 'Soubre', 'SOU', '1');
INSERT INTO `mc_zone` VALUES ('836', '52', 'Tabou', 'TAB', '1');
INSERT INTO `mc_zone` VALUES ('837', '52', 'Tanda', 'TAN', '1');
INSERT INTO `mc_zone` VALUES ('838', '52', 'Tiebissou', 'TIE', '1');
INSERT INTO `mc_zone` VALUES ('839', '52', 'Tingrela', 'TIN', '1');
INSERT INTO `mc_zone` VALUES ('840', '52', 'Tiassale', 'TIA', '1');
INSERT INTO `mc_zone` VALUES ('841', '52', 'Touba', 'TBA', '1');
INSERT INTO `mc_zone` VALUES ('842', '52', 'Toulepleu', 'TLP', '1');
INSERT INTO `mc_zone` VALUES ('843', '52', 'Toumodi', 'TMD', '1');
INSERT INTO `mc_zone` VALUES ('844', '52', 'Vavoua', 'VAV', '1');
INSERT INTO `mc_zone` VALUES ('845', '52', 'Yamoussoukro', 'YAM', '1');
INSERT INTO `mc_zone` VALUES ('846', '52', 'Zuenoula', 'ZUE', '1');
INSERT INTO `mc_zone` VALUES ('847', '53', 'Bjelovarsko-bilogorska', 'BB', '1');
INSERT INTO `mc_zone` VALUES ('848', '53', 'Grad Zagreb', 'GZ', '1');
INSERT INTO `mc_zone` VALUES ('849', '53', 'Dubrovačko-neretvanska', 'DN', '1');
INSERT INTO `mc_zone` VALUES ('850', '53', 'Istarska', 'IS', '1');
INSERT INTO `mc_zone` VALUES ('851', '53', 'Karlovačka', 'KA', '1');
INSERT INTO `mc_zone` VALUES ('852', '53', 'Koprivničko-križevačka', 'KK', '1');
INSERT INTO `mc_zone` VALUES ('853', '53', 'Krapinsko-zagorska', 'KZ', '1');
INSERT INTO `mc_zone` VALUES ('854', '53', 'Ličko-senjska', 'LS', '1');
INSERT INTO `mc_zone` VALUES ('855', '53', 'Međimurska', 'ME', '1');
INSERT INTO `mc_zone` VALUES ('856', '53', 'Osječko-baranjska', 'OB', '1');
INSERT INTO `mc_zone` VALUES ('857', '53', 'Požeško-slavonska', 'PS', '1');
INSERT INTO `mc_zone` VALUES ('858', '53', 'Primorsko-goranska', 'PG', '1');
INSERT INTO `mc_zone` VALUES ('859', '53', 'Šibensko-kninska', 'SK', '1');
INSERT INTO `mc_zone` VALUES ('860', '53', 'Sisačko-moslavačka', 'SM', '1');
INSERT INTO `mc_zone` VALUES ('861', '53', 'Brodsko-posavska', 'BP', '1');
INSERT INTO `mc_zone` VALUES ('862', '53', 'Splitsko-dalmatinska', 'SD', '1');
INSERT INTO `mc_zone` VALUES ('863', '53', 'Varaždinska', 'VA', '1');
INSERT INTO `mc_zone` VALUES ('864', '53', 'Virovitičko-podravska', 'VP', '1');
INSERT INTO `mc_zone` VALUES ('865', '53', 'Vukovarsko-srijemska', 'VS', '1');
INSERT INTO `mc_zone` VALUES ('866', '53', 'Zadarska', 'ZA', '1');
INSERT INTO `mc_zone` VALUES ('867', '53', 'Zagrebačka', 'ZG', '1');
INSERT INTO `mc_zone` VALUES ('868', '54', 'Camaguey', 'CA', '1');
INSERT INTO `mc_zone` VALUES ('869', '54', 'Ciego de Avila', 'CD', '1');
INSERT INTO `mc_zone` VALUES ('870', '54', 'Cienfuegos', 'CI', '1');
INSERT INTO `mc_zone` VALUES ('871', '54', 'Ciudad de La Habana', 'CH', '1');
INSERT INTO `mc_zone` VALUES ('872', '54', 'Granma', 'GR', '1');
INSERT INTO `mc_zone` VALUES ('873', '54', 'Guantanamo', 'GU', '1');
INSERT INTO `mc_zone` VALUES ('874', '54', 'Holguin', 'HO', '1');
INSERT INTO `mc_zone` VALUES ('875', '54', 'Isla de la Juventud', 'IJ', '1');
INSERT INTO `mc_zone` VALUES ('876', '54', 'La Habana', 'LH', '1');
INSERT INTO `mc_zone` VALUES ('877', '54', 'Las Tunas', 'LT', '1');
INSERT INTO `mc_zone` VALUES ('878', '54', 'Matanzas', 'MA', '1');
INSERT INTO `mc_zone` VALUES ('879', '54', 'Pinar del Rio', 'PR', '1');
INSERT INTO `mc_zone` VALUES ('880', '54', 'Sancti Spiritus', 'SS', '1');
INSERT INTO `mc_zone` VALUES ('881', '54', 'Santiago de Cuba', 'SC', '1');
INSERT INTO `mc_zone` VALUES ('882', '54', 'Villa Clara', 'VC', '1');
INSERT INTO `mc_zone` VALUES ('883', '55', 'Famagusta', 'F', '1');
INSERT INTO `mc_zone` VALUES ('884', '55', 'Kyrenia', 'K', '1');
INSERT INTO `mc_zone` VALUES ('885', '55', 'Larnaca', 'A', '1');
INSERT INTO `mc_zone` VALUES ('886', '55', 'Limassol', 'I', '1');
INSERT INTO `mc_zone` VALUES ('887', '55', 'Nicosia', 'N', '1');
INSERT INTO `mc_zone` VALUES ('888', '55', 'Paphos', 'P', '1');
INSERT INTO `mc_zone` VALUES ('889', '56', 'Ústecký', 'U', '1');
INSERT INTO `mc_zone` VALUES ('890', '56', 'Jihočeský', 'C', '1');
INSERT INTO `mc_zone` VALUES ('891', '56', 'Jihomoravský', 'B', '1');
INSERT INTO `mc_zone` VALUES ('892', '56', 'Karlovarský', 'K', '1');
INSERT INTO `mc_zone` VALUES ('893', '56', 'Královehradecký', 'H', '1');
INSERT INTO `mc_zone` VALUES ('894', '56', 'Liberecký', 'L', '1');
INSERT INTO `mc_zone` VALUES ('895', '56', 'Moravskoslezský', 'T', '1');
INSERT INTO `mc_zone` VALUES ('896', '56', 'Olomoucký', 'M', '1');
INSERT INTO `mc_zone` VALUES ('897', '56', 'Pardubický', 'E', '1');
INSERT INTO `mc_zone` VALUES ('898', '56', 'Plzeňský', 'P', '1');
INSERT INTO `mc_zone` VALUES ('899', '56', 'Praha', 'A', '1');
INSERT INTO `mc_zone` VALUES ('900', '56', 'Středočeský', 'S', '1');
INSERT INTO `mc_zone` VALUES ('901', '56', 'Vysočina', 'J', '1');
INSERT INTO `mc_zone` VALUES ('902', '56', 'Zlínský', 'Z', '1');
INSERT INTO `mc_zone` VALUES ('903', '57', 'Arhus', 'AR', '1');
INSERT INTO `mc_zone` VALUES ('904', '57', 'Bornholm', 'BH', '1');
INSERT INTO `mc_zone` VALUES ('905', '57', 'Copenhagen', 'CO', '1');
INSERT INTO `mc_zone` VALUES ('906', '57', 'Faroe Islands', 'FO', '1');
INSERT INTO `mc_zone` VALUES ('907', '57', 'Frederiksborg', 'FR', '1');
INSERT INTO `mc_zone` VALUES ('908', '57', 'Fyn', 'FY', '1');
INSERT INTO `mc_zone` VALUES ('909', '57', 'Kobenhavn', 'KO', '1');
INSERT INTO `mc_zone` VALUES ('910', '57', 'Nordjylland', 'NO', '1');
INSERT INTO `mc_zone` VALUES ('911', '57', 'Ribe', 'RI', '1');
INSERT INTO `mc_zone` VALUES ('912', '57', 'Ringkobing', 'RK', '1');
INSERT INTO `mc_zone` VALUES ('913', '57', 'Roskilde', 'RO', '1');
INSERT INTO `mc_zone` VALUES ('914', '57', 'Sonderjylland', 'SO', '1');
INSERT INTO `mc_zone` VALUES ('915', '57', 'Storstrom', 'ST', '1');
INSERT INTO `mc_zone` VALUES ('916', '57', 'Vejle', 'VK', '1');
INSERT INTO `mc_zone` VALUES ('917', '57', 'Vestj&aelig;lland', 'VJ', '1');
INSERT INTO `mc_zone` VALUES ('918', '57', 'Viborg', 'VB', '1');
INSERT INTO `mc_zone` VALUES ('919', '58', '\'Ali Sabih', 'S', '1');
INSERT INTO `mc_zone` VALUES ('920', '58', 'Dikhil', 'K', '1');
INSERT INTO `mc_zone` VALUES ('921', '58', 'Djibouti', 'J', '1');
INSERT INTO `mc_zone` VALUES ('922', '58', 'Obock', 'O', '1');
INSERT INTO `mc_zone` VALUES ('923', '58', 'Tadjoura', 'T', '1');
INSERT INTO `mc_zone` VALUES ('924', '59', 'Saint Andrew Parish', 'AND', '1');
INSERT INTO `mc_zone` VALUES ('925', '59', 'Saint David Parish', 'DAV', '1');
INSERT INTO `mc_zone` VALUES ('926', '59', 'Saint George Parish', 'GEO', '1');
INSERT INTO `mc_zone` VALUES ('927', '59', 'Saint John Parish', 'JOH', '1');
INSERT INTO `mc_zone` VALUES ('928', '59', 'Saint Joseph Parish', 'JOS', '1');
INSERT INTO `mc_zone` VALUES ('929', '59', 'Saint Luke Parish', 'LUK', '1');
INSERT INTO `mc_zone` VALUES ('930', '59', 'Saint Mark Parish', 'MAR', '1');
INSERT INTO `mc_zone` VALUES ('931', '59', 'Saint Patrick Parish', 'PAT', '1');
INSERT INTO `mc_zone` VALUES ('932', '59', 'Saint Paul Parish', 'PAU', '1');
INSERT INTO `mc_zone` VALUES ('933', '59', 'Saint Peter Parish', 'PET', '1');
INSERT INTO `mc_zone` VALUES ('934', '60', 'Distrito Nacional', 'DN', '1');
INSERT INTO `mc_zone` VALUES ('935', '60', 'Azua', 'AZ', '1');
INSERT INTO `mc_zone` VALUES ('936', '60', 'Baoruco', 'BC', '1');
INSERT INTO `mc_zone` VALUES ('937', '60', 'Barahona', 'BH', '1');
INSERT INTO `mc_zone` VALUES ('938', '60', 'Dajabon', 'DJ', '1');
INSERT INTO `mc_zone` VALUES ('939', '60', 'Duarte', 'DU', '1');
INSERT INTO `mc_zone` VALUES ('940', '60', 'Elias Pina', 'EL', '1');
INSERT INTO `mc_zone` VALUES ('941', '60', 'El Seybo', 'SY', '1');
INSERT INTO `mc_zone` VALUES ('942', '60', 'Espaillat', 'ET', '1');
INSERT INTO `mc_zone` VALUES ('943', '60', 'Hato Mayor', 'HM', '1');
INSERT INTO `mc_zone` VALUES ('944', '60', 'Independencia', 'IN', '1');
INSERT INTO `mc_zone` VALUES ('945', '60', 'La Altagracia', 'AL', '1');
INSERT INTO `mc_zone` VALUES ('946', '60', 'La Romana', 'RO', '1');
INSERT INTO `mc_zone` VALUES ('947', '60', 'La Vega', 'VE', '1');
INSERT INTO `mc_zone` VALUES ('948', '60', 'Maria Trinidad Sanchez', 'MT', '1');
INSERT INTO `mc_zone` VALUES ('949', '60', 'Monsenor Nouel', 'MN', '1');
INSERT INTO `mc_zone` VALUES ('950', '60', 'Monte Cristi', 'MC', '1');
INSERT INTO `mc_zone` VALUES ('951', '60', 'Monte Plata', 'MP', '1');
INSERT INTO `mc_zone` VALUES ('952', '60', 'Pedernales', 'PD', '1');
INSERT INTO `mc_zone` VALUES ('953', '60', 'Peravia (Bani)', 'PR', '1');
INSERT INTO `mc_zone` VALUES ('954', '60', 'Puerto Plata', 'PP', '1');
INSERT INTO `mc_zone` VALUES ('955', '60', 'Salcedo', 'SL', '1');
INSERT INTO `mc_zone` VALUES ('956', '60', 'Samana', 'SM', '1');
INSERT INTO `mc_zone` VALUES ('957', '60', 'Sanchez Ramirez', 'SH', '1');
INSERT INTO `mc_zone` VALUES ('958', '60', 'San Cristobal', 'SC', '1');
INSERT INTO `mc_zone` VALUES ('959', '60', 'San Jose de Ocoa', 'JO', '1');
INSERT INTO `mc_zone` VALUES ('960', '60', 'San Juan', 'SJ', '1');
INSERT INTO `mc_zone` VALUES ('961', '60', 'San Pedro de Macoris', 'PM', '1');
INSERT INTO `mc_zone` VALUES ('962', '60', 'Santiago', 'SA', '1');
INSERT INTO `mc_zone` VALUES ('963', '60', 'Santiago Rodriguez', 'ST', '1');
INSERT INTO `mc_zone` VALUES ('964', '60', 'Santo Domingo', 'SD', '1');
INSERT INTO `mc_zone` VALUES ('965', '60', 'Valverde', 'VA', '1');
INSERT INTO `mc_zone` VALUES ('966', '61', 'Aileu', 'AL', '1');
INSERT INTO `mc_zone` VALUES ('967', '61', 'Ainaro', 'AN', '1');
INSERT INTO `mc_zone` VALUES ('968', '61', 'Baucau', 'BA', '1');
INSERT INTO `mc_zone` VALUES ('969', '61', 'Bobonaro', 'BO', '1');
INSERT INTO `mc_zone` VALUES ('970', '61', 'Cova Lima', 'CO', '1');
INSERT INTO `mc_zone` VALUES ('971', '61', 'Dili', 'DI', '1');
INSERT INTO `mc_zone` VALUES ('972', '61', 'Ermera', 'ER', '1');
INSERT INTO `mc_zone` VALUES ('973', '61', 'Lautem', 'LA', '1');
INSERT INTO `mc_zone` VALUES ('974', '61', 'Liquica', 'LI', '1');
INSERT INTO `mc_zone` VALUES ('975', '61', 'Manatuto', 'MT', '1');
INSERT INTO `mc_zone` VALUES ('976', '61', 'Manufahi', 'MF', '1');
INSERT INTO `mc_zone` VALUES ('977', '61', 'Oecussi', 'OE', '1');
INSERT INTO `mc_zone` VALUES ('978', '61', 'Viqueque', 'VI', '1');
INSERT INTO `mc_zone` VALUES ('979', '62', 'Azuay', 'AZU', '1');
INSERT INTO `mc_zone` VALUES ('980', '62', 'Bolivar', 'BOL', '1');
INSERT INTO `mc_zone` VALUES ('981', '62', 'Ca&ntilde;ar', 'CAN', '1');
INSERT INTO `mc_zone` VALUES ('982', '62', 'Carchi', 'CAR', '1');
INSERT INTO `mc_zone` VALUES ('983', '62', 'Chimborazo', 'CHI', '1');
INSERT INTO `mc_zone` VALUES ('984', '62', 'Cotopaxi', 'COT', '1');
INSERT INTO `mc_zone` VALUES ('985', '62', 'El Oro', 'EOR', '1');
INSERT INTO `mc_zone` VALUES ('986', '62', 'Esmeraldas', 'ESM', '1');
INSERT INTO `mc_zone` VALUES ('987', '62', 'Gal&aacute;pagos', 'GPS', '1');
INSERT INTO `mc_zone` VALUES ('988', '62', 'Guayas', 'GUA', '1');
INSERT INTO `mc_zone` VALUES ('989', '62', 'Imbabura', 'IMB', '1');
INSERT INTO `mc_zone` VALUES ('990', '62', 'Loja', 'LOJ', '1');
INSERT INTO `mc_zone` VALUES ('991', '62', 'Los Rios', 'LRO', '1');
INSERT INTO `mc_zone` VALUES ('992', '62', 'Manab&iacute;', 'MAN', '1');
INSERT INTO `mc_zone` VALUES ('993', '62', 'Morona Santiago', 'MSA', '1');
INSERT INTO `mc_zone` VALUES ('994', '62', 'Napo', 'NAP', '1');
INSERT INTO `mc_zone` VALUES ('995', '62', 'Orellana', 'ORE', '1');
INSERT INTO `mc_zone` VALUES ('996', '62', 'Pastaza', 'PAS', '1');
INSERT INTO `mc_zone` VALUES ('997', '62', 'Pichincha', 'PIC', '1');
INSERT INTO `mc_zone` VALUES ('998', '62', 'Sucumb&iacute;os', 'SUC', '1');
INSERT INTO `mc_zone` VALUES ('999', '62', 'Tungurahua', 'TUN', '1');
INSERT INTO `mc_zone` VALUES ('1000', '62', 'Zamora Chinchipe', 'ZCH', '1');
INSERT INTO `mc_zone` VALUES ('1001', '63', 'Ad Daqahliyah', 'DHY', '1');
INSERT INTO `mc_zone` VALUES ('1002', '63', 'Al Bahr al Ahmar', 'BAM', '1');
INSERT INTO `mc_zone` VALUES ('1003', '63', 'Al Buhayrah', 'BHY', '1');
INSERT INTO `mc_zone` VALUES ('1004', '63', 'Al Fayyum', 'FYM', '1');
INSERT INTO `mc_zone` VALUES ('1005', '63', 'Al Gharbiyah', 'GBY', '1');
INSERT INTO `mc_zone` VALUES ('1006', '63', 'Al Iskandariyah', 'IDR', '1');
INSERT INTO `mc_zone` VALUES ('1007', '63', 'Al Isma\'iliyah', 'IML', '1');
INSERT INTO `mc_zone` VALUES ('1008', '63', 'Al Jizah', 'JZH', '1');
INSERT INTO `mc_zone` VALUES ('1009', '63', 'Al Minufiyah', 'MFY', '1');
INSERT INTO `mc_zone` VALUES ('1010', '63', 'Al Minya', 'MNY', '1');
INSERT INTO `mc_zone` VALUES ('1011', '63', 'Al Qahirah', 'QHR', '1');
INSERT INTO `mc_zone` VALUES ('1012', '63', 'Al Qalyubiyah', 'QLY', '1');
INSERT INTO `mc_zone` VALUES ('1013', '63', 'Al Wadi al Jadid', 'WJD', '1');
INSERT INTO `mc_zone` VALUES ('1014', '63', 'Ash Sharqiyah', 'SHQ', '1');
INSERT INTO `mc_zone` VALUES ('1015', '63', 'As Suways', 'SWY', '1');
INSERT INTO `mc_zone` VALUES ('1016', '63', 'Aswan', 'ASW', '1');
INSERT INTO `mc_zone` VALUES ('1017', '63', 'Asyut', 'ASY', '1');
INSERT INTO `mc_zone` VALUES ('1018', '63', 'Bani Suwayf', 'BSW', '1');
INSERT INTO `mc_zone` VALUES ('1019', '63', 'Bur Sa\'id', 'BSD', '1');
INSERT INTO `mc_zone` VALUES ('1020', '63', 'Dumyat', 'DMY', '1');
INSERT INTO `mc_zone` VALUES ('1021', '63', 'Janub Sina\'', 'JNS', '1');
INSERT INTO `mc_zone` VALUES ('1022', '63', 'Kafr ash Shaykh', 'KSH', '1');
INSERT INTO `mc_zone` VALUES ('1023', '63', 'Matruh', 'MAT', '1');
INSERT INTO `mc_zone` VALUES ('1024', '63', 'Qina', 'QIN', '1');
INSERT INTO `mc_zone` VALUES ('1025', '63', 'Shamal Sina\'', 'SHS', '1');
INSERT INTO `mc_zone` VALUES ('1026', '63', 'Suhaj', 'SUH', '1');
INSERT INTO `mc_zone` VALUES ('1027', '64', 'Ahuachapan', 'AH', '1');
INSERT INTO `mc_zone` VALUES ('1028', '64', 'Cabanas', 'CA', '1');
INSERT INTO `mc_zone` VALUES ('1029', '64', 'Chalatenango', 'CH', '1');
INSERT INTO `mc_zone` VALUES ('1030', '64', 'Cuscatlan', 'CU', '1');
INSERT INTO `mc_zone` VALUES ('1031', '64', 'La Libertad', 'LB', '1');
INSERT INTO `mc_zone` VALUES ('1032', '64', 'La Paz', 'PZ', '1');
INSERT INTO `mc_zone` VALUES ('1033', '64', 'La Union', 'UN', '1');
INSERT INTO `mc_zone` VALUES ('1034', '64', 'Morazan', 'MO', '1');
INSERT INTO `mc_zone` VALUES ('1035', '64', 'San Miguel', 'SM', '1');
INSERT INTO `mc_zone` VALUES ('1036', '64', 'San Salvador', 'SS', '1');
INSERT INTO `mc_zone` VALUES ('1037', '64', 'San Vicente', 'SV', '1');
INSERT INTO `mc_zone` VALUES ('1038', '64', 'Santa Ana', 'SA', '1');
INSERT INTO `mc_zone` VALUES ('1039', '64', 'Sonsonate', 'SO', '1');
INSERT INTO `mc_zone` VALUES ('1040', '64', 'Usulutan', 'US', '1');
INSERT INTO `mc_zone` VALUES ('1041', '65', 'Provincia Annobon', 'AN', '1');
INSERT INTO `mc_zone` VALUES ('1042', '65', 'Provincia Bioko Norte', 'BN', '1');
INSERT INTO `mc_zone` VALUES ('1043', '65', 'Provincia Bioko Sur', 'BS', '1');
INSERT INTO `mc_zone` VALUES ('1044', '65', 'Provincia Centro Sur', 'CS', '1');
INSERT INTO `mc_zone` VALUES ('1045', '65', 'Provincia Kie-Ntem', 'KN', '1');
INSERT INTO `mc_zone` VALUES ('1046', '65', 'Provincia Litoral', 'LI', '1');
INSERT INTO `mc_zone` VALUES ('1047', '65', 'Provincia Wele-Nzas', 'WN', '1');
INSERT INTO `mc_zone` VALUES ('1048', '66', 'Central (Maekel)', 'MA', '1');
INSERT INTO `mc_zone` VALUES ('1049', '66', 'Anseba (Keren)', 'KE', '1');
INSERT INTO `mc_zone` VALUES ('1050', '66', 'Southern Red Sea (Debub-Keih-Bahri)', 'DK', '1');
INSERT INTO `mc_zone` VALUES ('1051', '66', 'Northern Red Sea (Semien-Keih-Bahri)', 'SK', '1');
INSERT INTO `mc_zone` VALUES ('1052', '66', 'Southern (Debub)', 'DE', '1');
INSERT INTO `mc_zone` VALUES ('1053', '66', 'Gash-Barka (Barentu)', 'BR', '1');
INSERT INTO `mc_zone` VALUES ('1054', '67', 'Harjumaa (Tallinn)', 'HA', '1');
INSERT INTO `mc_zone` VALUES ('1055', '67', 'Hiiumaa (Kardla)', 'HI', '1');
INSERT INTO `mc_zone` VALUES ('1056', '67', 'Ida-Virumaa (Johvi)', 'IV', '1');
INSERT INTO `mc_zone` VALUES ('1057', '67', 'Jarvamaa (Paide)', 'JA', '1');
INSERT INTO `mc_zone` VALUES ('1058', '67', 'Jogevamaa (Jogeva)', 'JO', '1');
INSERT INTO `mc_zone` VALUES ('1059', '67', 'Laane-Virumaa (Rakvere)', 'LV', '1');
INSERT INTO `mc_zone` VALUES ('1060', '67', 'Laanemaa (Haapsalu)', 'LA', '1');
INSERT INTO `mc_zone` VALUES ('1061', '67', 'Parnumaa (Parnu)', 'PA', '1');
INSERT INTO `mc_zone` VALUES ('1062', '67', 'Polvamaa (Polva)', 'PO', '1');
INSERT INTO `mc_zone` VALUES ('1063', '67', 'Raplamaa (Rapla)', 'RA', '1');
INSERT INTO `mc_zone` VALUES ('1064', '67', 'Saaremaa (Kuessaare)', 'SA', '1');
INSERT INTO `mc_zone` VALUES ('1065', '67', 'Tartumaa (Tartu)', 'TA', '1');
INSERT INTO `mc_zone` VALUES ('1066', '67', 'Valgamaa (Valga)', 'VA', '1');
INSERT INTO `mc_zone` VALUES ('1067', '67', 'Viljandimaa (Viljandi)', 'VI', '1');
INSERT INTO `mc_zone` VALUES ('1068', '67', 'Vorumaa (Voru)', 'VO', '1');
INSERT INTO `mc_zone` VALUES ('1069', '68', 'Afar', 'AF', '1');
INSERT INTO `mc_zone` VALUES ('1070', '68', 'Amhara', 'AH', '1');
INSERT INTO `mc_zone` VALUES ('1071', '68', 'Benishangul-Gumaz', 'BG', '1');
INSERT INTO `mc_zone` VALUES ('1072', '68', 'Gambela', 'GB', '1');
INSERT INTO `mc_zone` VALUES ('1073', '68', 'Hariai', 'HR', '1');
INSERT INTO `mc_zone` VALUES ('1074', '68', 'Oromia', 'OR', '1');
INSERT INTO `mc_zone` VALUES ('1075', '68', 'Somali', 'SM', '1');
INSERT INTO `mc_zone` VALUES ('1076', '68', 'Southern Nations - Nationalities and Peoples Region', 'SN', '1');
INSERT INTO `mc_zone` VALUES ('1077', '68', 'Tigray', 'TG', '1');
INSERT INTO `mc_zone` VALUES ('1078', '68', 'Addis Ababa', 'AA', '1');
INSERT INTO `mc_zone` VALUES ('1079', '68', 'Dire Dawa', 'DD', '1');
INSERT INTO `mc_zone` VALUES ('1080', '71', 'Central Division', 'C', '1');
INSERT INTO `mc_zone` VALUES ('1081', '71', 'Northern Division', 'N', '1');
INSERT INTO `mc_zone` VALUES ('1082', '71', 'Eastern Division', 'E', '1');
INSERT INTO `mc_zone` VALUES ('1083', '71', 'Western Division', 'W', '1');
INSERT INTO `mc_zone` VALUES ('1084', '71', 'Rotuma', 'R', '1');
INSERT INTO `mc_zone` VALUES ('1085', '72', 'Ahvenanmaan lääni', 'AL', '1');
INSERT INTO `mc_zone` VALUES ('1086', '72', 'Etelä-Suomen lääni', 'ES', '1');
INSERT INTO `mc_zone` VALUES ('1087', '72', 'Itä-Suomen lääni', 'IS', '1');
INSERT INTO `mc_zone` VALUES ('1088', '72', 'Länsi-Suomen lääni', 'LS', '1');
INSERT INTO `mc_zone` VALUES ('1089', '72', 'Lapin lääni', 'LA', '1');
INSERT INTO `mc_zone` VALUES ('1090', '72', 'Oulun lääni', 'OU', '1');
INSERT INTO `mc_zone` VALUES ('1114', '74', 'Ain', '01', '1');
INSERT INTO `mc_zone` VALUES ('1115', '74', 'Aisne', '02', '1');
INSERT INTO `mc_zone` VALUES ('1116', '74', 'Allier', '03', '1');
INSERT INTO `mc_zone` VALUES ('1117', '74', 'Alpes de Haute Provence', '04', '1');
INSERT INTO `mc_zone` VALUES ('1118', '74', 'Hautes-Alpes', '05', '1');
INSERT INTO `mc_zone` VALUES ('1119', '74', 'Alpes Maritimes', '06', '1');
INSERT INTO `mc_zone` VALUES ('1120', '74', 'Ard&egrave;che', '07', '1');
INSERT INTO `mc_zone` VALUES ('1121', '74', 'Ardennes', '08', '1');
INSERT INTO `mc_zone` VALUES ('1122', '74', 'Ari&egrave;ge', '09', '1');
INSERT INTO `mc_zone` VALUES ('1123', '74', 'Aube', '10', '1');
INSERT INTO `mc_zone` VALUES ('1124', '74', 'Aude', '11', '1');
INSERT INTO `mc_zone` VALUES ('1125', '74', 'Aveyron', '12', '1');
INSERT INTO `mc_zone` VALUES ('1126', '74', 'Bouches du Rh&ocirc;ne', '13', '1');
INSERT INTO `mc_zone` VALUES ('1127', '74', 'Calvados', '14', '1');
INSERT INTO `mc_zone` VALUES ('1128', '74', 'Cantal', '15', '1');
INSERT INTO `mc_zone` VALUES ('1129', '74', 'Charente', '16', '1');
INSERT INTO `mc_zone` VALUES ('1130', '74', 'Charente Maritime', '17', '1');
INSERT INTO `mc_zone` VALUES ('1131', '74', 'Cher', '18', '1');
INSERT INTO `mc_zone` VALUES ('1132', '74', 'Corr&egrave;ze', '19', '1');
INSERT INTO `mc_zone` VALUES ('1133', '74', 'Corse du Sud', '2A', '1');
INSERT INTO `mc_zone` VALUES ('1134', '74', 'Haute Corse', '2B', '1');
INSERT INTO `mc_zone` VALUES ('1135', '74', 'C&ocirc;te d&#039;or', '21', '1');
INSERT INTO `mc_zone` VALUES ('1136', '74', 'C&ocirc;tes d&#039;Armor', '22', '1');
INSERT INTO `mc_zone` VALUES ('1137', '74', 'Creuse', '23', '1');
INSERT INTO `mc_zone` VALUES ('1138', '74', 'Dordogne', '24', '1');
INSERT INTO `mc_zone` VALUES ('1139', '74', 'Doubs', '25', '1');
INSERT INTO `mc_zone` VALUES ('1140', '74', 'Dr&ocirc;me', '26', '1');
INSERT INTO `mc_zone` VALUES ('1141', '74', 'Eure', '27', '1');
INSERT INTO `mc_zone` VALUES ('1142', '74', 'Eure et Loir', '28', '1');
INSERT INTO `mc_zone` VALUES ('1143', '74', 'Finist&egrave;re', '29', '1');
INSERT INTO `mc_zone` VALUES ('1144', '74', 'Gard', '30', '1');
INSERT INTO `mc_zone` VALUES ('1145', '74', 'Haute Garonne', '31', '1');
INSERT INTO `mc_zone` VALUES ('1146', '74', 'Gers', '32', '1');
INSERT INTO `mc_zone` VALUES ('1147', '74', 'Gironde', '33', '1');
INSERT INTO `mc_zone` VALUES ('1148', '74', 'H&eacute;rault', '34', '1');
INSERT INTO `mc_zone` VALUES ('1149', '74', 'Ille et Vilaine', '35', '1');
INSERT INTO `mc_zone` VALUES ('1150', '74', 'Indre', '36', '1');
INSERT INTO `mc_zone` VALUES ('1151', '74', 'Indre et Loire', '37', '1');
INSERT INTO `mc_zone` VALUES ('1152', '74', 'Is&eacute;re', '38', '1');
INSERT INTO `mc_zone` VALUES ('1153', '74', 'Jura', '39', '1');
INSERT INTO `mc_zone` VALUES ('1154', '74', 'Landes', '40', '1');
INSERT INTO `mc_zone` VALUES ('1155', '74', 'Loir et Cher', '41', '1');
INSERT INTO `mc_zone` VALUES ('1156', '74', 'Loire', '42', '1');
INSERT INTO `mc_zone` VALUES ('1157', '74', 'Haute Loire', '43', '1');
INSERT INTO `mc_zone` VALUES ('1158', '74', 'Loire Atlantique', '44', '1');
INSERT INTO `mc_zone` VALUES ('1159', '74', 'Loiret', '45', '1');
INSERT INTO `mc_zone` VALUES ('1160', '74', 'Lot', '46', '1');
INSERT INTO `mc_zone` VALUES ('1161', '74', 'Lot et Garonne', '47', '1');
INSERT INTO `mc_zone` VALUES ('1162', '74', 'Loz&egrave;re', '48', '1');
INSERT INTO `mc_zone` VALUES ('1163', '74', 'Maine et Loire', '49', '1');
INSERT INTO `mc_zone` VALUES ('1164', '74', 'Manche', '50', '1');
INSERT INTO `mc_zone` VALUES ('1165', '74', 'Marne', '51', '1');
INSERT INTO `mc_zone` VALUES ('1166', '74', 'Haute Marne', '52', '1');
INSERT INTO `mc_zone` VALUES ('1167', '74', 'Mayenne', '53', '1');
INSERT INTO `mc_zone` VALUES ('1168', '74', 'Meurthe et Moselle', '54', '1');
INSERT INTO `mc_zone` VALUES ('1169', '74', 'Meuse', '55', '1');
INSERT INTO `mc_zone` VALUES ('1170', '74', 'Morbihan', '56', '1');
INSERT INTO `mc_zone` VALUES ('1171', '74', 'Moselle', '57', '1');
INSERT INTO `mc_zone` VALUES ('1172', '74', 'Ni&egrave;vre', '58', '1');
INSERT INTO `mc_zone` VALUES ('1173', '74', 'Nord', '59', '1');
INSERT INTO `mc_zone` VALUES ('1174', '74', 'Oise', '60', '1');
INSERT INTO `mc_zone` VALUES ('1175', '74', 'Orne', '61', '1');
INSERT INTO `mc_zone` VALUES ('1176', '74', 'Pas de Calais', '62', '1');
INSERT INTO `mc_zone` VALUES ('1177', '74', 'Puy de D&ocirc;me', '63', '1');
INSERT INTO `mc_zone` VALUES ('1178', '74', 'Pyr&eacute;n&eacute;es Atlantiques', '64', '1');
INSERT INTO `mc_zone` VALUES ('1179', '74', 'Hautes Pyr&eacute;n&eacute;es', '65', '1');
INSERT INTO `mc_zone` VALUES ('1180', '74', 'Pyr&eacute;n&eacute;es Orientales', '66', '1');
INSERT INTO `mc_zone` VALUES ('1181', '74', 'Bas Rhin', '67', '1');
INSERT INTO `mc_zone` VALUES ('1182', '74', 'Haut Rhin', '68', '1');
INSERT INTO `mc_zone` VALUES ('1183', '74', 'Rh&ocirc;ne', '69', '1');
INSERT INTO `mc_zone` VALUES ('1184', '74', 'Haute Sa&ocirc;ne', '70', '1');
INSERT INTO `mc_zone` VALUES ('1185', '74', 'Sa&ocirc;ne et Loire', '71', '1');
INSERT INTO `mc_zone` VALUES ('1186', '74', 'Sarthe', '72', '1');
INSERT INTO `mc_zone` VALUES ('1187', '74', 'Savoie', '73', '1');
INSERT INTO `mc_zone` VALUES ('1188', '74', 'Haute Savoie', '74', '1');
INSERT INTO `mc_zone` VALUES ('1189', '74', 'Paris', '75', '1');
INSERT INTO `mc_zone` VALUES ('1190', '74', 'Seine Maritime', '76', '1');
INSERT INTO `mc_zone` VALUES ('1191', '74', 'Seine et Marne', '77', '1');
INSERT INTO `mc_zone` VALUES ('1192', '74', 'Yvelines', '78', '1');
INSERT INTO `mc_zone` VALUES ('1193', '74', 'Deux S&egrave;vres', '79', '1');
INSERT INTO `mc_zone` VALUES ('1194', '74', 'Somme', '80', '1');
INSERT INTO `mc_zone` VALUES ('1195', '74', 'Tarn', '81', '1');
INSERT INTO `mc_zone` VALUES ('1196', '74', 'Tarn et Garonne', '82', '1');
INSERT INTO `mc_zone` VALUES ('1197', '74', 'Var', '83', '1');
INSERT INTO `mc_zone` VALUES ('1198', '74', 'Vaucluse', '84', '1');
INSERT INTO `mc_zone` VALUES ('1199', '74', 'Vend&eacute;e', '85', '1');
INSERT INTO `mc_zone` VALUES ('1200', '74', 'Vienne', '86', '1');
INSERT INTO `mc_zone` VALUES ('1201', '74', 'Haute Vienne', '87', '1');
INSERT INTO `mc_zone` VALUES ('1202', '74', 'Vosges', '88', '1');
INSERT INTO `mc_zone` VALUES ('1203', '74', 'Yonne', '89', '1');
INSERT INTO `mc_zone` VALUES ('1204', '74', 'Territoire de Belfort', '90', '1');
INSERT INTO `mc_zone` VALUES ('1205', '74', 'Essonne', '91', '1');
INSERT INTO `mc_zone` VALUES ('1206', '74', 'Hauts de Seine', '92', '1');
INSERT INTO `mc_zone` VALUES ('1207', '74', 'Seine St-Denis', '93', '1');
INSERT INTO `mc_zone` VALUES ('1208', '74', 'Val de Marne', '94', '1');
INSERT INTO `mc_zone` VALUES ('1209', '74', 'Val d\'Oise', '95', '1');
INSERT INTO `mc_zone` VALUES ('1210', '76', 'Archipel des Marquises', 'M', '1');
INSERT INTO `mc_zone` VALUES ('1211', '76', 'Archipel des Tuamotu', 'T', '1');
INSERT INTO `mc_zone` VALUES ('1212', '76', 'Archipel des Tubuai', 'I', '1');
INSERT INTO `mc_zone` VALUES ('1213', '76', 'Iles du Vent', 'V', '1');
INSERT INTO `mc_zone` VALUES ('1214', '76', 'Iles Sous-le-Vent', 'S', '1');
INSERT INTO `mc_zone` VALUES ('1215', '77', 'Iles Crozet', 'C', '1');
INSERT INTO `mc_zone` VALUES ('1216', '77', 'Iles Kerguelen', 'K', '1');
INSERT INTO `mc_zone` VALUES ('1217', '77', 'Ile Amsterdam', 'A', '1');
INSERT INTO `mc_zone` VALUES ('1218', '77', 'Ile Saint-Paul', 'P', '1');
INSERT INTO `mc_zone` VALUES ('1219', '77', 'Adelie Land', 'D', '1');
INSERT INTO `mc_zone` VALUES ('1220', '78', 'Estuaire', 'ES', '1');
INSERT INTO `mc_zone` VALUES ('1221', '78', 'Haut-Ogooue', 'HO', '1');
INSERT INTO `mc_zone` VALUES ('1222', '78', 'Moyen-Ogooue', 'MO', '1');
INSERT INTO `mc_zone` VALUES ('1223', '78', 'Ngounie', 'NG', '1');
INSERT INTO `mc_zone` VALUES ('1224', '78', 'Nyanga', 'NY', '1');
INSERT INTO `mc_zone` VALUES ('1225', '78', 'Ogooue-Ivindo', 'OI', '1');
INSERT INTO `mc_zone` VALUES ('1226', '78', 'Ogooue-Lolo', 'OL', '1');
INSERT INTO `mc_zone` VALUES ('1227', '78', 'Ogooue-Maritime', 'OM', '1');
INSERT INTO `mc_zone` VALUES ('1228', '78', 'Woleu-Ntem', 'WN', '1');
INSERT INTO `mc_zone` VALUES ('1229', '79', 'Banjul', 'BJ', '1');
INSERT INTO `mc_zone` VALUES ('1230', '79', 'Basse', 'BS', '1');
INSERT INTO `mc_zone` VALUES ('1231', '79', 'Brikama', 'BR', '1');
INSERT INTO `mc_zone` VALUES ('1232', '79', 'Janjangbure', 'JA', '1');
INSERT INTO `mc_zone` VALUES ('1233', '79', 'Kanifeng', 'KA', '1');
INSERT INTO `mc_zone` VALUES ('1234', '79', 'Kerewan', 'KE', '1');
INSERT INTO `mc_zone` VALUES ('1235', '79', 'Kuntaur', 'KU', '1');
INSERT INTO `mc_zone` VALUES ('1236', '79', 'Mansakonko', 'MA', '1');
INSERT INTO `mc_zone` VALUES ('1237', '79', 'Lower River', 'LR', '1');
INSERT INTO `mc_zone` VALUES ('1238', '79', 'Central River', 'CR', '1');
INSERT INTO `mc_zone` VALUES ('1239', '79', 'North Bank', 'NB', '1');
INSERT INTO `mc_zone` VALUES ('1240', '79', 'Upper River', 'UR', '1');
INSERT INTO `mc_zone` VALUES ('1241', '79', 'Western', 'WE', '1');
INSERT INTO `mc_zone` VALUES ('1242', '80', 'Abkhazia', 'AB', '1');
INSERT INTO `mc_zone` VALUES ('1243', '80', 'Ajaria', 'AJ', '1');
INSERT INTO `mc_zone` VALUES ('1244', '80', 'Tbilisi', 'TB', '1');
INSERT INTO `mc_zone` VALUES ('1245', '80', 'Guria', 'GU', '1');
INSERT INTO `mc_zone` VALUES ('1246', '80', 'Imereti', 'IM', '1');
INSERT INTO `mc_zone` VALUES ('1247', '80', 'Kakheti', 'KA', '1');
INSERT INTO `mc_zone` VALUES ('1248', '80', 'Kvemo Kartli', 'KK', '1');
INSERT INTO `mc_zone` VALUES ('1249', '80', 'Mtskheta-Mtianeti', 'MM', '1');
INSERT INTO `mc_zone` VALUES ('1250', '80', 'Racha Lechkhumi and Kvemo Svanet', 'RL', '1');
INSERT INTO `mc_zone` VALUES ('1251', '80', 'Samegrelo-Zemo Svaneti', 'SZ', '1');
INSERT INTO `mc_zone` VALUES ('1252', '80', 'Samtskhe-Javakheti', 'SJ', '1');
INSERT INTO `mc_zone` VALUES ('1253', '80', 'Shida Kartli', 'SK', '1');
INSERT INTO `mc_zone` VALUES ('1254', '81', 'Baden-W&uuml;rttemberg', 'BAW', '1');
INSERT INTO `mc_zone` VALUES ('1255', '81', 'Bayern', 'BAY', '1');
INSERT INTO `mc_zone` VALUES ('1256', '81', 'Berlin', 'BER', '1');
INSERT INTO `mc_zone` VALUES ('1257', '81', 'Brandenburg', 'BRG', '1');
INSERT INTO `mc_zone` VALUES ('1258', '81', 'Bremen', 'BRE', '1');
INSERT INTO `mc_zone` VALUES ('1259', '81', 'Hamburg', 'HAM', '1');
INSERT INTO `mc_zone` VALUES ('1260', '81', 'Hessen', 'HES', '1');
INSERT INTO `mc_zone` VALUES ('1261', '81', 'Mecklenburg-Vorpommern', 'MEC', '1');
INSERT INTO `mc_zone` VALUES ('1262', '81', 'Niedersachsen', 'NDS', '1');
INSERT INTO `mc_zone` VALUES ('1263', '81', 'Nordrhein-Westfalen', 'NRW', '1');
INSERT INTO `mc_zone` VALUES ('1264', '81', 'Rheinland-Pfalz', 'RHE', '1');
INSERT INTO `mc_zone` VALUES ('1265', '81', 'Saarland', 'SAR', '1');
INSERT INTO `mc_zone` VALUES ('1266', '81', 'Sachsen', 'SAS', '1');
INSERT INTO `mc_zone` VALUES ('1267', '81', 'Sachsen-Anhalt', 'SAC', '1');
INSERT INTO `mc_zone` VALUES ('1268', '81', 'Schleswig-Holstein', 'SCN', '1');
INSERT INTO `mc_zone` VALUES ('1269', '81', 'Th&uuml;ringen', 'THE', '1');
INSERT INTO `mc_zone` VALUES ('1270', '82', 'Ashanti Region', 'AS', '1');
INSERT INTO `mc_zone` VALUES ('1271', '82', 'Brong-Ahafo Region', 'BA', '1');
INSERT INTO `mc_zone` VALUES ('1272', '82', 'Central Region', 'CE', '1');
INSERT INTO `mc_zone` VALUES ('1273', '82', 'Eastern Region', 'EA', '1');
INSERT INTO `mc_zone` VALUES ('1274', '82', 'Greater Accra Region', 'GA', '1');
INSERT INTO `mc_zone` VALUES ('1275', '82', 'Northern Region', 'NO', '1');
INSERT INTO `mc_zone` VALUES ('1276', '82', 'Upper East Region', 'UE', '1');
INSERT INTO `mc_zone` VALUES ('1277', '82', 'Upper West Region', 'UW', '1');
INSERT INTO `mc_zone` VALUES ('1278', '82', 'Volta Region', 'VO', '1');
INSERT INTO `mc_zone` VALUES ('1279', '82', 'Western Region', 'WE', '1');
INSERT INTO `mc_zone` VALUES ('1280', '84', 'Attica', 'AT', '1');
INSERT INTO `mc_zone` VALUES ('1281', '84', 'Central Greece', 'CN', '1');
INSERT INTO `mc_zone` VALUES ('1282', '84', 'Central Macedonia', 'CM', '1');
INSERT INTO `mc_zone` VALUES ('1283', '84', 'Crete', 'CR', '1');
INSERT INTO `mc_zone` VALUES ('1284', '84', 'East Macedonia and Thrace', 'EM', '1');
INSERT INTO `mc_zone` VALUES ('1285', '84', 'Epirus', 'EP', '1');
INSERT INTO `mc_zone` VALUES ('1286', '84', 'Ionian Islands', 'II', '1');
INSERT INTO `mc_zone` VALUES ('1287', '84', 'North Aegean', 'NA', '1');
INSERT INTO `mc_zone` VALUES ('1288', '84', 'Peloponnesos', 'PP', '1');
INSERT INTO `mc_zone` VALUES ('1289', '84', 'South Aegean', 'SA', '1');
INSERT INTO `mc_zone` VALUES ('1290', '84', 'Thessaly', 'TH', '1');
INSERT INTO `mc_zone` VALUES ('1291', '84', 'West Greece', 'WG', '1');
INSERT INTO `mc_zone` VALUES ('1292', '84', 'West Macedonia', 'WM', '1');
INSERT INTO `mc_zone` VALUES ('1293', '85', 'Avannaa', 'A', '1');
INSERT INTO `mc_zone` VALUES ('1294', '85', 'Tunu', 'T', '1');
INSERT INTO `mc_zone` VALUES ('1295', '85', 'Kitaa', 'K', '1');
INSERT INTO `mc_zone` VALUES ('1296', '86', 'Saint Andrew', 'A', '1');
INSERT INTO `mc_zone` VALUES ('1297', '86', 'Saint David', 'D', '1');
INSERT INTO `mc_zone` VALUES ('1298', '86', 'Saint George', 'G', '1');
INSERT INTO `mc_zone` VALUES ('1299', '86', 'Saint John', 'J', '1');
INSERT INTO `mc_zone` VALUES ('1300', '86', 'Saint Mark', 'M', '1');
INSERT INTO `mc_zone` VALUES ('1301', '86', 'Saint Patrick', 'P', '1');
INSERT INTO `mc_zone` VALUES ('1302', '86', 'Carriacou', 'C', '1');
INSERT INTO `mc_zone` VALUES ('1303', '86', 'Petit Martinique', 'Q', '1');
INSERT INTO `mc_zone` VALUES ('1304', '89', 'Alta Verapaz', 'AV', '1');
INSERT INTO `mc_zone` VALUES ('1305', '89', 'Baja Verapaz', 'BV', '1');
INSERT INTO `mc_zone` VALUES ('1306', '89', 'Chimaltenango', 'CM', '1');
INSERT INTO `mc_zone` VALUES ('1307', '89', 'Chiquimula', 'CQ', '1');
INSERT INTO `mc_zone` VALUES ('1308', '89', 'El Peten', 'PE', '1');
INSERT INTO `mc_zone` VALUES ('1309', '89', 'El Progreso', 'PR', '1');
INSERT INTO `mc_zone` VALUES ('1310', '89', 'El Quiche', 'QC', '1');
INSERT INTO `mc_zone` VALUES ('1311', '89', 'Escuintla', 'ES', '1');
INSERT INTO `mc_zone` VALUES ('1312', '89', 'Guatemala', 'GU', '1');
INSERT INTO `mc_zone` VALUES ('1313', '89', 'Huehuetenango', 'HU', '1');
INSERT INTO `mc_zone` VALUES ('1314', '89', 'Izabal', 'IZ', '1');
INSERT INTO `mc_zone` VALUES ('1315', '89', 'Jalapa', 'JA', '1');
INSERT INTO `mc_zone` VALUES ('1316', '89', 'Jutiapa', 'JU', '1');
INSERT INTO `mc_zone` VALUES ('1317', '89', 'Quetzaltenango', 'QZ', '1');
INSERT INTO `mc_zone` VALUES ('1318', '89', 'Retalhuleu', 'RE', '1');
INSERT INTO `mc_zone` VALUES ('1319', '89', 'Sacatepequez', 'ST', '1');
INSERT INTO `mc_zone` VALUES ('1320', '89', 'San Marcos', 'SM', '1');
INSERT INTO `mc_zone` VALUES ('1321', '89', 'Santa Rosa', 'SR', '1');
INSERT INTO `mc_zone` VALUES ('1322', '89', 'Solola', 'SO', '1');
INSERT INTO `mc_zone` VALUES ('1323', '89', 'Suchitepequez', 'SU', '1');
INSERT INTO `mc_zone` VALUES ('1324', '89', 'Totonicapan', 'TO', '1');
INSERT INTO `mc_zone` VALUES ('1325', '89', 'Zacapa', 'ZA', '1');
INSERT INTO `mc_zone` VALUES ('1326', '90', 'Conakry', 'CNK', '1');
INSERT INTO `mc_zone` VALUES ('1327', '90', 'Beyla', 'BYL', '1');
INSERT INTO `mc_zone` VALUES ('1328', '90', 'Boffa', 'BFA', '1');
INSERT INTO `mc_zone` VALUES ('1329', '90', 'Boke', 'BOK', '1');
INSERT INTO `mc_zone` VALUES ('1330', '90', 'Coyah', 'COY', '1');
INSERT INTO `mc_zone` VALUES ('1331', '90', 'Dabola', 'DBL', '1');
INSERT INTO `mc_zone` VALUES ('1332', '90', 'Dalaba', 'DLB', '1');
INSERT INTO `mc_zone` VALUES ('1333', '90', 'Dinguiraye', 'DGR', '1');
INSERT INTO `mc_zone` VALUES ('1334', '90', 'Dubreka', 'DBR', '1');
INSERT INTO `mc_zone` VALUES ('1335', '90', 'Faranah', 'FRN', '1');
INSERT INTO `mc_zone` VALUES ('1336', '90', 'Forecariah', 'FRC', '1');
INSERT INTO `mc_zone` VALUES ('1337', '90', 'Fria', 'FRI', '1');
INSERT INTO `mc_zone` VALUES ('1338', '90', 'Gaoual', 'GAO', '1');
INSERT INTO `mc_zone` VALUES ('1339', '90', 'Gueckedou', 'GCD', '1');
INSERT INTO `mc_zone` VALUES ('1340', '90', 'Kankan', 'KNK', '1');
INSERT INTO `mc_zone` VALUES ('1341', '90', 'Kerouane', 'KRN', '1');
INSERT INTO `mc_zone` VALUES ('1342', '90', 'Kindia', 'KND', '1');
INSERT INTO `mc_zone` VALUES ('1343', '90', 'Kissidougou', 'KSD', '1');
INSERT INTO `mc_zone` VALUES ('1344', '90', 'Koubia', 'KBA', '1');
INSERT INTO `mc_zone` VALUES ('1345', '90', 'Koundara', 'KDA', '1');
INSERT INTO `mc_zone` VALUES ('1346', '90', 'Kouroussa', 'KRA', '1');
INSERT INTO `mc_zone` VALUES ('1347', '90', 'Labe', 'LAB', '1');
INSERT INTO `mc_zone` VALUES ('1348', '90', 'Lelouma', 'LLM', '1');
INSERT INTO `mc_zone` VALUES ('1349', '90', 'Lola', 'LOL', '1');
INSERT INTO `mc_zone` VALUES ('1350', '90', 'Macenta', 'MCT', '1');
INSERT INTO `mc_zone` VALUES ('1351', '90', 'Mali', 'MAL', '1');
INSERT INTO `mc_zone` VALUES ('1352', '90', 'Mamou', 'MAM', '1');
INSERT INTO `mc_zone` VALUES ('1353', '90', 'Mandiana', 'MAN', '1');
INSERT INTO `mc_zone` VALUES ('1354', '90', 'Nzerekore', 'NZR', '1');
INSERT INTO `mc_zone` VALUES ('1355', '90', 'Pita', 'PIT', '1');
INSERT INTO `mc_zone` VALUES ('1356', '90', 'Siguiri', 'SIG', '1');
INSERT INTO `mc_zone` VALUES ('1357', '90', 'Telimele', 'TLM', '1');
INSERT INTO `mc_zone` VALUES ('1358', '90', 'Tougue', 'TOG', '1');
INSERT INTO `mc_zone` VALUES ('1359', '90', 'Yomou', 'YOM', '1');
INSERT INTO `mc_zone` VALUES ('1360', '91', 'Bafata Region', 'BF', '1');
INSERT INTO `mc_zone` VALUES ('1361', '91', 'Biombo Region', 'BB', '1');
INSERT INTO `mc_zone` VALUES ('1362', '91', 'Bissau Region', 'BS', '1');
INSERT INTO `mc_zone` VALUES ('1363', '91', 'Bolama Region', 'BL', '1');
INSERT INTO `mc_zone` VALUES ('1364', '91', 'Cacheu Region', 'CA', '1');
INSERT INTO `mc_zone` VALUES ('1365', '91', 'Gabu Region', 'GA', '1');
INSERT INTO `mc_zone` VALUES ('1366', '91', 'Oio Region', 'OI', '1');
INSERT INTO `mc_zone` VALUES ('1367', '91', 'Quinara Region', 'QU', '1');
INSERT INTO `mc_zone` VALUES ('1368', '91', 'Tombali Region', 'TO', '1');
INSERT INTO `mc_zone` VALUES ('1369', '92', 'Barima-Waini', 'BW', '1');
INSERT INTO `mc_zone` VALUES ('1370', '92', 'Cuyuni-Mazaruni', 'CM', '1');
INSERT INTO `mc_zone` VALUES ('1371', '92', 'Demerara-Mahaica', 'DM', '1');
INSERT INTO `mc_zone` VALUES ('1372', '92', 'East Berbice-Corentyne', 'EC', '1');
INSERT INTO `mc_zone` VALUES ('1373', '92', 'Essequibo Islands-West Demerara', 'EW', '1');
INSERT INTO `mc_zone` VALUES ('1374', '92', 'Mahaica-Berbice', 'MB', '1');
INSERT INTO `mc_zone` VALUES ('1375', '92', 'Pomeroon-Supenaam', 'PM', '1');
INSERT INTO `mc_zone` VALUES ('1376', '92', 'Potaro-Siparuni', 'PI', '1');
INSERT INTO `mc_zone` VALUES ('1377', '92', 'Upper Demerara-Berbice', 'UD', '1');
INSERT INTO `mc_zone` VALUES ('1378', '92', 'Upper Takutu-Upper Essequibo', 'UT', '1');
INSERT INTO `mc_zone` VALUES ('1379', '93', 'Artibonite', 'AR', '1');
INSERT INTO `mc_zone` VALUES ('1380', '93', 'Centre', 'CE', '1');
INSERT INTO `mc_zone` VALUES ('1381', '93', 'Grand\'Anse', 'GA', '1');
INSERT INTO `mc_zone` VALUES ('1382', '93', 'Nord', 'ND', '1');
INSERT INTO `mc_zone` VALUES ('1383', '93', 'Nord-Est', 'NE', '1');
INSERT INTO `mc_zone` VALUES ('1384', '93', 'Nord-Ouest', 'NO', '1');
INSERT INTO `mc_zone` VALUES ('1385', '93', 'Ouest', 'OU', '1');
INSERT INTO `mc_zone` VALUES ('1386', '93', 'Sud', 'SD', '1');
INSERT INTO `mc_zone` VALUES ('1387', '93', 'Sud-Est', 'SE', '1');
INSERT INTO `mc_zone` VALUES ('1388', '94', 'Flat Island', 'F', '1');
INSERT INTO `mc_zone` VALUES ('1389', '94', 'McDonald Island', 'M', '1');
INSERT INTO `mc_zone` VALUES ('1390', '94', 'Shag Island', 'S', '1');
INSERT INTO `mc_zone` VALUES ('1391', '94', 'Heard Island', 'H', '1');
INSERT INTO `mc_zone` VALUES ('1392', '95', 'Atlantida', 'AT', '1');
INSERT INTO `mc_zone` VALUES ('1393', '95', 'Choluteca', 'CH', '1');
INSERT INTO `mc_zone` VALUES ('1394', '95', 'Colon', 'CL', '1');
INSERT INTO `mc_zone` VALUES ('1395', '95', 'Comayagua', 'CM', '1');
INSERT INTO `mc_zone` VALUES ('1396', '95', 'Copan', 'CP', '1');
INSERT INTO `mc_zone` VALUES ('1397', '95', 'Cortes', 'CR', '1');
INSERT INTO `mc_zone` VALUES ('1398', '95', 'El Paraiso', 'PA', '1');
INSERT INTO `mc_zone` VALUES ('1399', '95', 'Francisco Morazan', 'FM', '1');
INSERT INTO `mc_zone` VALUES ('1400', '95', 'Gracias a Dios', 'GD', '1');
INSERT INTO `mc_zone` VALUES ('1401', '95', 'Intibuca', 'IN', '1');
INSERT INTO `mc_zone` VALUES ('1402', '95', 'Islas de la Bahia (Bay Islands)', 'IB', '1');
INSERT INTO `mc_zone` VALUES ('1403', '95', 'La Paz', 'PZ', '1');
INSERT INTO `mc_zone` VALUES ('1404', '95', 'Lempira', 'LE', '1');
INSERT INTO `mc_zone` VALUES ('1405', '95', 'Ocotepeque', 'OC', '1');
INSERT INTO `mc_zone` VALUES ('1406', '95', 'Olancho', 'OL', '1');
INSERT INTO `mc_zone` VALUES ('1407', '95', 'Santa Barbara', 'SB', '1');
INSERT INTO `mc_zone` VALUES ('1408', '95', 'Valle', 'VA', '1');
INSERT INTO `mc_zone` VALUES ('1409', '95', 'Yoro', 'YO', '1');
INSERT INTO `mc_zone` VALUES ('1410', '96', 'Central and Western Hong Kong Island', 'HCW', '1');
INSERT INTO `mc_zone` VALUES ('1411', '96', 'Eastern Hong Kong Island', 'HEA', '1');
INSERT INTO `mc_zone` VALUES ('1412', '96', 'Southern Hong Kong Island', 'HSO', '1');
INSERT INTO `mc_zone` VALUES ('1413', '96', 'Wan Chai Hong Kong Island', 'HWC', '1');
INSERT INTO `mc_zone` VALUES ('1414', '96', 'Kowloon City Kowloon', 'KKC', '1');
INSERT INTO `mc_zone` VALUES ('1415', '96', 'Kwun Tong Kowloon', 'KKT', '1');
INSERT INTO `mc_zone` VALUES ('1416', '96', 'Sham Shui Po Kowloon', 'KSS', '1');
INSERT INTO `mc_zone` VALUES ('1417', '96', 'Wong Tai Sin Kowloon', 'KWT', '1');
INSERT INTO `mc_zone` VALUES ('1418', '96', 'Yau Tsim Mong Kowloon', 'KYT', '1');
INSERT INTO `mc_zone` VALUES ('1419', '96', 'Islands New Territories', 'NIS', '1');
INSERT INTO `mc_zone` VALUES ('1420', '96', 'Kwai Tsing New Territories', 'NKT', '1');
INSERT INTO `mc_zone` VALUES ('1421', '96', 'North New Territories', 'NNO', '1');
INSERT INTO `mc_zone` VALUES ('1422', '96', 'Sai Kung New Territories', 'NSK', '1');
INSERT INTO `mc_zone` VALUES ('1423', '96', 'Sha Tin New Territories', 'NST', '1');
INSERT INTO `mc_zone` VALUES ('1424', '96', 'Tai Po New Territories', 'NTP', '1');
INSERT INTO `mc_zone` VALUES ('1425', '96', 'Tsuen Wan New Territories', 'NTW', '1');
INSERT INTO `mc_zone` VALUES ('1426', '96', 'Tuen Mun New Territories', 'NTM', '1');
INSERT INTO `mc_zone` VALUES ('1427', '96', 'Yuen Long New Territories', 'NYL', '1');
INSERT INTO `mc_zone` VALUES ('1467', '98', 'Austurland', 'AL', '1');
INSERT INTO `mc_zone` VALUES ('1468', '98', 'Hofuoborgarsvaeoi', 'HF', '1');
INSERT INTO `mc_zone` VALUES ('1469', '98', 'Norourland eystra', 'NE', '1');
INSERT INTO `mc_zone` VALUES ('1470', '98', 'Norourland vestra', 'NV', '1');
INSERT INTO `mc_zone` VALUES ('1471', '98', 'Suourland', 'SL', '1');
INSERT INTO `mc_zone` VALUES ('1472', '98', 'Suournes', 'SN', '1');
INSERT INTO `mc_zone` VALUES ('1473', '98', 'Vestfiroir', 'VF', '1');
INSERT INTO `mc_zone` VALUES ('1474', '98', 'Vesturland', 'VL', '1');
INSERT INTO `mc_zone` VALUES ('1475', '99', 'Andaman and Nicobar Islands', 'AN', '1');
INSERT INTO `mc_zone` VALUES ('1476', '99', 'Andhra Pradesh', 'AP', '1');
INSERT INTO `mc_zone` VALUES ('1477', '99', 'Arunachal Pradesh', 'AR', '1');
INSERT INTO `mc_zone` VALUES ('1478', '99', 'Assam', 'AS', '1');
INSERT INTO `mc_zone` VALUES ('1479', '99', 'Bihar', 'BI', '1');
INSERT INTO `mc_zone` VALUES ('1480', '99', 'Chandigarh', 'CH', '1');
INSERT INTO `mc_zone` VALUES ('1481', '99', 'Dadra and Nagar Haveli', 'DA', '1');
INSERT INTO `mc_zone` VALUES ('1482', '99', 'Daman and Diu', 'DM', '1');
INSERT INTO `mc_zone` VALUES ('1483', '99', 'Delhi', 'DE', '1');
INSERT INTO `mc_zone` VALUES ('1484', '99', 'Goa', 'GO', '1');
INSERT INTO `mc_zone` VALUES ('1485', '99', 'Gujarat', 'GU', '1');
INSERT INTO `mc_zone` VALUES ('1486', '99', 'Haryana', 'HA', '1');
INSERT INTO `mc_zone` VALUES ('1487', '99', 'Himachal Pradesh', 'HP', '1');
INSERT INTO `mc_zone` VALUES ('1488', '99', 'Jammu and Kashmir', 'JA', '1');
INSERT INTO `mc_zone` VALUES ('1489', '99', 'Karnataka', 'KA', '1');
INSERT INTO `mc_zone` VALUES ('1490', '99', 'Kerala', 'KE', '1');
INSERT INTO `mc_zone` VALUES ('1491', '99', 'Lakshadweep Islands', 'LI', '1');
INSERT INTO `mc_zone` VALUES ('1492', '99', 'Madhya Pradesh', 'MP', '1');
INSERT INTO `mc_zone` VALUES ('1493', '99', 'Maharashtra', 'MA', '1');
INSERT INTO `mc_zone` VALUES ('1494', '99', 'Manipur', 'MN', '1');
INSERT INTO `mc_zone` VALUES ('1495', '99', 'Meghalaya', 'ME', '1');
INSERT INTO `mc_zone` VALUES ('1496', '99', 'Mizoram', 'MI', '1');
INSERT INTO `mc_zone` VALUES ('1497', '99', 'Nagaland', 'NA', '1');
INSERT INTO `mc_zone` VALUES ('1498', '99', 'Orissa', 'OR', '1');
INSERT INTO `mc_zone` VALUES ('1499', '99', 'Pondicherry', 'PO', '1');
INSERT INTO `mc_zone` VALUES ('1500', '99', 'Punjab', 'PU', '1');
INSERT INTO `mc_zone` VALUES ('1501', '99', 'Rajasthan', 'RA', '1');
INSERT INTO `mc_zone` VALUES ('1502', '99', 'Sikkim', 'SI', '1');
INSERT INTO `mc_zone` VALUES ('1503', '99', 'Tamil Nadu', 'TN', '1');
INSERT INTO `mc_zone` VALUES ('1504', '99', 'Tripura', 'TR', '1');
INSERT INTO `mc_zone` VALUES ('1505', '99', 'Uttar Pradesh', 'UP', '1');
INSERT INTO `mc_zone` VALUES ('1506', '99', 'West Bengal', 'WB', '1');
INSERT INTO `mc_zone` VALUES ('1507', '100', 'Aceh', 'AC', '1');
INSERT INTO `mc_zone` VALUES ('1508', '100', 'Bali', 'BA', '1');
INSERT INTO `mc_zone` VALUES ('1509', '100', 'Banten', 'BT', '1');
INSERT INTO `mc_zone` VALUES ('1510', '100', 'Bengkulu', 'BE', '1');
INSERT INTO `mc_zone` VALUES ('1511', '100', 'BoDeTaBek', 'BD', '1');
INSERT INTO `mc_zone` VALUES ('1512', '100', 'Gorontalo', 'GO', '1');
INSERT INTO `mc_zone` VALUES ('1513', '100', 'Jakarta Raya', 'JK', '1');
INSERT INTO `mc_zone` VALUES ('1514', '100', 'Jambi', 'JA', '1');
INSERT INTO `mc_zone` VALUES ('1515', '100', 'Jawa Barat', 'JB', '1');
INSERT INTO `mc_zone` VALUES ('1516', '100', 'Jawa Tengah', 'JT', '1');
INSERT INTO `mc_zone` VALUES ('1517', '100', 'Jawa Timur', 'JI', '1');
INSERT INTO `mc_zone` VALUES ('1518', '100', 'Kalimantan Barat', 'KB', '1');
INSERT INTO `mc_zone` VALUES ('1519', '100', 'Kalimantan Selatan', 'KS', '1');
INSERT INTO `mc_zone` VALUES ('1520', '100', 'Kalimantan Tengah', 'KT', '1');
INSERT INTO `mc_zone` VALUES ('1521', '100', 'Kalimantan Timur', 'KI', '1');
INSERT INTO `mc_zone` VALUES ('1522', '100', 'Kepulauan Bangka Belitung', 'BB', '1');
INSERT INTO `mc_zone` VALUES ('1523', '100', 'Lampung', 'LA', '1');
INSERT INTO `mc_zone` VALUES ('1524', '100', 'Maluku', 'MA', '1');
INSERT INTO `mc_zone` VALUES ('1525', '100', 'Maluku Utara', 'MU', '1');
INSERT INTO `mc_zone` VALUES ('1526', '100', 'Nusa Tenggara Barat', 'NB', '1');
INSERT INTO `mc_zone` VALUES ('1527', '100', 'Nusa Tenggara Timur', 'NT', '1');
INSERT INTO `mc_zone` VALUES ('1528', '100', 'Papua', 'PA', '1');
INSERT INTO `mc_zone` VALUES ('1529', '100', 'Riau', 'RI', '1');
INSERT INTO `mc_zone` VALUES ('1530', '100', 'Sulawesi Selatan', 'SN', '1');
INSERT INTO `mc_zone` VALUES ('1531', '100', 'Sulawesi Tengah', 'ST', '1');
INSERT INTO `mc_zone` VALUES ('1532', '100', 'Sulawesi Tenggara', 'SG', '1');
INSERT INTO `mc_zone` VALUES ('1533', '100', 'Sulawesi Utara', 'SA', '1');
INSERT INTO `mc_zone` VALUES ('1534', '100', 'Sumatera Barat', 'SB', '1');
INSERT INTO `mc_zone` VALUES ('1535', '100', 'Sumatera Selatan', 'SS', '1');
INSERT INTO `mc_zone` VALUES ('1536', '100', 'Sumatera Utara', 'SU', '1');
INSERT INTO `mc_zone` VALUES ('1537', '100', 'Yogyakarta', 'YO', '1');
INSERT INTO `mc_zone` VALUES ('1538', '101', 'Tehran', 'TEH', '1');
INSERT INTO `mc_zone` VALUES ('1539', '101', 'Qom', 'QOM', '1');
INSERT INTO `mc_zone` VALUES ('1540', '101', 'Markazi', 'MKZ', '1');
INSERT INTO `mc_zone` VALUES ('1541', '101', 'Qazvin', 'QAZ', '1');
INSERT INTO `mc_zone` VALUES ('1542', '101', 'Gilan', 'GIL', '1');
INSERT INTO `mc_zone` VALUES ('1543', '101', 'Ardabil', 'ARD', '1');
INSERT INTO `mc_zone` VALUES ('1544', '101', 'Zanjan', 'ZAN', '1');
INSERT INTO `mc_zone` VALUES ('1545', '101', 'East Azarbaijan', 'EAZ', '1');
INSERT INTO `mc_zone` VALUES ('1546', '101', 'West Azarbaijan', 'WEZ', '1');
INSERT INTO `mc_zone` VALUES ('1547', '101', 'Kurdistan', 'KRD', '1');
INSERT INTO `mc_zone` VALUES ('1548', '101', 'Hamadan', 'HMD', '1');
INSERT INTO `mc_zone` VALUES ('1549', '101', 'Kermanshah', 'KRM', '1');
INSERT INTO `mc_zone` VALUES ('1550', '101', 'Ilam', 'ILM', '1');
INSERT INTO `mc_zone` VALUES ('1551', '101', 'Lorestan', 'LRS', '1');
INSERT INTO `mc_zone` VALUES ('1552', '101', 'Khuzestan', 'KZT', '1');
INSERT INTO `mc_zone` VALUES ('1553', '101', 'Chahar Mahaal and Bakhtiari', 'CMB', '1');
INSERT INTO `mc_zone` VALUES ('1554', '101', 'Kohkiluyeh and Buyer Ahmad', 'KBA', '1');
INSERT INTO `mc_zone` VALUES ('1555', '101', 'Bushehr', 'BSH', '1');
INSERT INTO `mc_zone` VALUES ('1556', '101', 'Fars', 'FAR', '1');
INSERT INTO `mc_zone` VALUES ('1557', '101', 'Hormozgan', 'HRM', '1');
INSERT INTO `mc_zone` VALUES ('1558', '101', 'Sistan and Baluchistan', 'SBL', '1');
INSERT INTO `mc_zone` VALUES ('1559', '101', 'Kerman', 'KRB', '1');
INSERT INTO `mc_zone` VALUES ('1560', '101', 'Yazd', 'YZD', '1');
INSERT INTO `mc_zone` VALUES ('1561', '101', 'Esfahan', 'EFH', '1');
INSERT INTO `mc_zone` VALUES ('1562', '101', 'Semnan', 'SMN', '1');
INSERT INTO `mc_zone` VALUES ('1563', '101', 'Mazandaran', 'MZD', '1');
INSERT INTO `mc_zone` VALUES ('1564', '101', 'Golestan', 'GLS', '1');
INSERT INTO `mc_zone` VALUES ('1565', '101', 'North Khorasan', 'NKH', '1');
INSERT INTO `mc_zone` VALUES ('1566', '101', 'Razavi Khorasan', 'RKH', '1');
INSERT INTO `mc_zone` VALUES ('1567', '101', 'South Khorasan', 'SKH', '1');
INSERT INTO `mc_zone` VALUES ('1568', '102', 'Baghdad', 'BD', '1');
INSERT INTO `mc_zone` VALUES ('1569', '102', 'Salah ad Din', 'SD', '1');
INSERT INTO `mc_zone` VALUES ('1570', '102', 'Diyala', 'DY', '1');
INSERT INTO `mc_zone` VALUES ('1571', '102', 'Wasit', 'WS', '1');
INSERT INTO `mc_zone` VALUES ('1572', '102', 'Maysan', 'MY', '1');
INSERT INTO `mc_zone` VALUES ('1573', '102', 'Al Basrah', 'BA', '1');
INSERT INTO `mc_zone` VALUES ('1574', '102', 'Dhi Qar', 'DQ', '1');
INSERT INTO `mc_zone` VALUES ('1575', '102', 'Al Muthanna', 'MU', '1');
INSERT INTO `mc_zone` VALUES ('1576', '102', 'Al Qadisyah', 'QA', '1');
INSERT INTO `mc_zone` VALUES ('1577', '102', 'Babil', 'BB', '1');
INSERT INTO `mc_zone` VALUES ('1578', '102', 'Al Karbala', 'KB', '1');
INSERT INTO `mc_zone` VALUES ('1579', '102', 'An Najaf', 'NJ', '1');
INSERT INTO `mc_zone` VALUES ('1580', '102', 'Al Anbar', 'AB', '1');
INSERT INTO `mc_zone` VALUES ('1581', '102', 'Ninawa', 'NN', '1');
INSERT INTO `mc_zone` VALUES ('1582', '102', 'Dahuk', 'DH', '1');
INSERT INTO `mc_zone` VALUES ('1583', '102', 'Arbil', 'AL', '1');
INSERT INTO `mc_zone` VALUES ('1584', '102', 'At Ta\'mim', 'TM', '1');
INSERT INTO `mc_zone` VALUES ('1585', '102', 'As Sulaymaniyah', 'SL', '1');
INSERT INTO `mc_zone` VALUES ('1586', '103', 'Carlow', 'CA', '1');
INSERT INTO `mc_zone` VALUES ('1587', '103', 'Cavan', 'CV', '1');
INSERT INTO `mc_zone` VALUES ('1588', '103', 'Clare', 'CL', '1');
INSERT INTO `mc_zone` VALUES ('1589', '103', 'Cork', 'CO', '1');
INSERT INTO `mc_zone` VALUES ('1590', '103', 'Donegal', 'DO', '1');
INSERT INTO `mc_zone` VALUES ('1591', '103', 'Dublin', 'DU', '1');
INSERT INTO `mc_zone` VALUES ('1592', '103', 'Galway', 'GA', '1');
INSERT INTO `mc_zone` VALUES ('1593', '103', 'Kerry', 'KE', '1');
INSERT INTO `mc_zone` VALUES ('1594', '103', 'Kildare', 'KI', '1');
INSERT INTO `mc_zone` VALUES ('1595', '103', 'Kilkenny', 'KL', '1');
INSERT INTO `mc_zone` VALUES ('1596', '103', 'Laois', 'LA', '1');
INSERT INTO `mc_zone` VALUES ('1597', '103', 'Leitrim', 'LE', '1');
INSERT INTO `mc_zone` VALUES ('1598', '103', 'Limerick', 'LI', '1');
INSERT INTO `mc_zone` VALUES ('1599', '103', 'Longford', 'LO', '1');
INSERT INTO `mc_zone` VALUES ('1600', '103', 'Louth', 'LU', '1');
INSERT INTO `mc_zone` VALUES ('1601', '103', 'Mayo', 'MA', '1');
INSERT INTO `mc_zone` VALUES ('1602', '103', 'Meath', 'ME', '1');
INSERT INTO `mc_zone` VALUES ('1603', '103', 'Monaghan', 'MO', '1');
INSERT INTO `mc_zone` VALUES ('1604', '103', 'Offaly', 'OF', '1');
INSERT INTO `mc_zone` VALUES ('1605', '103', 'Roscommon', 'RO', '1');
INSERT INTO `mc_zone` VALUES ('1606', '103', 'Sligo', 'SL', '1');
INSERT INTO `mc_zone` VALUES ('1607', '103', 'Tipperary', 'TI', '1');
INSERT INTO `mc_zone` VALUES ('1608', '103', 'Waterford', 'WA', '1');
INSERT INTO `mc_zone` VALUES ('1609', '103', 'Westmeath', 'WE', '1');
INSERT INTO `mc_zone` VALUES ('1610', '103', 'Wexford', 'WX', '1');
INSERT INTO `mc_zone` VALUES ('1611', '103', 'Wicklow', 'WI', '1');
INSERT INTO `mc_zone` VALUES ('1612', '104', 'Be\'er Sheva', 'BS', '1');
INSERT INTO `mc_zone` VALUES ('1613', '104', 'Bika\'at Hayarden', 'BH', '1');
INSERT INTO `mc_zone` VALUES ('1614', '104', 'Eilat and Arava', 'EA', '1');
INSERT INTO `mc_zone` VALUES ('1615', '104', 'Galil', 'GA', '1');
INSERT INTO `mc_zone` VALUES ('1616', '104', 'Haifa', 'HA', '1');
INSERT INTO `mc_zone` VALUES ('1617', '104', 'Jehuda Mountains', 'JM', '1');
INSERT INTO `mc_zone` VALUES ('1618', '104', 'Jerusalem', 'JE', '1');
INSERT INTO `mc_zone` VALUES ('1619', '104', 'Negev', 'NE', '1');
INSERT INTO `mc_zone` VALUES ('1620', '104', 'Semaria', 'SE', '1');
INSERT INTO `mc_zone` VALUES ('1621', '104', 'Sharon', 'SH', '1');
INSERT INTO `mc_zone` VALUES ('1622', '104', 'Tel Aviv (Gosh Dan)', 'TA', '1');
INSERT INTO `mc_zone` VALUES ('3860', '105', 'Caltanissetta', 'CL', '1');
INSERT INTO `mc_zone` VALUES ('3842', '105', 'Agrigento', 'AG', '1');
INSERT INTO `mc_zone` VALUES ('3843', '105', 'Alessandria', 'AL', '1');
INSERT INTO `mc_zone` VALUES ('3844', '105', 'Ancona', 'AN', '1');
INSERT INTO `mc_zone` VALUES ('3845', '105', 'Aosta', 'AO', '1');
INSERT INTO `mc_zone` VALUES ('3846', '105', 'Arezzo', 'AR', '1');
INSERT INTO `mc_zone` VALUES ('3847', '105', 'Ascoli Piceno', 'AP', '1');
INSERT INTO `mc_zone` VALUES ('3848', '105', 'Asti', 'AT', '1');
INSERT INTO `mc_zone` VALUES ('3849', '105', 'Avellino', 'AV', '1');
INSERT INTO `mc_zone` VALUES ('3850', '105', 'Bari', 'BA', '1');
INSERT INTO `mc_zone` VALUES ('3851', '105', 'Belluno', 'BL', '1');
INSERT INTO `mc_zone` VALUES ('3852', '105', 'Benevento', 'BN', '1');
INSERT INTO `mc_zone` VALUES ('3853', '105', 'Bergamo', 'BG', '1');
INSERT INTO `mc_zone` VALUES ('3854', '105', 'Biella', 'BI', '1');
INSERT INTO `mc_zone` VALUES ('3855', '105', 'Bologna', 'BO', '1');
INSERT INTO `mc_zone` VALUES ('3856', '105', 'Bolzano', 'BZ', '1');
INSERT INTO `mc_zone` VALUES ('3857', '105', 'Brescia', 'BS', '1');
INSERT INTO `mc_zone` VALUES ('3858', '105', 'Brindisi', 'BR', '1');
INSERT INTO `mc_zone` VALUES ('3859', '105', 'Cagliari', 'CA', '1');
INSERT INTO `mc_zone` VALUES ('1643', '106', 'Clarendon Parish', 'CLA', '1');
INSERT INTO `mc_zone` VALUES ('1644', '106', 'Hanover Parish', 'HAN', '1');
INSERT INTO `mc_zone` VALUES ('1645', '106', 'Kingston Parish', 'KIN', '1');
INSERT INTO `mc_zone` VALUES ('1646', '106', 'Manchester Parish', 'MAN', '1');
INSERT INTO `mc_zone` VALUES ('1647', '106', 'Portland Parish', 'POR', '1');
INSERT INTO `mc_zone` VALUES ('1648', '106', 'Saint Andrew Parish', 'AND', '1');
INSERT INTO `mc_zone` VALUES ('1649', '106', 'Saint Ann Parish', 'ANN', '1');
INSERT INTO `mc_zone` VALUES ('1650', '106', 'Saint Catherine Parish', 'CAT', '1');
INSERT INTO `mc_zone` VALUES ('1651', '106', 'Saint Elizabeth Parish', 'ELI', '1');
INSERT INTO `mc_zone` VALUES ('1652', '106', 'Saint James Parish', 'JAM', '1');
INSERT INTO `mc_zone` VALUES ('1653', '106', 'Saint Mary Parish', 'MAR', '1');
INSERT INTO `mc_zone` VALUES ('1654', '106', 'Saint Thomas Parish', 'THO', '1');
INSERT INTO `mc_zone` VALUES ('1655', '106', 'Trelawny Parish', 'TRL', '1');
INSERT INTO `mc_zone` VALUES ('1656', '106', 'Westmoreland Parish', 'WML', '1');
INSERT INTO `mc_zone` VALUES ('1657', '107', 'Aichi', 'AI', '1');
INSERT INTO `mc_zone` VALUES ('1658', '107', 'Akita', 'AK', '1');
INSERT INTO `mc_zone` VALUES ('1659', '107', 'Aomori', 'AO', '1');
INSERT INTO `mc_zone` VALUES ('1660', '107', 'Chiba', 'CH', '1');
INSERT INTO `mc_zone` VALUES ('1661', '107', 'Ehime', 'EH', '1');
INSERT INTO `mc_zone` VALUES ('1662', '107', 'Fukui', 'FK', '1');
INSERT INTO `mc_zone` VALUES ('1663', '107', 'Fukuoka', 'FU', '1');
INSERT INTO `mc_zone` VALUES ('1664', '107', 'Fukushima', 'FS', '1');
INSERT INTO `mc_zone` VALUES ('1665', '107', 'Gifu', 'GI', '1');
INSERT INTO `mc_zone` VALUES ('1666', '107', 'Gumma', 'GU', '1');
INSERT INTO `mc_zone` VALUES ('1667', '107', 'Hiroshima', 'HI', '1');
INSERT INTO `mc_zone` VALUES ('1668', '107', 'Hokkaido', 'HO', '1');
INSERT INTO `mc_zone` VALUES ('1669', '107', 'Hyogo', 'HY', '1');
INSERT INTO `mc_zone` VALUES ('1670', '107', 'Ibaraki', 'IB', '1');
INSERT INTO `mc_zone` VALUES ('1671', '107', 'Ishikawa', 'IS', '1');
INSERT INTO `mc_zone` VALUES ('1672', '107', 'Iwate', 'IW', '1');
INSERT INTO `mc_zone` VALUES ('1673', '107', 'Kagawa', 'KA', '1');
INSERT INTO `mc_zone` VALUES ('1674', '107', 'Kagoshima', 'KG', '1');
INSERT INTO `mc_zone` VALUES ('1675', '107', 'Kanagawa', 'KN', '1');
INSERT INTO `mc_zone` VALUES ('1676', '107', 'Kochi', 'KO', '1');
INSERT INTO `mc_zone` VALUES ('1677', '107', 'Kumamoto', 'KU', '1');
INSERT INTO `mc_zone` VALUES ('1678', '107', 'Kyoto', 'KY', '1');
INSERT INTO `mc_zone` VALUES ('1679', '107', 'Mie', 'MI', '1');
INSERT INTO `mc_zone` VALUES ('1680', '107', 'Miyagi', 'MY', '1');
INSERT INTO `mc_zone` VALUES ('1681', '107', 'Miyazaki', 'MZ', '1');
INSERT INTO `mc_zone` VALUES ('1682', '107', 'Nagano', 'NA', '1');
INSERT INTO `mc_zone` VALUES ('1683', '107', 'Nagasaki', 'NG', '1');
INSERT INTO `mc_zone` VALUES ('1684', '107', 'Nara', 'NR', '1');
INSERT INTO `mc_zone` VALUES ('1685', '107', 'Niigata', 'NI', '1');
INSERT INTO `mc_zone` VALUES ('1686', '107', 'Oita', 'OI', '1');
INSERT INTO `mc_zone` VALUES ('1687', '107', 'Okayama', 'OK', '1');
INSERT INTO `mc_zone` VALUES ('1688', '107', 'Okinawa', 'ON', '1');
INSERT INTO `mc_zone` VALUES ('1689', '107', 'Osaka', 'OS', '1');
INSERT INTO `mc_zone` VALUES ('1690', '107', 'Saga', 'SA', '1');
INSERT INTO `mc_zone` VALUES ('1691', '107', 'Saitama', 'SI', '1');
INSERT INTO `mc_zone` VALUES ('1692', '107', 'Shiga', 'SH', '1');
INSERT INTO `mc_zone` VALUES ('1693', '107', 'Shimane', 'SM', '1');
INSERT INTO `mc_zone` VALUES ('1694', '107', 'Shizuoka', 'SZ', '1');
INSERT INTO `mc_zone` VALUES ('1695', '107', 'Tochigi', 'TO', '1');
INSERT INTO `mc_zone` VALUES ('1696', '107', 'Tokushima', 'TS', '1');
INSERT INTO `mc_zone` VALUES ('1697', '107', 'Tokyo', 'TK', '1');
INSERT INTO `mc_zone` VALUES ('1698', '107', 'Tottori', 'TT', '1');
INSERT INTO `mc_zone` VALUES ('1699', '107', 'Toyama', 'TY', '1');
INSERT INTO `mc_zone` VALUES ('1700', '107', 'Wakayama', 'WA', '1');
INSERT INTO `mc_zone` VALUES ('1701', '107', 'Yamagata', 'YA', '1');
INSERT INTO `mc_zone` VALUES ('1702', '107', 'Yamaguchi', 'YM', '1');
INSERT INTO `mc_zone` VALUES ('1703', '107', 'Yamanashi', 'YN', '1');
INSERT INTO `mc_zone` VALUES ('1704', '108', '\'Amman', 'AM', '1');
INSERT INTO `mc_zone` VALUES ('1705', '108', 'Ajlun', 'AJ', '1');
INSERT INTO `mc_zone` VALUES ('1706', '108', 'Al \'Aqabah', 'AA', '1');
INSERT INTO `mc_zone` VALUES ('1707', '108', 'Al Balqa\'', 'AB', '1');
INSERT INTO `mc_zone` VALUES ('1708', '108', 'Al Karak', 'AK', '1');
INSERT INTO `mc_zone` VALUES ('1709', '108', 'Al Mafraq', 'AL', '1');
INSERT INTO `mc_zone` VALUES ('1710', '108', 'At Tafilah', 'AT', '1');
INSERT INTO `mc_zone` VALUES ('1711', '108', 'Az Zarqa\'', 'AZ', '1');
INSERT INTO `mc_zone` VALUES ('1712', '108', 'Irbid', 'IR', '1');
INSERT INTO `mc_zone` VALUES ('1713', '108', 'Jarash', 'JA', '1');
INSERT INTO `mc_zone` VALUES ('1714', '108', 'Ma\'an', 'MA', '1');
INSERT INTO `mc_zone` VALUES ('1715', '108', 'Madaba', 'MD', '1');
INSERT INTO `mc_zone` VALUES ('1716', '109', 'Almaty', 'AL', '1');
INSERT INTO `mc_zone` VALUES ('1717', '109', 'Almaty City', 'AC', '1');
INSERT INTO `mc_zone` VALUES ('1718', '109', 'Aqmola', 'AM', '1');
INSERT INTO `mc_zone` VALUES ('1719', '109', 'Aqtobe', 'AQ', '1');
INSERT INTO `mc_zone` VALUES ('1720', '109', 'Astana City', 'AS', '1');
INSERT INTO `mc_zone` VALUES ('1721', '109', 'Atyrau', 'AT', '1');
INSERT INTO `mc_zone` VALUES ('1722', '109', 'Batys Qazaqstan', 'BA', '1');
INSERT INTO `mc_zone` VALUES ('1723', '109', 'Bayqongyr City', 'BY', '1');
INSERT INTO `mc_zone` VALUES ('1724', '109', 'Mangghystau', 'MA', '1');
INSERT INTO `mc_zone` VALUES ('1725', '109', 'Ongtustik Qazaqstan', 'ON', '1');
INSERT INTO `mc_zone` VALUES ('1726', '109', 'Pavlodar', 'PA', '1');
INSERT INTO `mc_zone` VALUES ('1727', '109', 'Qaraghandy', 'QA', '1');
INSERT INTO `mc_zone` VALUES ('1728', '109', 'Qostanay', 'QO', '1');
INSERT INTO `mc_zone` VALUES ('1729', '109', 'Qyzylorda', 'QY', '1');
INSERT INTO `mc_zone` VALUES ('1730', '109', 'Shyghys Qazaqstan', 'SH', '1');
INSERT INTO `mc_zone` VALUES ('1731', '109', 'Soltustik Qazaqstan', 'SO', '1');
INSERT INTO `mc_zone` VALUES ('1732', '109', 'Zhambyl', 'ZH', '1');
INSERT INTO `mc_zone` VALUES ('1733', '110', 'Central', 'CE', '1');
INSERT INTO `mc_zone` VALUES ('1734', '110', 'Coast', 'CO', '1');
INSERT INTO `mc_zone` VALUES ('1735', '110', 'Eastern', 'EA', '1');
INSERT INTO `mc_zone` VALUES ('1736', '110', 'Nairobi Area', 'NA', '1');
INSERT INTO `mc_zone` VALUES ('1737', '110', 'North Eastern', 'NE', '1');
INSERT INTO `mc_zone` VALUES ('1738', '110', 'Nyanza', 'NY', '1');
INSERT INTO `mc_zone` VALUES ('1739', '110', 'Rift Valley', 'RV', '1');
INSERT INTO `mc_zone` VALUES ('1740', '110', 'Western', 'WE', '1');
INSERT INTO `mc_zone` VALUES ('1741', '111', 'Abaiang', 'AG', '1');
INSERT INTO `mc_zone` VALUES ('1742', '111', 'Abemama', 'AM', '1');
INSERT INTO `mc_zone` VALUES ('1743', '111', 'Aranuka', 'AK', '1');
INSERT INTO `mc_zone` VALUES ('1744', '111', 'Arorae', 'AO', '1');
INSERT INTO `mc_zone` VALUES ('1745', '111', 'Banaba', 'BA', '1');
INSERT INTO `mc_zone` VALUES ('1746', '111', 'Beru', 'BE', '1');
INSERT INTO `mc_zone` VALUES ('1747', '111', 'Butaritari', 'bT', '1');
INSERT INTO `mc_zone` VALUES ('1748', '111', 'Kanton', 'KA', '1');
INSERT INTO `mc_zone` VALUES ('1749', '111', 'Kiritimati', 'KR', '1');
INSERT INTO `mc_zone` VALUES ('1750', '111', 'Kuria', 'KU', '1');
INSERT INTO `mc_zone` VALUES ('1751', '111', 'Maiana', 'MI', '1');
INSERT INTO `mc_zone` VALUES ('1752', '111', 'Makin', 'MN', '1');
INSERT INTO `mc_zone` VALUES ('1753', '111', 'Marakei', 'ME', '1');
INSERT INTO `mc_zone` VALUES ('1754', '111', 'Nikunau', 'NI', '1');
INSERT INTO `mc_zone` VALUES ('1755', '111', 'Nonouti', 'NO', '1');
INSERT INTO `mc_zone` VALUES ('1756', '111', 'Onotoa', 'ON', '1');
INSERT INTO `mc_zone` VALUES ('1757', '111', 'Tabiteuea', 'TT', '1');
INSERT INTO `mc_zone` VALUES ('1758', '111', 'Tabuaeran', 'TR', '1');
INSERT INTO `mc_zone` VALUES ('1759', '111', 'Tamana', 'TM', '1');
INSERT INTO `mc_zone` VALUES ('1760', '111', 'Tarawa', 'TW', '1');
INSERT INTO `mc_zone` VALUES ('1761', '111', 'Teraina', 'TE', '1');
INSERT INTO `mc_zone` VALUES ('1762', '112', 'Chagang-do', 'CHA', '1');
INSERT INTO `mc_zone` VALUES ('1763', '112', 'Hamgyong-bukto', 'HAB', '1');
INSERT INTO `mc_zone` VALUES ('1764', '112', 'Hamgyong-namdo', 'HAN', '1');
INSERT INTO `mc_zone` VALUES ('1765', '112', 'Hwanghae-bukto', 'HWB', '1');
INSERT INTO `mc_zone` VALUES ('1766', '112', 'Hwanghae-namdo', 'HWN', '1');
INSERT INTO `mc_zone` VALUES ('1767', '112', 'Kangwon-do', 'KAN', '1');
INSERT INTO `mc_zone` VALUES ('1768', '112', 'P\'yongan-bukto', 'PYB', '1');
INSERT INTO `mc_zone` VALUES ('1769', '112', 'P\'yongan-namdo', 'PYN', '1');
INSERT INTO `mc_zone` VALUES ('1770', '112', 'Ryanggang-do (Yanggang-do)', 'YAN', '1');
INSERT INTO `mc_zone` VALUES ('1771', '112', 'Rason Directly Governed City', 'NAJ', '1');
INSERT INTO `mc_zone` VALUES ('1772', '112', 'P\'yongyang Special City', 'PYO', '1');
INSERT INTO `mc_zone` VALUES ('1773', '113', 'Ch\'ungch\'ong-bukto', 'CO', '1');
INSERT INTO `mc_zone` VALUES ('1774', '113', 'Ch\'ungch\'ong-namdo', 'CH', '1');
INSERT INTO `mc_zone` VALUES ('1775', '113', 'Cheju-do', 'CD', '1');
INSERT INTO `mc_zone` VALUES ('1776', '113', 'Cholla-bukto', 'CB', '1');
INSERT INTO `mc_zone` VALUES ('1777', '113', 'Cholla-namdo', 'CN', '1');
INSERT INTO `mc_zone` VALUES ('1778', '113', 'Inch\'on-gwangyoksi', 'IG', '1');
INSERT INTO `mc_zone` VALUES ('1779', '113', 'Kangwon-do', 'KA', '1');
INSERT INTO `mc_zone` VALUES ('1780', '113', 'Kwangju-gwangyoksi', 'KG', '1');
INSERT INTO `mc_zone` VALUES ('1781', '113', 'Kyonggi-do', 'KD', '1');
INSERT INTO `mc_zone` VALUES ('1782', '113', 'Kyongsang-bukto', 'KB', '1');
INSERT INTO `mc_zone` VALUES ('1783', '113', 'Kyongsang-namdo', 'KN', '1');
INSERT INTO `mc_zone` VALUES ('1784', '113', 'Pusan-gwangyoksi', 'PG', '1');
INSERT INTO `mc_zone` VALUES ('1785', '113', 'Soul-t\'ukpyolsi', 'SO', '1');
INSERT INTO `mc_zone` VALUES ('1786', '113', 'Taegu-gwangyoksi', 'TA', '1');
INSERT INTO `mc_zone` VALUES ('1787', '113', 'Taejon-gwangyoksi', 'TG', '1');
INSERT INTO `mc_zone` VALUES ('1788', '114', 'Al \'Asimah', 'AL', '1');
INSERT INTO `mc_zone` VALUES ('1789', '114', 'Al Ahmadi', 'AA', '1');
INSERT INTO `mc_zone` VALUES ('1790', '114', 'Al Farwaniyah', 'AF', '1');
INSERT INTO `mc_zone` VALUES ('1791', '114', 'Al Jahra\'', 'AJ', '1');
INSERT INTO `mc_zone` VALUES ('1792', '114', 'Hawalli', 'HA', '1');
INSERT INTO `mc_zone` VALUES ('1793', '115', 'Bishkek', 'GB', '1');
INSERT INTO `mc_zone` VALUES ('1794', '115', 'Batken', 'B', '1');
INSERT INTO `mc_zone` VALUES ('1795', '115', 'Chu', 'C', '1');
INSERT INTO `mc_zone` VALUES ('1796', '115', 'Jalal-Abad', 'J', '1');
INSERT INTO `mc_zone` VALUES ('1797', '115', 'Naryn', 'N', '1');
INSERT INTO `mc_zone` VALUES ('1798', '115', 'Osh', 'O', '1');
INSERT INTO `mc_zone` VALUES ('1799', '115', 'Talas', 'T', '1');
INSERT INTO `mc_zone` VALUES ('1800', '115', 'Ysyk-Kol', 'Y', '1');
INSERT INTO `mc_zone` VALUES ('1801', '116', 'Vientiane', 'VT', '1');
INSERT INTO `mc_zone` VALUES ('1802', '116', 'Attapu', 'AT', '1');
INSERT INTO `mc_zone` VALUES ('1803', '116', 'Bokeo', 'BK', '1');
INSERT INTO `mc_zone` VALUES ('1804', '116', 'Bolikhamxai', 'BL', '1');
INSERT INTO `mc_zone` VALUES ('1805', '116', 'Champasak', 'CH', '1');
INSERT INTO `mc_zone` VALUES ('1806', '116', 'Houaphan', 'HO', '1');
INSERT INTO `mc_zone` VALUES ('1807', '116', 'Khammouan', 'KH', '1');
INSERT INTO `mc_zone` VALUES ('1808', '116', 'Louang Namtha', 'LM', '1');
INSERT INTO `mc_zone` VALUES ('1809', '116', 'Louangphabang', 'LP', '1');
INSERT INTO `mc_zone` VALUES ('1810', '116', 'Oudomxai', 'OU', '1');
INSERT INTO `mc_zone` VALUES ('1811', '116', 'Phongsali', 'PH', '1');
INSERT INTO `mc_zone` VALUES ('1812', '116', 'Salavan', 'SL', '1');
INSERT INTO `mc_zone` VALUES ('1813', '116', 'Savannakhet', 'SV', '1');
INSERT INTO `mc_zone` VALUES ('1814', '116', 'Vientiane', 'VI', '1');
INSERT INTO `mc_zone` VALUES ('1815', '116', 'Xaignabouli', 'XA', '1');
INSERT INTO `mc_zone` VALUES ('1816', '116', 'Xekong', 'XE', '1');
INSERT INTO `mc_zone` VALUES ('1817', '116', 'Xiangkhoang', 'XI', '1');
INSERT INTO `mc_zone` VALUES ('1818', '116', 'Xaisomboun', 'XN', '1');
INSERT INTO `mc_zone` VALUES ('1852', '119', 'Berea', 'BE', '1');
INSERT INTO `mc_zone` VALUES ('1853', '119', 'Butha-Buthe', 'BB', '1');
INSERT INTO `mc_zone` VALUES ('1854', '119', 'Leribe', 'LE', '1');
INSERT INTO `mc_zone` VALUES ('1855', '119', 'Mafeteng', 'MF', '1');
INSERT INTO `mc_zone` VALUES ('1856', '119', 'Maseru', 'MS', '1');
INSERT INTO `mc_zone` VALUES ('1857', '119', 'Mohale\'s Hoek', 'MH', '1');
INSERT INTO `mc_zone` VALUES ('1858', '119', 'Mokhotlong', 'MK', '1');
INSERT INTO `mc_zone` VALUES ('1859', '119', 'Qacha\'s Nek', 'QN', '1');
INSERT INTO `mc_zone` VALUES ('1860', '119', 'Quthing', 'QT', '1');
INSERT INTO `mc_zone` VALUES ('1861', '119', 'Thaba-Tseka', 'TT', '1');
INSERT INTO `mc_zone` VALUES ('1862', '120', 'Bomi', 'BI', '1');
INSERT INTO `mc_zone` VALUES ('1863', '120', 'Bong', 'BG', '1');
INSERT INTO `mc_zone` VALUES ('1864', '120', 'Grand Bassa', 'GB', '1');
INSERT INTO `mc_zone` VALUES ('1865', '120', 'Grand Cape Mount', 'CM', '1');
INSERT INTO `mc_zone` VALUES ('1866', '120', 'Grand Gedeh', 'GG', '1');
INSERT INTO `mc_zone` VALUES ('1867', '120', 'Grand Kru', 'GK', '1');
INSERT INTO `mc_zone` VALUES ('1868', '120', 'Lofa', 'LO', '1');
INSERT INTO `mc_zone` VALUES ('1869', '120', 'Margibi', 'MG', '1');
INSERT INTO `mc_zone` VALUES ('1870', '120', 'Maryland', 'ML', '1');
INSERT INTO `mc_zone` VALUES ('1871', '120', 'Montserrado', 'MS', '1');
INSERT INTO `mc_zone` VALUES ('1872', '120', 'Nimba', 'NB', '1');
INSERT INTO `mc_zone` VALUES ('1873', '120', 'River Cess', 'RC', '1');
INSERT INTO `mc_zone` VALUES ('1874', '120', 'Sinoe', 'SN', '1');
INSERT INTO `mc_zone` VALUES ('1875', '121', 'Ajdabiya', 'AJ', '1');
INSERT INTO `mc_zone` VALUES ('1876', '121', 'Al \'Aziziyah', 'AZ', '1');
INSERT INTO `mc_zone` VALUES ('1877', '121', 'Al Fatih', 'FA', '1');
INSERT INTO `mc_zone` VALUES ('1878', '121', 'Al Jabal al Akhdar', 'JA', '1');
INSERT INTO `mc_zone` VALUES ('1879', '121', 'Al Jufrah', 'JU', '1');
INSERT INTO `mc_zone` VALUES ('1880', '121', 'Al Khums', 'KH', '1');
INSERT INTO `mc_zone` VALUES ('1881', '121', 'Al Kufrah', 'KU', '1');
INSERT INTO `mc_zone` VALUES ('1882', '121', 'An Nuqat al Khams', 'NK', '1');
INSERT INTO `mc_zone` VALUES ('1883', '121', 'Ash Shati\'', 'AS', '1');
INSERT INTO `mc_zone` VALUES ('1884', '121', 'Awbari', 'AW', '1');
INSERT INTO `mc_zone` VALUES ('1885', '121', 'Az Zawiyah', 'ZA', '1');
INSERT INTO `mc_zone` VALUES ('1886', '121', 'Banghazi', 'BA', '1');
INSERT INTO `mc_zone` VALUES ('1887', '121', 'Darnah', 'DA', '1');
INSERT INTO `mc_zone` VALUES ('1888', '121', 'Ghadamis', 'GD', '1');
INSERT INTO `mc_zone` VALUES ('1889', '121', 'Gharyan', 'GY', '1');
INSERT INTO `mc_zone` VALUES ('1890', '121', 'Misratah', 'MI', '1');
INSERT INTO `mc_zone` VALUES ('1891', '121', 'Murzuq', 'MZ', '1');
INSERT INTO `mc_zone` VALUES ('1892', '121', 'Sabha', 'SB', '1');
INSERT INTO `mc_zone` VALUES ('1893', '121', 'Sawfajjin', 'SW', '1');
INSERT INTO `mc_zone` VALUES ('1894', '121', 'Surt', 'SU', '1');
INSERT INTO `mc_zone` VALUES ('1895', '121', 'Tarabulus (Tripoli)', 'TL', '1');
INSERT INTO `mc_zone` VALUES ('1896', '121', 'Tarhunah', 'TH', '1');
INSERT INTO `mc_zone` VALUES ('1897', '121', 'Tubruq', 'TU', '1');
INSERT INTO `mc_zone` VALUES ('1898', '121', 'Yafran', 'YA', '1');
INSERT INTO `mc_zone` VALUES ('1899', '121', 'Zlitan', 'ZL', '1');
INSERT INTO `mc_zone` VALUES ('1900', '122', 'Vaduz', 'V', '1');
INSERT INTO `mc_zone` VALUES ('1901', '122', 'Schaan', 'A', '1');
INSERT INTO `mc_zone` VALUES ('1902', '122', 'Balzers', 'B', '1');
INSERT INTO `mc_zone` VALUES ('1903', '122', 'Triesen', 'N', '1');
INSERT INTO `mc_zone` VALUES ('1904', '122', 'Eschen', 'E', '1');
INSERT INTO `mc_zone` VALUES ('1905', '122', 'Mauren', 'M', '1');
INSERT INTO `mc_zone` VALUES ('1906', '122', 'Triesenberg', 'T', '1');
INSERT INTO `mc_zone` VALUES ('1907', '122', 'Ruggell', 'R', '1');
INSERT INTO `mc_zone` VALUES ('1908', '122', 'Gamprin', 'G', '1');
INSERT INTO `mc_zone` VALUES ('1909', '122', 'Schellenberg', 'L', '1');
INSERT INTO `mc_zone` VALUES ('1910', '122', 'Planken', 'P', '1');
INSERT INTO `mc_zone` VALUES ('1911', '123', 'Alytus', 'AL', '1');
INSERT INTO `mc_zone` VALUES ('1912', '123', 'Kaunas', 'KA', '1');
INSERT INTO `mc_zone` VALUES ('1913', '123', 'Klaipeda', 'KL', '1');
INSERT INTO `mc_zone` VALUES ('1914', '123', 'Marijampole', 'MA', '1');
INSERT INTO `mc_zone` VALUES ('1915', '123', 'Panevezys', 'PA', '1');
INSERT INTO `mc_zone` VALUES ('1916', '123', 'Siauliai', 'SI', '1');
INSERT INTO `mc_zone` VALUES ('1917', '123', 'Taurage', 'TA', '1');
INSERT INTO `mc_zone` VALUES ('1918', '123', 'Telsiai', 'TE', '1');
INSERT INTO `mc_zone` VALUES ('1919', '123', 'Utena', 'UT', '1');
INSERT INTO `mc_zone` VALUES ('1920', '123', 'Vilnius', 'VI', '1');
INSERT INTO `mc_zone` VALUES ('1921', '124', 'Diekirch', 'DD', '1');
INSERT INTO `mc_zone` VALUES ('1922', '124', 'Clervaux', 'DC', '1');
INSERT INTO `mc_zone` VALUES ('1923', '124', 'Redange', 'DR', '1');
INSERT INTO `mc_zone` VALUES ('1924', '124', 'Vianden', 'DV', '1');
INSERT INTO `mc_zone` VALUES ('1925', '124', 'Wiltz', 'DW', '1');
INSERT INTO `mc_zone` VALUES ('1926', '124', 'Grevenmacher', 'GG', '1');
INSERT INTO `mc_zone` VALUES ('1927', '124', 'Echternach', 'GE', '1');
INSERT INTO `mc_zone` VALUES ('1928', '124', 'Remich', 'GR', '1');
INSERT INTO `mc_zone` VALUES ('1929', '124', 'Luxembourg', 'LL', '1');
INSERT INTO `mc_zone` VALUES ('1930', '124', 'Capellen', 'LC', '1');
INSERT INTO `mc_zone` VALUES ('1931', '124', 'Esch-sur-Alzette', 'LE', '1');
INSERT INTO `mc_zone` VALUES ('1932', '124', 'Mersch', 'LM', '1');
INSERT INTO `mc_zone` VALUES ('1933', '125', 'Our Lady Fatima Parish', 'OLF', '1');
INSERT INTO `mc_zone` VALUES ('1934', '125', 'St. Anthony Parish', 'ANT', '1');
INSERT INTO `mc_zone` VALUES ('1935', '125', 'St. Lazarus Parish', 'LAZ', '1');
INSERT INTO `mc_zone` VALUES ('1936', '125', 'Cathedral Parish', 'CAT', '1');
INSERT INTO `mc_zone` VALUES ('1937', '125', 'St. Lawrence Parish', 'LAW', '1');
INSERT INTO `mc_zone` VALUES ('1938', '127', 'Antananarivo', 'AN', '1');
INSERT INTO `mc_zone` VALUES ('1939', '127', 'Antsiranana', 'AS', '1');
INSERT INTO `mc_zone` VALUES ('1940', '127', 'Fianarantsoa', 'FN', '1');
INSERT INTO `mc_zone` VALUES ('1941', '127', 'Mahajanga', 'MJ', '1');
INSERT INTO `mc_zone` VALUES ('1942', '127', 'Toamasina', 'TM', '1');
INSERT INTO `mc_zone` VALUES ('1943', '127', 'Toliara', 'TL', '1');
INSERT INTO `mc_zone` VALUES ('1944', '128', 'Balaka', 'BLK', '1');
INSERT INTO `mc_zone` VALUES ('1945', '128', 'Blantyre', 'BLT', '1');
INSERT INTO `mc_zone` VALUES ('1946', '128', 'Chikwawa', 'CKW', '1');
INSERT INTO `mc_zone` VALUES ('1947', '128', 'Chiradzulu', 'CRD', '1');
INSERT INTO `mc_zone` VALUES ('1948', '128', 'Chitipa', 'CTP', '1');
INSERT INTO `mc_zone` VALUES ('1949', '128', 'Dedza', 'DDZ', '1');
INSERT INTO `mc_zone` VALUES ('1950', '128', 'Dowa', 'DWA', '1');
INSERT INTO `mc_zone` VALUES ('1951', '128', 'Karonga', 'KRG', '1');
INSERT INTO `mc_zone` VALUES ('1952', '128', 'Kasungu', 'KSG', '1');
INSERT INTO `mc_zone` VALUES ('1953', '128', 'Likoma', 'LKM', '1');
INSERT INTO `mc_zone` VALUES ('1954', '128', 'Lilongwe', 'LLG', '1');
INSERT INTO `mc_zone` VALUES ('1955', '128', 'Machinga', 'MCG', '1');
INSERT INTO `mc_zone` VALUES ('1956', '128', 'Mangochi', 'MGC', '1');
INSERT INTO `mc_zone` VALUES ('1957', '128', 'Mchinji', 'MCH', '1');
INSERT INTO `mc_zone` VALUES ('1958', '128', 'Mulanje', 'MLJ', '1');
INSERT INTO `mc_zone` VALUES ('1959', '128', 'Mwanza', 'MWZ', '1');
INSERT INTO `mc_zone` VALUES ('1960', '128', 'Mzimba', 'MZM', '1');
INSERT INTO `mc_zone` VALUES ('1961', '128', 'Ntcheu', 'NTU', '1');
INSERT INTO `mc_zone` VALUES ('1962', '128', 'Nkhata Bay', 'NKB', '1');
INSERT INTO `mc_zone` VALUES ('1963', '128', 'Nkhotakota', 'NKH', '1');
INSERT INTO `mc_zone` VALUES ('1964', '128', 'Nsanje', 'NSJ', '1');
INSERT INTO `mc_zone` VALUES ('1965', '128', 'Ntchisi', 'NTI', '1');
INSERT INTO `mc_zone` VALUES ('1966', '128', 'Phalombe', 'PHL', '1');
INSERT INTO `mc_zone` VALUES ('1967', '128', 'Rumphi', 'RMP', '1');
INSERT INTO `mc_zone` VALUES ('1968', '128', 'Salima', 'SLM', '1');
INSERT INTO `mc_zone` VALUES ('1969', '128', 'Thyolo', 'THY', '1');
INSERT INTO `mc_zone` VALUES ('1970', '128', 'Zomba', 'ZBA', '1');
INSERT INTO `mc_zone` VALUES ('1971', '129', 'Johor', 'MY-01', '1');
INSERT INTO `mc_zone` VALUES ('1972', '129', 'Kedah', 'MY-02', '1');
INSERT INTO `mc_zone` VALUES ('1973', '129', 'Kelantan', 'MY-03', '1');
INSERT INTO `mc_zone` VALUES ('1974', '129', 'Labuan', 'MY-15', '1');
INSERT INTO `mc_zone` VALUES ('1975', '129', 'Melaka', 'MY-04', '1');
INSERT INTO `mc_zone` VALUES ('1976', '129', 'Negeri Sembilan', 'MY-05', '1');
INSERT INTO `mc_zone` VALUES ('1977', '129', 'Pahang', 'MY-06', '1');
INSERT INTO `mc_zone` VALUES ('1978', '129', 'Perak', 'MY-08', '1');
INSERT INTO `mc_zone` VALUES ('1979', '129', 'Perlis', 'MY-09', '1');
INSERT INTO `mc_zone` VALUES ('1980', '129', 'Pulau Pinang', 'MY-07', '1');
INSERT INTO `mc_zone` VALUES ('1981', '129', 'Sabah', 'MY-12', '1');
INSERT INTO `mc_zone` VALUES ('1982', '129', 'Sarawak', 'MY-13', '1');
INSERT INTO `mc_zone` VALUES ('1983', '129', 'Selangor', 'MY-10', '1');
INSERT INTO `mc_zone` VALUES ('1984', '129', 'Terengganu', 'MY-11', '1');
INSERT INTO `mc_zone` VALUES ('1985', '129', 'Kuala Lumpur', 'MY-14', '1');
INSERT INTO `mc_zone` VALUES ('4035', '129', 'Putrajaya', 'MY-16', '1');
INSERT INTO `mc_zone` VALUES ('1986', '130', 'Thiladhunmathi Uthuru', 'THU', '1');
INSERT INTO `mc_zone` VALUES ('1987', '130', 'Thiladhunmathi Dhekunu', 'THD', '1');
INSERT INTO `mc_zone` VALUES ('1988', '130', 'Miladhunmadulu Uthuru', 'MLU', '1');
INSERT INTO `mc_zone` VALUES ('1989', '130', 'Miladhunmadulu Dhekunu', 'MLD', '1');
INSERT INTO `mc_zone` VALUES ('1990', '130', 'Maalhosmadulu Uthuru', 'MAU', '1');
INSERT INTO `mc_zone` VALUES ('1991', '130', 'Maalhosmadulu Dhekunu', 'MAD', '1');
INSERT INTO `mc_zone` VALUES ('1992', '130', 'Faadhippolhu', 'FAA', '1');
INSERT INTO `mc_zone` VALUES ('1993', '130', 'Male Atoll', 'MAA', '1');
INSERT INTO `mc_zone` VALUES ('1994', '130', 'Ari Atoll Uthuru', 'AAU', '1');
INSERT INTO `mc_zone` VALUES ('1995', '130', 'Ari Atoll Dheknu', 'AAD', '1');
INSERT INTO `mc_zone` VALUES ('1996', '130', 'Felidhe Atoll', 'FEA', '1');
INSERT INTO `mc_zone` VALUES ('1997', '130', 'Mulaku Atoll', 'MUA', '1');
INSERT INTO `mc_zone` VALUES ('1998', '130', 'Nilandhe Atoll Uthuru', 'NAU', '1');
INSERT INTO `mc_zone` VALUES ('1999', '130', 'Nilandhe Atoll Dhekunu', 'NAD', '1');
INSERT INTO `mc_zone` VALUES ('2000', '130', 'Kolhumadulu', 'KLH', '1');
INSERT INTO `mc_zone` VALUES ('2001', '130', 'Hadhdhunmathi', 'HDH', '1');
INSERT INTO `mc_zone` VALUES ('2002', '130', 'Huvadhu Atoll Uthuru', 'HAU', '1');
INSERT INTO `mc_zone` VALUES ('2003', '130', 'Huvadhu Atoll Dhekunu', 'HAD', '1');
INSERT INTO `mc_zone` VALUES ('2004', '130', 'Fua Mulaku', 'FMU', '1');
INSERT INTO `mc_zone` VALUES ('2005', '130', 'Addu', 'ADD', '1');
INSERT INTO `mc_zone` VALUES ('2006', '131', 'Gao', 'GA', '1');
INSERT INTO `mc_zone` VALUES ('2007', '131', 'Kayes', 'KY', '1');
INSERT INTO `mc_zone` VALUES ('2008', '131', 'Kidal', 'KD', '1');
INSERT INTO `mc_zone` VALUES ('2009', '131', 'Koulikoro', 'KL', '1');
INSERT INTO `mc_zone` VALUES ('2010', '131', 'Mopti', 'MP', '1');
INSERT INTO `mc_zone` VALUES ('2011', '131', 'Segou', 'SG', '1');
INSERT INTO `mc_zone` VALUES ('2012', '131', 'Sikasso', 'SK', '1');
INSERT INTO `mc_zone` VALUES ('2013', '131', 'Tombouctou', 'TB', '1');
INSERT INTO `mc_zone` VALUES ('2014', '131', 'Bamako Capital District', 'CD', '1');
INSERT INTO `mc_zone` VALUES ('2015', '132', 'Attard', 'ATT', '1');
INSERT INTO `mc_zone` VALUES ('2016', '132', 'Balzan', 'BAL', '1');
INSERT INTO `mc_zone` VALUES ('2017', '132', 'Birgu', 'BGU', '1');
INSERT INTO `mc_zone` VALUES ('2018', '132', 'Birkirkara', 'BKK', '1');
INSERT INTO `mc_zone` VALUES ('2019', '132', 'Birzebbuga', 'BRZ', '1');
INSERT INTO `mc_zone` VALUES ('2020', '132', 'Bormla', 'BOR', '1');
INSERT INTO `mc_zone` VALUES ('2021', '132', 'Dingli', 'DIN', '1');
INSERT INTO `mc_zone` VALUES ('2022', '132', 'Fgura', 'FGU', '1');
INSERT INTO `mc_zone` VALUES ('2023', '132', 'Floriana', 'FLO', '1');
INSERT INTO `mc_zone` VALUES ('2024', '132', 'Gudja', 'GDJ', '1');
INSERT INTO `mc_zone` VALUES ('2025', '132', 'Gzira', 'GZR', '1');
INSERT INTO `mc_zone` VALUES ('2026', '132', 'Gargur', 'GRG', '1');
INSERT INTO `mc_zone` VALUES ('2027', '132', 'Gaxaq', 'GXQ', '1');
INSERT INTO `mc_zone` VALUES ('2028', '132', 'Hamrun', 'HMR', '1');
INSERT INTO `mc_zone` VALUES ('2029', '132', 'Iklin', 'IKL', '1');
INSERT INTO `mc_zone` VALUES ('2030', '132', 'Isla', 'ISL', '1');
INSERT INTO `mc_zone` VALUES ('2031', '132', 'Kalkara', 'KLK', '1');
INSERT INTO `mc_zone` VALUES ('2032', '132', 'Kirkop', 'KRK', '1');
INSERT INTO `mc_zone` VALUES ('2033', '132', 'Lija', 'LIJ', '1');
INSERT INTO `mc_zone` VALUES ('2034', '132', 'Luqa', 'LUQ', '1');
INSERT INTO `mc_zone` VALUES ('2035', '132', 'Marsa', 'MRS', '1');
INSERT INTO `mc_zone` VALUES ('2036', '132', 'Marsaskala', 'MKL', '1');
INSERT INTO `mc_zone` VALUES ('2037', '132', 'Marsaxlokk', 'MXL', '1');
INSERT INTO `mc_zone` VALUES ('2038', '132', 'Mdina', 'MDN', '1');
INSERT INTO `mc_zone` VALUES ('2039', '132', 'Melliea', 'MEL', '1');
INSERT INTO `mc_zone` VALUES ('2040', '132', 'Mgarr', 'MGR', '1');
INSERT INTO `mc_zone` VALUES ('2041', '132', 'Mosta', 'MST', '1');
INSERT INTO `mc_zone` VALUES ('2042', '132', 'Mqabba', 'MQA', '1');
INSERT INTO `mc_zone` VALUES ('2043', '132', 'Msida', 'MSI', '1');
INSERT INTO `mc_zone` VALUES ('2044', '132', 'Mtarfa', 'MTF', '1');
INSERT INTO `mc_zone` VALUES ('2045', '132', 'Naxxar', 'NAX', '1');
INSERT INTO `mc_zone` VALUES ('2046', '132', 'Paola', 'PAO', '1');
INSERT INTO `mc_zone` VALUES ('2047', '132', 'Pembroke', 'PEM', '1');
INSERT INTO `mc_zone` VALUES ('2048', '132', 'Pieta', 'PIE', '1');
INSERT INTO `mc_zone` VALUES ('2049', '132', 'Qormi', 'QOR', '1');
INSERT INTO `mc_zone` VALUES ('2050', '132', 'Qrendi', 'QRE', '1');
INSERT INTO `mc_zone` VALUES ('2051', '132', 'Rabat', 'RAB', '1');
INSERT INTO `mc_zone` VALUES ('2052', '132', 'Safi', 'SAF', '1');
INSERT INTO `mc_zone` VALUES ('2053', '132', 'San Giljan', 'SGI', '1');
INSERT INTO `mc_zone` VALUES ('2054', '132', 'Santa Lucija', 'SLU', '1');
INSERT INTO `mc_zone` VALUES ('2055', '132', 'San Pawl il-Bahar', 'SPB', '1');
INSERT INTO `mc_zone` VALUES ('2056', '132', 'San Gwann', 'SGW', '1');
INSERT INTO `mc_zone` VALUES ('2057', '132', 'Santa Venera', 'SVE', '1');
INSERT INTO `mc_zone` VALUES ('2058', '132', 'Siggiewi', 'SIG', '1');
INSERT INTO `mc_zone` VALUES ('2059', '132', 'Sliema', 'SLM', '1');
INSERT INTO `mc_zone` VALUES ('2060', '132', 'Swieqi', 'SWQ', '1');
INSERT INTO `mc_zone` VALUES ('2061', '132', 'Ta Xbiex', 'TXB', '1');
INSERT INTO `mc_zone` VALUES ('2062', '132', 'Tarxien', 'TRX', '1');
INSERT INTO `mc_zone` VALUES ('2063', '132', 'Valletta', 'VLT', '1');
INSERT INTO `mc_zone` VALUES ('2064', '132', 'Xgajra', 'XGJ', '1');
INSERT INTO `mc_zone` VALUES ('2065', '132', 'Zabbar', 'ZBR', '1');
INSERT INTO `mc_zone` VALUES ('2066', '132', 'Zebbug', 'ZBG', '1');
INSERT INTO `mc_zone` VALUES ('2067', '132', 'Zejtun', 'ZJT', '1');
INSERT INTO `mc_zone` VALUES ('2068', '132', 'Zurrieq', 'ZRQ', '1');
INSERT INTO `mc_zone` VALUES ('2069', '132', 'Fontana', 'FNT', '1');
INSERT INTO `mc_zone` VALUES ('2070', '132', 'Ghajnsielem', 'GHJ', '1');
INSERT INTO `mc_zone` VALUES ('2071', '132', 'Gharb', 'GHR', '1');
INSERT INTO `mc_zone` VALUES ('2072', '132', 'Ghasri', 'GHS', '1');
INSERT INTO `mc_zone` VALUES ('2073', '132', 'Kercem', 'KRC', '1');
INSERT INTO `mc_zone` VALUES ('2074', '132', 'Munxar', 'MUN', '1');
INSERT INTO `mc_zone` VALUES ('2075', '132', 'Nadur', 'NAD', '1');
INSERT INTO `mc_zone` VALUES ('2076', '132', 'Qala', 'QAL', '1');
INSERT INTO `mc_zone` VALUES ('2077', '132', 'Victoria', 'VIC', '1');
INSERT INTO `mc_zone` VALUES ('2078', '132', 'San Lawrenz', 'SLA', '1');
INSERT INTO `mc_zone` VALUES ('2079', '132', 'Sannat', 'SNT', '1');
INSERT INTO `mc_zone` VALUES ('2080', '132', 'Xagra', 'ZAG', '1');
INSERT INTO `mc_zone` VALUES ('2081', '132', 'Xewkija', 'XEW', '1');
INSERT INTO `mc_zone` VALUES ('2082', '132', 'Zebbug', 'ZEB', '1');
INSERT INTO `mc_zone` VALUES ('2083', '133', 'Ailinginae', 'ALG', '1');
INSERT INTO `mc_zone` VALUES ('2084', '133', 'Ailinglaplap', 'ALL', '1');
INSERT INTO `mc_zone` VALUES ('2085', '133', 'Ailuk', 'ALK', '1');
INSERT INTO `mc_zone` VALUES ('2086', '133', 'Arno', 'ARN', '1');
INSERT INTO `mc_zone` VALUES ('2087', '133', 'Aur', 'AUR', '1');
INSERT INTO `mc_zone` VALUES ('2088', '133', 'Bikar', 'BKR', '1');
INSERT INTO `mc_zone` VALUES ('2089', '133', 'Bikini', 'BKN', '1');
INSERT INTO `mc_zone` VALUES ('2090', '133', 'Bokak', 'BKK', '1');
INSERT INTO `mc_zone` VALUES ('2091', '133', 'Ebon', 'EBN', '1');
INSERT INTO `mc_zone` VALUES ('2092', '133', 'Enewetak', 'ENT', '1');
INSERT INTO `mc_zone` VALUES ('2093', '133', 'Erikub', 'EKB', '1');
INSERT INTO `mc_zone` VALUES ('2094', '133', 'Jabat', 'JBT', '1');
INSERT INTO `mc_zone` VALUES ('2095', '133', 'Jaluit', 'JLT', '1');
INSERT INTO `mc_zone` VALUES ('2096', '133', 'Jemo', 'JEM', '1');
INSERT INTO `mc_zone` VALUES ('2097', '133', 'Kili', 'KIL', '1');
INSERT INTO `mc_zone` VALUES ('2098', '133', 'Kwajalein', 'KWJ', '1');
INSERT INTO `mc_zone` VALUES ('2099', '133', 'Lae', 'LAE', '1');
INSERT INTO `mc_zone` VALUES ('2100', '133', 'Lib', 'LIB', '1');
INSERT INTO `mc_zone` VALUES ('2101', '133', 'Likiep', 'LKP', '1');
INSERT INTO `mc_zone` VALUES ('2102', '133', 'Majuro', 'MJR', '1');
INSERT INTO `mc_zone` VALUES ('2103', '133', 'Maloelap', 'MLP', '1');
INSERT INTO `mc_zone` VALUES ('2104', '133', 'Mejit', 'MJT', '1');
INSERT INTO `mc_zone` VALUES ('2105', '133', 'Mili', 'MIL', '1');
INSERT INTO `mc_zone` VALUES ('2106', '133', 'Namorik', 'NMK', '1');
INSERT INTO `mc_zone` VALUES ('2107', '133', 'Namu', 'NAM', '1');
INSERT INTO `mc_zone` VALUES ('2108', '133', 'Rongelap', 'RGL', '1');
INSERT INTO `mc_zone` VALUES ('2109', '133', 'Rongrik', 'RGK', '1');
INSERT INTO `mc_zone` VALUES ('2110', '133', 'Toke', 'TOK', '1');
INSERT INTO `mc_zone` VALUES ('2111', '133', 'Ujae', 'UJA', '1');
INSERT INTO `mc_zone` VALUES ('2112', '133', 'Ujelang', 'UJL', '1');
INSERT INTO `mc_zone` VALUES ('2113', '133', 'Utirik', 'UTK', '1');
INSERT INTO `mc_zone` VALUES ('2114', '133', 'Wotho', 'WTH', '1');
INSERT INTO `mc_zone` VALUES ('2115', '133', 'Wotje', 'WTJ', '1');
INSERT INTO `mc_zone` VALUES ('2116', '135', 'Adrar', 'AD', '1');
INSERT INTO `mc_zone` VALUES ('2117', '135', 'Assaba', 'AS', '1');
INSERT INTO `mc_zone` VALUES ('2118', '135', 'Brakna', 'BR', '1');
INSERT INTO `mc_zone` VALUES ('2119', '135', 'Dakhlet Nouadhibou', 'DN', '1');
INSERT INTO `mc_zone` VALUES ('2120', '135', 'Gorgol', 'GO', '1');
INSERT INTO `mc_zone` VALUES ('2121', '135', 'Guidimaka', 'GM', '1');
INSERT INTO `mc_zone` VALUES ('2122', '135', 'Hodh Ech Chargui', 'HC', '1');
INSERT INTO `mc_zone` VALUES ('2123', '135', 'Hodh El Gharbi', 'HG', '1');
INSERT INTO `mc_zone` VALUES ('2124', '135', 'Inchiri', 'IN', '1');
INSERT INTO `mc_zone` VALUES ('2125', '135', 'Tagant', 'TA', '1');
INSERT INTO `mc_zone` VALUES ('2126', '135', 'Tiris Zemmour', 'TZ', '1');
INSERT INTO `mc_zone` VALUES ('2127', '135', 'Trarza', 'TR', '1');
INSERT INTO `mc_zone` VALUES ('2128', '135', 'Nouakchott', 'NO', '1');
INSERT INTO `mc_zone` VALUES ('2129', '136', 'Beau Bassin-Rose Hill', 'BR', '1');
INSERT INTO `mc_zone` VALUES ('2130', '136', 'Curepipe', 'CU', '1');
INSERT INTO `mc_zone` VALUES ('2131', '136', 'Port Louis', 'PU', '1');
INSERT INTO `mc_zone` VALUES ('2132', '136', 'Quatre Bornes', 'QB', '1');
INSERT INTO `mc_zone` VALUES ('2133', '136', 'Vacoas-Phoenix', 'VP', '1');
INSERT INTO `mc_zone` VALUES ('2134', '136', 'Agalega Islands', 'AG', '1');
INSERT INTO `mc_zone` VALUES ('2135', '136', 'Cargados Carajos Shoals (Saint Brandon Islands)', 'CC', '1');
INSERT INTO `mc_zone` VALUES ('2136', '136', 'Rodrigues', 'RO', '1');
INSERT INTO `mc_zone` VALUES ('2137', '136', 'Black River', 'BL', '1');
INSERT INTO `mc_zone` VALUES ('2138', '136', 'Flacq', 'FL', '1');
INSERT INTO `mc_zone` VALUES ('2139', '136', 'Grand Port', 'GP', '1');
INSERT INTO `mc_zone` VALUES ('2140', '136', 'Moka', 'MO', '1');
INSERT INTO `mc_zone` VALUES ('2141', '136', 'Pamplemousses', 'PA', '1');
INSERT INTO `mc_zone` VALUES ('2142', '136', 'Plaines Wilhems', 'PW', '1');
INSERT INTO `mc_zone` VALUES ('2143', '136', 'Port Louis', 'PL', '1');
INSERT INTO `mc_zone` VALUES ('2144', '136', 'Riviere du Rempart', 'RR', '1');
INSERT INTO `mc_zone` VALUES ('2145', '136', 'Savanne', 'SA', '1');
INSERT INTO `mc_zone` VALUES ('2146', '138', 'Baja California Norte', 'BN', '1');
INSERT INTO `mc_zone` VALUES ('2147', '138', 'Baja California Sur', 'BS', '1');
INSERT INTO `mc_zone` VALUES ('2148', '138', 'Campeche', 'CA', '1');
INSERT INTO `mc_zone` VALUES ('2149', '138', 'Chiapas', 'CI', '1');
INSERT INTO `mc_zone` VALUES ('2150', '138', 'Chihuahua', 'CH', '1');
INSERT INTO `mc_zone` VALUES ('2151', '138', 'Coahuila de Zaragoza', 'CZ', '1');
INSERT INTO `mc_zone` VALUES ('2152', '138', 'Colima', 'CL', '1');
INSERT INTO `mc_zone` VALUES ('2153', '138', 'Distrito Federal', 'DF', '1');
INSERT INTO `mc_zone` VALUES ('2154', '138', 'Durango', 'DU', '1');
INSERT INTO `mc_zone` VALUES ('2155', '138', 'Guanajuato', 'GA', '1');
INSERT INTO `mc_zone` VALUES ('2156', '138', 'Guerrero', 'GE', '1');
INSERT INTO `mc_zone` VALUES ('2157', '138', 'Hidalgo', 'HI', '1');
INSERT INTO `mc_zone` VALUES ('2158', '138', 'Jalisco', 'JA', '1');
INSERT INTO `mc_zone` VALUES ('2159', '138', 'Mexico', 'ME', '1');
INSERT INTO `mc_zone` VALUES ('2160', '138', 'Michoacan de Ocampo', 'MI', '1');
INSERT INTO `mc_zone` VALUES ('2161', '138', 'Morelos', 'MO', '1');
INSERT INTO `mc_zone` VALUES ('2162', '138', 'Nayarit', 'NA', '1');
INSERT INTO `mc_zone` VALUES ('2163', '138', 'Nuevo Leon', 'NL', '1');
INSERT INTO `mc_zone` VALUES ('2164', '138', 'Oaxaca', 'OA', '1');
INSERT INTO `mc_zone` VALUES ('2165', '138', 'Puebla', 'PU', '1');
INSERT INTO `mc_zone` VALUES ('2166', '138', 'Queretaro de Arteaga', 'QA', '1');
INSERT INTO `mc_zone` VALUES ('2167', '138', 'Quintana Roo', 'QR', '1');
INSERT INTO `mc_zone` VALUES ('2168', '138', 'San Luis Potosi', 'SA', '1');
INSERT INTO `mc_zone` VALUES ('2169', '138', 'Sinaloa', 'SI', '1');
INSERT INTO `mc_zone` VALUES ('2170', '138', 'Sonora', 'SO', '1');
INSERT INTO `mc_zone` VALUES ('2171', '138', 'Tabasco', 'TB', '1');
INSERT INTO `mc_zone` VALUES ('2172', '138', 'Tamaulipas', 'TM', '1');
INSERT INTO `mc_zone` VALUES ('2173', '138', 'Tlaxcala', 'TL', '1');
INSERT INTO `mc_zone` VALUES ('2174', '138', 'Veracruz-Llave', 'VE', '1');
INSERT INTO `mc_zone` VALUES ('2175', '138', 'Yucatan', 'YU', '1');
INSERT INTO `mc_zone` VALUES ('2176', '138', 'Zacatecas', 'ZA', '1');
INSERT INTO `mc_zone` VALUES ('2177', '139', 'Chuuk', 'C', '1');
INSERT INTO `mc_zone` VALUES ('2178', '139', 'Kosrae', 'K', '1');
INSERT INTO `mc_zone` VALUES ('2179', '139', 'Pohnpei', 'P', '1');
INSERT INTO `mc_zone` VALUES ('2180', '139', 'Yap', 'Y', '1');
INSERT INTO `mc_zone` VALUES ('2181', '140', 'Gagauzia', 'GA', '1');
INSERT INTO `mc_zone` VALUES ('2182', '140', 'Chisinau', 'CU', '1');
INSERT INTO `mc_zone` VALUES ('2183', '140', 'Balti', 'BA', '1');
INSERT INTO `mc_zone` VALUES ('2184', '140', 'Cahul', 'CA', '1');
INSERT INTO `mc_zone` VALUES ('2185', '140', 'Edinet', 'ED', '1');
INSERT INTO `mc_zone` VALUES ('2186', '140', 'Lapusna', 'LA', '1');
INSERT INTO `mc_zone` VALUES ('2187', '140', 'Orhei', 'OR', '1');
INSERT INTO `mc_zone` VALUES ('2188', '140', 'Soroca', 'SO', '1');
INSERT INTO `mc_zone` VALUES ('2189', '140', 'Tighina', 'TI', '1');
INSERT INTO `mc_zone` VALUES ('2190', '140', 'Ungheni', 'UN', '1');
INSERT INTO `mc_zone` VALUES ('2191', '140', 'St‚nga Nistrului', 'SN', '1');
INSERT INTO `mc_zone` VALUES ('2192', '141', 'Fontvieille', 'FV', '1');
INSERT INTO `mc_zone` VALUES ('2193', '141', 'La Condamine', 'LC', '1');
INSERT INTO `mc_zone` VALUES ('2194', '141', 'Monaco-Ville', 'MV', '1');
INSERT INTO `mc_zone` VALUES ('2195', '141', 'Monte-Carlo', 'MC', '1');
INSERT INTO `mc_zone` VALUES ('2196', '142', 'Ulanbaatar', '1', '1');
INSERT INTO `mc_zone` VALUES ('2197', '142', 'Orhon', '035', '1');
INSERT INTO `mc_zone` VALUES ('2198', '142', 'Darhan uul', '037', '1');
INSERT INTO `mc_zone` VALUES ('2199', '142', 'Hentiy', '039', '1');
INSERT INTO `mc_zone` VALUES ('2200', '142', 'Hovsgol', '041', '1');
INSERT INTO `mc_zone` VALUES ('2201', '142', 'Hovd', '043', '1');
INSERT INTO `mc_zone` VALUES ('2202', '142', 'Uvs', '046', '1');
INSERT INTO `mc_zone` VALUES ('2203', '142', 'Tov', '047', '1');
INSERT INTO `mc_zone` VALUES ('2204', '142', 'Selenge', '049', '1');
INSERT INTO `mc_zone` VALUES ('2205', '142', 'Suhbaatar', '051', '1');
INSERT INTO `mc_zone` VALUES ('2206', '142', 'Omnogovi', '053', '1');
INSERT INTO `mc_zone` VALUES ('2207', '142', 'Ovorhangay', '055', '1');
INSERT INTO `mc_zone` VALUES ('2208', '142', 'Dzavhan', '057', '1');
INSERT INTO `mc_zone` VALUES ('2209', '142', 'DundgovL', '059', '1');
INSERT INTO `mc_zone` VALUES ('2210', '142', 'Dornod', '061', '1');
INSERT INTO `mc_zone` VALUES ('2211', '142', 'Dornogov', '063', '1');
INSERT INTO `mc_zone` VALUES ('2212', '142', 'Govi-Sumber', '064', '1');
INSERT INTO `mc_zone` VALUES ('2213', '142', 'Govi-Altay', '065', '1');
INSERT INTO `mc_zone` VALUES ('2214', '142', 'Bulgan', '067', '1');
INSERT INTO `mc_zone` VALUES ('2215', '142', 'Bayanhongor', '069', '1');
INSERT INTO `mc_zone` VALUES ('2216', '142', 'Bayan-Olgiy', '071', '1');
INSERT INTO `mc_zone` VALUES ('2217', '142', 'Arhangay', '073', '1');
INSERT INTO `mc_zone` VALUES ('2218', '143', 'Saint Anthony', 'A', '1');
INSERT INTO `mc_zone` VALUES ('2219', '143', 'Saint Georges', 'G', '1');
INSERT INTO `mc_zone` VALUES ('2220', '143', 'Saint Peter', 'P', '1');
INSERT INTO `mc_zone` VALUES ('2221', '144', 'Agadir', 'AGD', '1');
INSERT INTO `mc_zone` VALUES ('2222', '144', 'Al Hoceima', 'HOC', '1');
INSERT INTO `mc_zone` VALUES ('2223', '144', 'Azilal', 'AZI', '1');
INSERT INTO `mc_zone` VALUES ('2224', '144', 'Beni Mellal', 'BME', '1');
INSERT INTO `mc_zone` VALUES ('2225', '144', 'Ben Slimane', 'BSL', '1');
INSERT INTO `mc_zone` VALUES ('2226', '144', 'Boulemane', 'BLM', '1');
INSERT INTO `mc_zone` VALUES ('2227', '144', 'Casablanca', 'CBL', '1');
INSERT INTO `mc_zone` VALUES ('2228', '144', 'Chaouen', 'CHA', '1');
INSERT INTO `mc_zone` VALUES ('2229', '144', 'El Jadida', 'EJA', '1');
INSERT INTO `mc_zone` VALUES ('2230', '144', 'El Kelaa des Sraghna', 'EKS', '1');
INSERT INTO `mc_zone` VALUES ('2231', '144', 'Er Rachidia', 'ERA', '1');
INSERT INTO `mc_zone` VALUES ('2232', '144', 'Essaouira', 'ESS', '1');
INSERT INTO `mc_zone` VALUES ('2233', '144', 'Fes', 'FES', '1');
INSERT INTO `mc_zone` VALUES ('2234', '144', 'Figuig', 'FIG', '1');
INSERT INTO `mc_zone` VALUES ('2235', '144', 'Guelmim', 'GLM', '1');
INSERT INTO `mc_zone` VALUES ('2236', '144', 'Ifrane', 'IFR', '1');
INSERT INTO `mc_zone` VALUES ('2237', '144', 'Kenitra', 'KEN', '1');
INSERT INTO `mc_zone` VALUES ('2238', '144', 'Khemisset', 'KHM', '1');
INSERT INTO `mc_zone` VALUES ('2239', '144', 'Khenifra', 'KHN', '1');
INSERT INTO `mc_zone` VALUES ('2240', '144', 'Khouribga', 'KHO', '1');
INSERT INTO `mc_zone` VALUES ('2241', '144', 'Laayoune', 'LYN', '1');
INSERT INTO `mc_zone` VALUES ('2242', '144', 'Larache', 'LAR', '1');
INSERT INTO `mc_zone` VALUES ('2243', '144', 'Marrakech', 'MRK', '1');
INSERT INTO `mc_zone` VALUES ('2244', '144', 'Meknes', 'MKN', '1');
INSERT INTO `mc_zone` VALUES ('2245', '144', 'Nador', 'NAD', '1');
INSERT INTO `mc_zone` VALUES ('2246', '144', 'Ouarzazate', 'ORZ', '1');
INSERT INTO `mc_zone` VALUES ('2247', '144', 'Oujda', 'OUJ', '1');
INSERT INTO `mc_zone` VALUES ('2248', '144', 'Rabat-Sale', 'RSA', '1');
INSERT INTO `mc_zone` VALUES ('2249', '144', 'Safi', 'SAF', '1');
INSERT INTO `mc_zone` VALUES ('2250', '144', 'Settat', 'SET', '1');
INSERT INTO `mc_zone` VALUES ('2251', '144', 'Sidi Kacem', 'SKA', '1');
INSERT INTO `mc_zone` VALUES ('2252', '144', 'Tangier', 'TGR', '1');
INSERT INTO `mc_zone` VALUES ('2253', '144', 'Tan-Tan', 'TAN', '1');
INSERT INTO `mc_zone` VALUES ('2254', '144', 'Taounate', 'TAO', '1');
INSERT INTO `mc_zone` VALUES ('2255', '144', 'Taroudannt', 'TRD', '1');
INSERT INTO `mc_zone` VALUES ('2256', '144', 'Tata', 'TAT', '1');
INSERT INTO `mc_zone` VALUES ('2257', '144', 'Taza', 'TAZ', '1');
INSERT INTO `mc_zone` VALUES ('2258', '144', 'Tetouan', 'TET', '1');
INSERT INTO `mc_zone` VALUES ('2259', '144', 'Tiznit', 'TIZ', '1');
INSERT INTO `mc_zone` VALUES ('2260', '144', 'Ad Dakhla', 'ADK', '1');
INSERT INTO `mc_zone` VALUES ('2261', '144', 'Boujdour', 'BJD', '1');
INSERT INTO `mc_zone` VALUES ('2262', '144', 'Es Smara', 'ESM', '1');
INSERT INTO `mc_zone` VALUES ('2263', '145', 'Cabo Delgado', 'CD', '1');
INSERT INTO `mc_zone` VALUES ('2264', '145', 'Gaza', 'GZ', '1');
INSERT INTO `mc_zone` VALUES ('2265', '145', 'Inhambane', 'IN', '1');
INSERT INTO `mc_zone` VALUES ('2266', '145', 'Manica', 'MN', '1');
INSERT INTO `mc_zone` VALUES ('2267', '145', 'Maputo (city)', 'MC', '1');
INSERT INTO `mc_zone` VALUES ('2268', '145', 'Maputo', 'MP', '1');
INSERT INTO `mc_zone` VALUES ('2269', '145', 'Nampula', 'NA', '1');
INSERT INTO `mc_zone` VALUES ('2270', '145', 'Niassa', 'NI', '1');
INSERT INTO `mc_zone` VALUES ('2271', '145', 'Sofala', 'SO', '1');
INSERT INTO `mc_zone` VALUES ('2272', '145', 'Tete', 'TE', '1');
INSERT INTO `mc_zone` VALUES ('2273', '145', 'Zambezia', 'ZA', '1');
INSERT INTO `mc_zone` VALUES ('2274', '146', 'Ayeyarwady', 'AY', '1');
INSERT INTO `mc_zone` VALUES ('2275', '146', 'Bago', 'BG', '1');
INSERT INTO `mc_zone` VALUES ('2276', '146', 'Magway', 'MG', '1');
INSERT INTO `mc_zone` VALUES ('2277', '146', 'Mandalay', 'MD', '1');
INSERT INTO `mc_zone` VALUES ('2278', '146', 'Sagaing', 'SG', '1');
INSERT INTO `mc_zone` VALUES ('2279', '146', 'Tanintharyi', 'TN', '1');
INSERT INTO `mc_zone` VALUES ('2280', '146', 'Yangon', 'YG', '1');
INSERT INTO `mc_zone` VALUES ('2281', '146', 'Chin State', 'CH', '1');
INSERT INTO `mc_zone` VALUES ('2282', '146', 'Kachin State', 'KC', '1');
INSERT INTO `mc_zone` VALUES ('2283', '146', 'Kayah State', 'KH', '1');
INSERT INTO `mc_zone` VALUES ('2284', '146', 'Kayin State', 'KN', '1');
INSERT INTO `mc_zone` VALUES ('2285', '146', 'Mon State', 'MN', '1');
INSERT INTO `mc_zone` VALUES ('2286', '146', 'Rakhine State', 'RK', '1');
INSERT INTO `mc_zone` VALUES ('2287', '146', 'Shan State', 'SH', '1');
INSERT INTO `mc_zone` VALUES ('2288', '147', 'Caprivi', 'CA', '1');
INSERT INTO `mc_zone` VALUES ('2289', '147', 'Erongo', 'ER', '1');
INSERT INTO `mc_zone` VALUES ('2290', '147', 'Hardap', 'HA', '1');
INSERT INTO `mc_zone` VALUES ('2291', '147', 'Karas', 'KR', '1');
INSERT INTO `mc_zone` VALUES ('2292', '147', 'Kavango', 'KV', '1');
INSERT INTO `mc_zone` VALUES ('2293', '147', 'Khomas', 'KH', '1');
INSERT INTO `mc_zone` VALUES ('2294', '147', 'Kunene', 'KU', '1');
INSERT INTO `mc_zone` VALUES ('2295', '147', 'Ohangwena', 'OW', '1');
INSERT INTO `mc_zone` VALUES ('2296', '147', 'Omaheke', 'OK', '1');
INSERT INTO `mc_zone` VALUES ('2297', '147', 'Omusati', 'OT', '1');
INSERT INTO `mc_zone` VALUES ('2298', '147', 'Oshana', 'ON', '1');
INSERT INTO `mc_zone` VALUES ('2299', '147', 'Oshikoto', 'OO', '1');
INSERT INTO `mc_zone` VALUES ('2300', '147', 'Otjozondjupa', 'OJ', '1');
INSERT INTO `mc_zone` VALUES ('2301', '148', 'Aiwo', 'AO', '1');
INSERT INTO `mc_zone` VALUES ('2302', '148', 'Anabar', 'AA', '1');
INSERT INTO `mc_zone` VALUES ('2303', '148', 'Anetan', 'AT', '1');
INSERT INTO `mc_zone` VALUES ('2304', '148', 'Anibare', 'AI', '1');
INSERT INTO `mc_zone` VALUES ('2305', '148', 'Baiti', 'BA', '1');
INSERT INTO `mc_zone` VALUES ('2306', '148', 'Boe', 'BO', '1');
INSERT INTO `mc_zone` VALUES ('2307', '148', 'Buada', 'BU', '1');
INSERT INTO `mc_zone` VALUES ('2308', '148', 'Denigomodu', 'DE', '1');
INSERT INTO `mc_zone` VALUES ('2309', '148', 'Ewa', 'EW', '1');
INSERT INTO `mc_zone` VALUES ('2310', '148', 'Ijuw', 'IJ', '1');
INSERT INTO `mc_zone` VALUES ('2311', '148', 'Meneng', 'ME', '1');
INSERT INTO `mc_zone` VALUES ('2312', '148', 'Nibok', 'NI', '1');
INSERT INTO `mc_zone` VALUES ('2313', '148', 'Uaboe', 'UA', '1');
INSERT INTO `mc_zone` VALUES ('2314', '148', 'Yaren', 'YA', '1');
INSERT INTO `mc_zone` VALUES ('2315', '149', 'Bagmati', 'BA', '1');
INSERT INTO `mc_zone` VALUES ('2316', '149', 'Bheri', 'BH', '1');
INSERT INTO `mc_zone` VALUES ('2317', '149', 'Dhawalagiri', 'DH', '1');
INSERT INTO `mc_zone` VALUES ('2318', '149', 'Gandaki', 'GA', '1');
INSERT INTO `mc_zone` VALUES ('2319', '149', 'Janakpur', 'JA', '1');
INSERT INTO `mc_zone` VALUES ('2320', '149', 'Karnali', 'KA', '1');
INSERT INTO `mc_zone` VALUES ('2321', '149', 'Kosi', 'KO', '1');
INSERT INTO `mc_zone` VALUES ('2322', '149', 'Lumbini', 'LU', '1');
INSERT INTO `mc_zone` VALUES ('2323', '149', 'Mahakali', 'MA', '1');
INSERT INTO `mc_zone` VALUES ('2324', '149', 'Mechi', 'ME', '1');
INSERT INTO `mc_zone` VALUES ('2325', '149', 'Narayani', 'NA', '1');
INSERT INTO `mc_zone` VALUES ('2326', '149', 'Rapti', 'RA', '1');
INSERT INTO `mc_zone` VALUES ('2327', '149', 'Sagarmatha', 'SA', '1');
INSERT INTO `mc_zone` VALUES ('2328', '149', 'Seti', 'SE', '1');
INSERT INTO `mc_zone` VALUES ('2329', '150', 'Drenthe', 'DR', '1');
INSERT INTO `mc_zone` VALUES ('2330', '150', 'Flevoland', 'FL', '1');
INSERT INTO `mc_zone` VALUES ('2331', '150', 'Friesland', 'FR', '1');
INSERT INTO `mc_zone` VALUES ('2332', '150', 'Gelderland', 'GE', '1');
INSERT INTO `mc_zone` VALUES ('2333', '150', 'Groningen', 'GR', '1');
INSERT INTO `mc_zone` VALUES ('2334', '150', 'Limburg', 'LI', '1');
INSERT INTO `mc_zone` VALUES ('2335', '150', 'Noord Brabant', 'NB', '1');
INSERT INTO `mc_zone` VALUES ('2336', '150', 'Noord Holland', 'NH', '1');
INSERT INTO `mc_zone` VALUES ('2337', '150', 'Overijssel', 'OV', '1');
INSERT INTO `mc_zone` VALUES ('2338', '150', 'Utrecht', 'UT', '1');
INSERT INTO `mc_zone` VALUES ('2339', '150', 'Zeeland', 'ZE', '1');
INSERT INTO `mc_zone` VALUES ('2340', '150', 'Zuid Holland', 'ZH', '1');
INSERT INTO `mc_zone` VALUES ('2341', '152', 'Iles Loyaute', 'L', '1');
INSERT INTO `mc_zone` VALUES ('2342', '152', 'Nord', 'N', '1');
INSERT INTO `mc_zone` VALUES ('2343', '152', 'Sud', 'S', '1');
INSERT INTO `mc_zone` VALUES ('2344', '153', 'Auckland', 'AUK', '1');
INSERT INTO `mc_zone` VALUES ('2345', '153', 'Bay of Plenty', 'BOP', '1');
INSERT INTO `mc_zone` VALUES ('2346', '153', 'Canterbury', 'CAN', '1');
INSERT INTO `mc_zone` VALUES ('2347', '153', 'Coromandel', 'COR', '1');
INSERT INTO `mc_zone` VALUES ('2348', '153', 'Gisborne', 'GIS', '1');
INSERT INTO `mc_zone` VALUES ('2349', '153', 'Fiordland', 'FIO', '1');
INSERT INTO `mc_zone` VALUES ('2350', '153', 'Hawke\'s Bay', 'HKB', '1');
INSERT INTO `mc_zone` VALUES ('2351', '153', 'Marlborough', 'MBH', '1');
INSERT INTO `mc_zone` VALUES ('2352', '153', 'Manawatu-Wanganui', 'MWT', '1');
INSERT INTO `mc_zone` VALUES ('2353', '153', 'Mt Cook-Mackenzie', 'MCM', '1');
INSERT INTO `mc_zone` VALUES ('2354', '153', 'Nelson', 'NSN', '1');
INSERT INTO `mc_zone` VALUES ('2355', '153', 'Northland', 'NTL', '1');
INSERT INTO `mc_zone` VALUES ('2356', '153', 'Otago', 'OTA', '1');
INSERT INTO `mc_zone` VALUES ('2357', '153', 'Southland', 'STL', '1');
INSERT INTO `mc_zone` VALUES ('2358', '153', 'Taranaki', 'TKI', '1');
INSERT INTO `mc_zone` VALUES ('2359', '153', 'Wellington', 'WGN', '1');
INSERT INTO `mc_zone` VALUES ('2360', '153', 'Waikato', 'WKO', '1');
INSERT INTO `mc_zone` VALUES ('2361', '153', 'Wairarapa', 'WAI', '1');
INSERT INTO `mc_zone` VALUES ('2362', '153', 'West Coast', 'WTC', '1');
INSERT INTO `mc_zone` VALUES ('2363', '154', 'Atlantico Norte', 'AN', '1');
INSERT INTO `mc_zone` VALUES ('2364', '154', 'Atlantico Sur', 'AS', '1');
INSERT INTO `mc_zone` VALUES ('2365', '154', 'Boaco', 'BO', '1');
INSERT INTO `mc_zone` VALUES ('2366', '154', 'Carazo', 'CA', '1');
INSERT INTO `mc_zone` VALUES ('2367', '154', 'Chinandega', 'CI', '1');
INSERT INTO `mc_zone` VALUES ('2368', '154', 'Chontales', 'CO', '1');
INSERT INTO `mc_zone` VALUES ('2369', '154', 'Esteli', 'ES', '1');
INSERT INTO `mc_zone` VALUES ('2370', '154', 'Granada', 'GR', '1');
INSERT INTO `mc_zone` VALUES ('2371', '154', 'Jinotega', 'JI', '1');
INSERT INTO `mc_zone` VALUES ('2372', '154', 'Leon', 'LE', '1');
INSERT INTO `mc_zone` VALUES ('2373', '154', 'Madriz', 'MD', '1');
INSERT INTO `mc_zone` VALUES ('2374', '154', 'Managua', 'MN', '1');
INSERT INTO `mc_zone` VALUES ('2375', '154', 'Masaya', 'MS', '1');
INSERT INTO `mc_zone` VALUES ('2376', '154', 'Matagalpa', 'MT', '1');
INSERT INTO `mc_zone` VALUES ('2377', '154', 'Nuevo Segovia', 'NS', '1');
INSERT INTO `mc_zone` VALUES ('2378', '154', 'Rio San Juan', 'RS', '1');
INSERT INTO `mc_zone` VALUES ('2379', '154', 'Rivas', 'RI', '1');
INSERT INTO `mc_zone` VALUES ('2380', '155', 'Agadez', 'AG', '1');
INSERT INTO `mc_zone` VALUES ('2381', '155', 'Diffa', 'DF', '1');
INSERT INTO `mc_zone` VALUES ('2382', '155', 'Dosso', 'DS', '1');
INSERT INTO `mc_zone` VALUES ('2383', '155', 'Maradi', 'MA', '1');
INSERT INTO `mc_zone` VALUES ('2384', '155', 'Niamey', 'NM', '1');
INSERT INTO `mc_zone` VALUES ('2385', '155', 'Tahoua', 'TH', '1');
INSERT INTO `mc_zone` VALUES ('2386', '155', 'Tillaberi', 'TL', '1');
INSERT INTO `mc_zone` VALUES ('2387', '155', 'Zinder', 'ZD', '1');
INSERT INTO `mc_zone` VALUES ('2388', '156', 'Abia', 'AB', '1');
INSERT INTO `mc_zone` VALUES ('2389', '156', 'Abuja Federal Capital Territory', 'CT', '1');
INSERT INTO `mc_zone` VALUES ('2390', '156', 'Adamawa', 'AD', '1');
INSERT INTO `mc_zone` VALUES ('2391', '156', 'Akwa Ibom', 'AK', '1');
INSERT INTO `mc_zone` VALUES ('2392', '156', 'Anambra', 'AN', '1');
INSERT INTO `mc_zone` VALUES ('2393', '156', 'Bauchi', 'BC', '1');
INSERT INTO `mc_zone` VALUES ('2394', '156', 'Bayelsa', 'BY', '1');
INSERT INTO `mc_zone` VALUES ('2395', '156', 'Benue', 'BN', '1');
INSERT INTO `mc_zone` VALUES ('2396', '156', 'Borno', 'BO', '1');
INSERT INTO `mc_zone` VALUES ('2397', '156', 'Cross River', 'CR', '1');
INSERT INTO `mc_zone` VALUES ('2398', '156', 'Delta', 'DE', '1');
INSERT INTO `mc_zone` VALUES ('2399', '156', 'Ebonyi', 'EB', '1');
INSERT INTO `mc_zone` VALUES ('2400', '156', 'Edo', 'ED', '1');
INSERT INTO `mc_zone` VALUES ('2401', '156', 'Ekiti', 'EK', '1');
INSERT INTO `mc_zone` VALUES ('2402', '156', 'Enugu', 'EN', '1');
INSERT INTO `mc_zone` VALUES ('2403', '156', 'Gombe', 'GO', '1');
INSERT INTO `mc_zone` VALUES ('2404', '156', 'Imo', 'IM', '1');
INSERT INTO `mc_zone` VALUES ('2405', '156', 'Jigawa', 'JI', '1');
INSERT INTO `mc_zone` VALUES ('2406', '156', 'Kaduna', 'KD', '1');
INSERT INTO `mc_zone` VALUES ('2407', '156', 'Kano', 'KN', '1');
INSERT INTO `mc_zone` VALUES ('2408', '156', 'Katsina', 'KT', '1');
INSERT INTO `mc_zone` VALUES ('2409', '156', 'Kebbi', 'KE', '1');
INSERT INTO `mc_zone` VALUES ('2410', '156', 'Kogi', 'KO', '1');
INSERT INTO `mc_zone` VALUES ('2411', '156', 'Kwara', 'KW', '1');
INSERT INTO `mc_zone` VALUES ('2412', '156', 'Lagos', 'LA', '1');
INSERT INTO `mc_zone` VALUES ('2413', '156', 'Nassarawa', 'NA', '1');
INSERT INTO `mc_zone` VALUES ('2414', '156', 'Niger', 'NI', '1');
INSERT INTO `mc_zone` VALUES ('2415', '156', 'Ogun', 'OG', '1');
INSERT INTO `mc_zone` VALUES ('2416', '156', 'Ondo', 'ONG', '1');
INSERT INTO `mc_zone` VALUES ('2417', '156', 'Osun', 'OS', '1');
INSERT INTO `mc_zone` VALUES ('2418', '156', 'Oyo', 'OY', '1');
INSERT INTO `mc_zone` VALUES ('2419', '156', 'Plateau', 'PL', '1');
INSERT INTO `mc_zone` VALUES ('2420', '156', 'Rivers', 'RI', '1');
INSERT INTO `mc_zone` VALUES ('2421', '156', 'Sokoto', 'SO', '1');
INSERT INTO `mc_zone` VALUES ('2422', '156', 'Taraba', 'TA', '1');
INSERT INTO `mc_zone` VALUES ('2423', '156', 'Yobe', 'YO', '1');
INSERT INTO `mc_zone` VALUES ('2424', '156', 'Zamfara', 'ZA', '1');
INSERT INTO `mc_zone` VALUES ('2425', '159', 'Northern Islands', 'N', '1');
INSERT INTO `mc_zone` VALUES ('2426', '159', 'Rota', 'R', '1');
INSERT INTO `mc_zone` VALUES ('2427', '159', 'Saipan', 'S', '1');
INSERT INTO `mc_zone` VALUES ('2428', '159', 'Tinian', 'T', '1');
INSERT INTO `mc_zone` VALUES ('2429', '160', 'Akershus', 'AK', '1');
INSERT INTO `mc_zone` VALUES ('2430', '160', 'Aust-Agder', 'AA', '1');
INSERT INTO `mc_zone` VALUES ('2431', '160', 'Buskerud', 'BU', '1');
INSERT INTO `mc_zone` VALUES ('2432', '160', 'Finnmark', 'FM', '1');
INSERT INTO `mc_zone` VALUES ('2433', '160', 'Hedmark', 'HM', '1');
INSERT INTO `mc_zone` VALUES ('2434', '160', 'Hordaland', 'HL', '1');
INSERT INTO `mc_zone` VALUES ('2435', '160', 'More og Romdal', 'MR', '1');
INSERT INTO `mc_zone` VALUES ('2436', '160', 'Nord-Trondelag', 'NT', '1');
INSERT INTO `mc_zone` VALUES ('2437', '160', 'Nordland', 'NL', '1');
INSERT INTO `mc_zone` VALUES ('2438', '160', 'Ostfold', 'OF', '1');
INSERT INTO `mc_zone` VALUES ('2439', '160', 'Oppland', 'OP', '1');
INSERT INTO `mc_zone` VALUES ('2440', '160', 'Oslo', 'OL', '1');
INSERT INTO `mc_zone` VALUES ('2441', '160', 'Rogaland', 'RL', '1');
INSERT INTO `mc_zone` VALUES ('2442', '160', 'Sor-Trondelag', 'ST', '1');
INSERT INTO `mc_zone` VALUES ('2443', '160', 'Sogn og Fjordane', 'SJ', '1');
INSERT INTO `mc_zone` VALUES ('2444', '160', 'Svalbard', 'SV', '1');
INSERT INTO `mc_zone` VALUES ('2445', '160', 'Telemark', 'TM', '1');
INSERT INTO `mc_zone` VALUES ('2446', '160', 'Troms', 'TR', '1');
INSERT INTO `mc_zone` VALUES ('2447', '160', 'Vest-Agder', 'VA', '1');
INSERT INTO `mc_zone` VALUES ('2448', '160', 'Vestfold', 'VF', '1');
INSERT INTO `mc_zone` VALUES ('2449', '161', 'Ad Dakhiliyah', 'DA', '1');
INSERT INTO `mc_zone` VALUES ('2450', '161', 'Al Batinah', 'BA', '1');
INSERT INTO `mc_zone` VALUES ('2451', '161', 'Al Wusta', 'WU', '1');
INSERT INTO `mc_zone` VALUES ('2452', '161', 'Ash Sharqiyah', 'SH', '1');
INSERT INTO `mc_zone` VALUES ('2453', '161', 'Az Zahirah', 'ZA', '1');
INSERT INTO `mc_zone` VALUES ('2454', '161', 'Masqat', 'MA', '1');
INSERT INTO `mc_zone` VALUES ('2455', '161', 'Musandam', 'MU', '1');
INSERT INTO `mc_zone` VALUES ('2456', '161', 'Zufar', 'ZU', '1');
INSERT INTO `mc_zone` VALUES ('2457', '162', 'Balochistan', 'B', '1');
INSERT INTO `mc_zone` VALUES ('2458', '162', 'Federally Administered Tribal Areas', 'T', '1');
INSERT INTO `mc_zone` VALUES ('2459', '162', 'Islamabad Capital Territory', 'I', '1');
INSERT INTO `mc_zone` VALUES ('2460', '162', 'North-West Frontier', 'N', '1');
INSERT INTO `mc_zone` VALUES ('2461', '162', 'Punjab', 'P', '1');
INSERT INTO `mc_zone` VALUES ('2462', '162', 'Sindh', 'S', '1');
INSERT INTO `mc_zone` VALUES ('2463', '163', 'Aimeliik', 'AM', '1');
INSERT INTO `mc_zone` VALUES ('2464', '163', 'Airai', 'AR', '1');
INSERT INTO `mc_zone` VALUES ('2465', '163', 'Angaur', 'AN', '1');
INSERT INTO `mc_zone` VALUES ('2466', '163', 'Hatohobei', 'HA', '1');
INSERT INTO `mc_zone` VALUES ('2467', '163', 'Kayangel', 'KA', '1');
INSERT INTO `mc_zone` VALUES ('2468', '163', 'Koror', 'KO', '1');
INSERT INTO `mc_zone` VALUES ('2469', '163', 'Melekeok', 'ME', '1');
INSERT INTO `mc_zone` VALUES ('2470', '163', 'Ngaraard', 'NA', '1');
INSERT INTO `mc_zone` VALUES ('2471', '163', 'Ngarchelong', 'NG', '1');
INSERT INTO `mc_zone` VALUES ('2472', '163', 'Ngardmau', 'ND', '1');
INSERT INTO `mc_zone` VALUES ('2473', '163', 'Ngatpang', 'NT', '1');
INSERT INTO `mc_zone` VALUES ('2474', '163', 'Ngchesar', 'NC', '1');
INSERT INTO `mc_zone` VALUES ('2475', '163', 'Ngeremlengui', 'NR', '1');
INSERT INTO `mc_zone` VALUES ('2476', '163', 'Ngiwal', 'NW', '1');
INSERT INTO `mc_zone` VALUES ('2477', '163', 'Peleliu', 'PE', '1');
INSERT INTO `mc_zone` VALUES ('2478', '163', 'Sonsorol', 'SO', '1');
INSERT INTO `mc_zone` VALUES ('2479', '164', 'Bocas del Toro', 'BT', '1');
INSERT INTO `mc_zone` VALUES ('2480', '164', 'Chiriqui', 'CH', '1');
INSERT INTO `mc_zone` VALUES ('2481', '164', 'Cocle', 'CC', '1');
INSERT INTO `mc_zone` VALUES ('2482', '164', 'Colon', 'CL', '1');
INSERT INTO `mc_zone` VALUES ('2483', '164', 'Darien', 'DA', '1');
INSERT INTO `mc_zone` VALUES ('2484', '164', 'Herrera', 'HE', '1');
INSERT INTO `mc_zone` VALUES ('2485', '164', 'Los Santos', 'LS', '1');
INSERT INTO `mc_zone` VALUES ('2486', '164', 'Panama', 'PA', '1');
INSERT INTO `mc_zone` VALUES ('2487', '164', 'San Blas', 'SB', '1');
INSERT INTO `mc_zone` VALUES ('2488', '164', 'Veraguas', 'VG', '1');
INSERT INTO `mc_zone` VALUES ('2489', '165', 'Bougainville', 'BV', '1');
INSERT INTO `mc_zone` VALUES ('2490', '165', 'Central', 'CE', '1');
INSERT INTO `mc_zone` VALUES ('2491', '165', 'Chimbu', 'CH', '1');
INSERT INTO `mc_zone` VALUES ('2492', '165', 'Eastern Highlands', 'EH', '1');
INSERT INTO `mc_zone` VALUES ('2493', '165', 'East New Britain', 'EB', '1');
INSERT INTO `mc_zone` VALUES ('2494', '165', 'East Sepik', 'ES', '1');
INSERT INTO `mc_zone` VALUES ('2495', '165', 'Enga', 'EN', '1');
INSERT INTO `mc_zone` VALUES ('2496', '165', 'Gulf', 'GU', '1');
INSERT INTO `mc_zone` VALUES ('2497', '165', 'Madang', 'MD', '1');
INSERT INTO `mc_zone` VALUES ('2498', '165', 'Manus', 'MN', '1');
INSERT INTO `mc_zone` VALUES ('2499', '165', 'Milne Bay', 'MB', '1');
INSERT INTO `mc_zone` VALUES ('2500', '165', 'Morobe', 'MR', '1');
INSERT INTO `mc_zone` VALUES ('2501', '165', 'National Capital', 'NC', '1');
INSERT INTO `mc_zone` VALUES ('2502', '165', 'New Ireland', 'NI', '1');
INSERT INTO `mc_zone` VALUES ('2503', '165', 'Northern', 'NO', '1');
INSERT INTO `mc_zone` VALUES ('2504', '165', 'Sandaun', 'SA', '1');
INSERT INTO `mc_zone` VALUES ('2505', '165', 'Southern Highlands', 'SH', '1');
INSERT INTO `mc_zone` VALUES ('2506', '165', 'Western', 'WE', '1');
INSERT INTO `mc_zone` VALUES ('2507', '165', 'Western Highlands', 'WH', '1');
INSERT INTO `mc_zone` VALUES ('2508', '165', 'West New Britain', 'WB', '1');
INSERT INTO `mc_zone` VALUES ('2509', '166', 'Alto Paraguay', 'AG', '1');
INSERT INTO `mc_zone` VALUES ('2510', '166', 'Alto Parana', 'AN', '1');
INSERT INTO `mc_zone` VALUES ('2511', '166', 'Amambay', 'AM', '1');
INSERT INTO `mc_zone` VALUES ('2512', '166', 'Asuncion', 'AS', '1');
INSERT INTO `mc_zone` VALUES ('2513', '166', 'Boqueron', 'BO', '1');
INSERT INTO `mc_zone` VALUES ('2514', '166', 'Caaguazu', 'CG', '1');
INSERT INTO `mc_zone` VALUES ('2515', '166', 'Caazapa', 'CZ', '1');
INSERT INTO `mc_zone` VALUES ('2516', '166', 'Canindeyu', 'CN', '1');
INSERT INTO `mc_zone` VALUES ('2517', '166', 'Central', 'CE', '1');
INSERT INTO `mc_zone` VALUES ('2518', '166', 'Concepcion', 'CC', '1');
INSERT INTO `mc_zone` VALUES ('2519', '166', 'Cordillera', 'CD', '1');
INSERT INTO `mc_zone` VALUES ('2520', '166', 'Guaira', 'GU', '1');
INSERT INTO `mc_zone` VALUES ('2521', '166', 'Itapua', 'IT', '1');
INSERT INTO `mc_zone` VALUES ('2522', '166', 'Misiones', 'MI', '1');
INSERT INTO `mc_zone` VALUES ('2523', '166', 'Neembucu', 'NE', '1');
INSERT INTO `mc_zone` VALUES ('2524', '166', 'Paraguari', 'PA', '1');
INSERT INTO `mc_zone` VALUES ('2525', '166', 'Presidente Hayes', 'PH', '1');
INSERT INTO `mc_zone` VALUES ('2526', '166', 'San Pedro', 'SP', '1');
INSERT INTO `mc_zone` VALUES ('2527', '167', 'Amazonas', 'AM', '1');
INSERT INTO `mc_zone` VALUES ('2528', '167', 'Ancash', 'AN', '1');
INSERT INTO `mc_zone` VALUES ('2529', '167', 'Apurimac', 'AP', '1');
INSERT INTO `mc_zone` VALUES ('2530', '167', 'Arequipa', 'AR', '1');
INSERT INTO `mc_zone` VALUES ('2531', '167', 'Ayacucho', 'AY', '1');
INSERT INTO `mc_zone` VALUES ('2532', '167', 'Cajamarca', 'CJ', '1');
INSERT INTO `mc_zone` VALUES ('2533', '167', 'Callao', 'CL', '1');
INSERT INTO `mc_zone` VALUES ('2534', '167', 'Cusco', 'CU', '1');
INSERT INTO `mc_zone` VALUES ('2535', '167', 'Huancavelica', 'HV', '1');
INSERT INTO `mc_zone` VALUES ('2536', '167', 'Huanuco', 'HO', '1');
INSERT INTO `mc_zone` VALUES ('2537', '167', 'Ica', 'IC', '1');
INSERT INTO `mc_zone` VALUES ('2538', '167', 'Junin', 'JU', '1');
INSERT INTO `mc_zone` VALUES ('2539', '167', 'La Libertad', 'LD', '1');
INSERT INTO `mc_zone` VALUES ('2540', '167', 'Lambayeque', 'LY', '1');
INSERT INTO `mc_zone` VALUES ('2541', '167', 'Lima', 'LI', '1');
INSERT INTO `mc_zone` VALUES ('2542', '167', 'Loreto', 'LO', '1');
INSERT INTO `mc_zone` VALUES ('2543', '167', 'Madre de Dios', 'MD', '1');
INSERT INTO `mc_zone` VALUES ('2544', '167', 'Moquegua', 'MO', '1');
INSERT INTO `mc_zone` VALUES ('2545', '167', 'Pasco', 'PA', '1');
INSERT INTO `mc_zone` VALUES ('2546', '167', 'Piura', 'PI', '1');
INSERT INTO `mc_zone` VALUES ('2547', '167', 'Puno', 'PU', '1');
INSERT INTO `mc_zone` VALUES ('2548', '167', 'San Martin', 'SM', '1');
INSERT INTO `mc_zone` VALUES ('2549', '167', 'Tacna', 'TA', '1');
INSERT INTO `mc_zone` VALUES ('2550', '167', 'Tumbes', 'TU', '1');
INSERT INTO `mc_zone` VALUES ('2551', '167', 'Ucayali', 'UC', '1');
INSERT INTO `mc_zone` VALUES ('2552', '168', 'Abra', 'ABR', '1');
INSERT INTO `mc_zone` VALUES ('2553', '168', 'Agusan del Norte', 'ANO', '1');
INSERT INTO `mc_zone` VALUES ('2554', '168', 'Agusan del Sur', 'ASU', '1');
INSERT INTO `mc_zone` VALUES ('2555', '168', 'Aklan', 'AKL', '1');
INSERT INTO `mc_zone` VALUES ('2556', '168', 'Albay', 'ALB', '1');
INSERT INTO `mc_zone` VALUES ('2557', '168', 'Antique', 'ANT', '1');
INSERT INTO `mc_zone` VALUES ('2558', '168', 'Apayao', 'APY', '1');
INSERT INTO `mc_zone` VALUES ('2559', '168', 'Aurora', 'AUR', '1');
INSERT INTO `mc_zone` VALUES ('2560', '168', 'Basilan', 'BAS', '1');
INSERT INTO `mc_zone` VALUES ('2561', '168', 'Bataan', 'BTA', '1');
INSERT INTO `mc_zone` VALUES ('2562', '168', 'Batanes', 'BTE', '1');
INSERT INTO `mc_zone` VALUES ('2563', '168', 'Batangas', 'BTG', '1');
INSERT INTO `mc_zone` VALUES ('2564', '168', 'Biliran', 'BLR', '1');
INSERT INTO `mc_zone` VALUES ('2565', '168', 'Benguet', 'BEN', '1');
INSERT INTO `mc_zone` VALUES ('2566', '168', 'Bohol', 'BOL', '1');
INSERT INTO `mc_zone` VALUES ('2567', '168', 'Bukidnon', 'BUK', '1');
INSERT INTO `mc_zone` VALUES ('2568', '168', 'Bulacan', 'BUL', '1');
INSERT INTO `mc_zone` VALUES ('2569', '168', 'Cagayan', 'CAG', '1');
INSERT INTO `mc_zone` VALUES ('2570', '168', 'Camarines Norte', 'CNO', '1');
INSERT INTO `mc_zone` VALUES ('2571', '168', 'Camarines Sur', 'CSU', '1');
INSERT INTO `mc_zone` VALUES ('2572', '168', 'Camiguin', 'CAM', '1');
INSERT INTO `mc_zone` VALUES ('2573', '168', 'Capiz', 'CAP', '1');
INSERT INTO `mc_zone` VALUES ('2574', '168', 'Catanduanes', 'CAT', '1');
INSERT INTO `mc_zone` VALUES ('2575', '168', 'Cavite', 'CAV', '1');
INSERT INTO `mc_zone` VALUES ('2576', '168', 'Cebu', 'CEB', '1');
INSERT INTO `mc_zone` VALUES ('2577', '168', 'Compostela', 'CMP', '1');
INSERT INTO `mc_zone` VALUES ('2578', '168', 'Davao del Norte', 'DNO', '1');
INSERT INTO `mc_zone` VALUES ('2579', '168', 'Davao del Sur', 'DSU', '1');
INSERT INTO `mc_zone` VALUES ('2580', '168', 'Davao Oriental', 'DOR', '1');
INSERT INTO `mc_zone` VALUES ('2581', '168', 'Eastern Samar', 'ESA', '1');
INSERT INTO `mc_zone` VALUES ('2582', '168', 'Guimaras', 'GUI', '1');
INSERT INTO `mc_zone` VALUES ('2583', '168', 'Ifugao', 'IFU', '1');
INSERT INTO `mc_zone` VALUES ('2584', '168', 'Ilocos Norte', 'INO', '1');
INSERT INTO `mc_zone` VALUES ('2585', '168', 'Ilocos Sur', 'ISU', '1');
INSERT INTO `mc_zone` VALUES ('2586', '168', 'Iloilo', 'ILO', '1');
INSERT INTO `mc_zone` VALUES ('2587', '168', 'Isabela', 'ISA', '1');
INSERT INTO `mc_zone` VALUES ('2588', '168', 'Kalinga', 'KAL', '1');
INSERT INTO `mc_zone` VALUES ('2589', '168', 'Laguna', 'LAG', '1');
INSERT INTO `mc_zone` VALUES ('2590', '168', 'Lanao del Norte', 'LNO', '1');
INSERT INTO `mc_zone` VALUES ('2591', '168', 'Lanao del Sur', 'LSU', '1');
INSERT INTO `mc_zone` VALUES ('2592', '168', 'La Union', 'UNI', '1');
INSERT INTO `mc_zone` VALUES ('2593', '168', 'Leyte', 'LEY', '1');
INSERT INTO `mc_zone` VALUES ('2594', '168', 'Maguindanao', 'MAG', '1');
INSERT INTO `mc_zone` VALUES ('2595', '168', 'Marinduque', 'MRN', '1');
INSERT INTO `mc_zone` VALUES ('2596', '168', 'Masbate', 'MSB', '1');
INSERT INTO `mc_zone` VALUES ('2597', '168', 'Mindoro Occidental', 'MIC', '1');
INSERT INTO `mc_zone` VALUES ('2598', '168', 'Mindoro Oriental', 'MIR', '1');
INSERT INTO `mc_zone` VALUES ('2599', '168', 'Misamis Occidental', 'MSC', '1');
INSERT INTO `mc_zone` VALUES ('2600', '168', 'Misamis Oriental', 'MOR', '1');
INSERT INTO `mc_zone` VALUES ('2601', '168', 'Mountain', 'MOP', '1');
INSERT INTO `mc_zone` VALUES ('2602', '168', 'Negros Occidental', 'NOC', '1');
INSERT INTO `mc_zone` VALUES ('2603', '168', 'Negros Oriental', 'NOR', '1');
INSERT INTO `mc_zone` VALUES ('2604', '168', 'North Cotabato', 'NCT', '1');
INSERT INTO `mc_zone` VALUES ('2605', '168', 'Northern Samar', 'NSM', '1');
INSERT INTO `mc_zone` VALUES ('2606', '168', 'Nueva Ecija', 'NEC', '1');
INSERT INTO `mc_zone` VALUES ('2607', '168', 'Nueva Vizcaya', 'NVZ', '1');
INSERT INTO `mc_zone` VALUES ('2608', '168', 'Palawan', 'PLW', '1');
INSERT INTO `mc_zone` VALUES ('2609', '168', 'Pampanga', 'PMP', '1');
INSERT INTO `mc_zone` VALUES ('2610', '168', 'Pangasinan', 'PNG', '1');
INSERT INTO `mc_zone` VALUES ('2611', '168', 'Quezon', 'QZN', '1');
INSERT INTO `mc_zone` VALUES ('2612', '168', 'Quirino', 'QRN', '1');
INSERT INTO `mc_zone` VALUES ('2613', '168', 'Rizal', 'RIZ', '1');
INSERT INTO `mc_zone` VALUES ('2614', '168', 'Romblon', 'ROM', '1');
INSERT INTO `mc_zone` VALUES ('2615', '168', 'Samar', 'SMR', '1');
INSERT INTO `mc_zone` VALUES ('2616', '168', 'Sarangani', 'SRG', '1');
INSERT INTO `mc_zone` VALUES ('2617', '168', 'Siquijor', 'SQJ', '1');
INSERT INTO `mc_zone` VALUES ('2618', '168', 'Sorsogon', 'SRS', '1');
INSERT INTO `mc_zone` VALUES ('2619', '168', 'South Cotabato', 'SCO', '1');
INSERT INTO `mc_zone` VALUES ('2620', '168', 'Southern Leyte', 'SLE', '1');
INSERT INTO `mc_zone` VALUES ('2621', '168', 'Sultan Kudarat', 'SKU', '1');
INSERT INTO `mc_zone` VALUES ('2622', '168', 'Sulu', 'SLU', '1');
INSERT INTO `mc_zone` VALUES ('2623', '168', 'Surigao del Norte', 'SNO', '1');
INSERT INTO `mc_zone` VALUES ('2624', '168', 'Surigao del Sur', 'SSU', '1');
INSERT INTO `mc_zone` VALUES ('2625', '168', 'Tarlac', 'TAR', '1');
INSERT INTO `mc_zone` VALUES ('2626', '168', 'Tawi-Tawi', 'TAW', '1');
INSERT INTO `mc_zone` VALUES ('2627', '168', 'Zambales', 'ZBL', '1');
INSERT INTO `mc_zone` VALUES ('2628', '168', 'Zamboanga del Norte', 'ZNO', '1');
INSERT INTO `mc_zone` VALUES ('2629', '168', 'Zamboanga del Sur', 'ZSU', '1');
INSERT INTO `mc_zone` VALUES ('2630', '168', 'Zamboanga Sibugay', 'ZSI', '1');
INSERT INTO `mc_zone` VALUES ('2631', '170', 'Dolnoslaskie', 'DO', '1');
INSERT INTO `mc_zone` VALUES ('2632', '170', 'Kujawsko-Pomorskie', 'KP', '1');
INSERT INTO `mc_zone` VALUES ('2633', '170', 'Lodzkie', 'LO', '1');
INSERT INTO `mc_zone` VALUES ('2634', '170', 'Lubelskie', 'LL', '1');
INSERT INTO `mc_zone` VALUES ('2635', '170', 'Lubuskie', 'LU', '1');
INSERT INTO `mc_zone` VALUES ('2636', '170', 'Malopolskie', 'ML', '1');
INSERT INTO `mc_zone` VALUES ('2637', '170', 'Mazowieckie', 'MZ', '1');
INSERT INTO `mc_zone` VALUES ('2638', '170', 'Opolskie', 'OP', '1');
INSERT INTO `mc_zone` VALUES ('2639', '170', 'Podkarpackie', 'PP', '1');
INSERT INTO `mc_zone` VALUES ('2640', '170', 'Podlaskie', 'PL', '1');
INSERT INTO `mc_zone` VALUES ('2641', '170', 'Pomorskie', 'PM', '1');
INSERT INTO `mc_zone` VALUES ('2642', '170', 'Slaskie', 'SL', '1');
INSERT INTO `mc_zone` VALUES ('2643', '170', 'Swietokrzyskie', 'SW', '1');
INSERT INTO `mc_zone` VALUES ('2644', '170', 'Warminsko-Mazurskie', 'WM', '1');
INSERT INTO `mc_zone` VALUES ('2645', '170', 'Wielkopolskie', 'WP', '1');
INSERT INTO `mc_zone` VALUES ('2646', '170', 'Zachodniopomorskie', 'ZA', '1');
INSERT INTO `mc_zone` VALUES ('2647', '198', 'Saint Pierre', 'P', '1');
INSERT INTO `mc_zone` VALUES ('2648', '198', 'Miquelon', 'M', '1');
INSERT INTO `mc_zone` VALUES ('2649', '171', 'A&ccedil;ores', 'AC', '1');
INSERT INTO `mc_zone` VALUES ('2650', '171', 'Aveiro', 'AV', '1');
INSERT INTO `mc_zone` VALUES ('2651', '171', 'Beja', 'BE', '1');
INSERT INTO `mc_zone` VALUES ('2652', '171', 'Braga', 'BR', '1');
INSERT INTO `mc_zone` VALUES ('2653', '171', 'Bragan&ccedil;a', 'BA', '1');
INSERT INTO `mc_zone` VALUES ('2654', '171', 'Castelo Branco', 'CB', '1');
INSERT INTO `mc_zone` VALUES ('2655', '171', 'Coimbra', 'CO', '1');
INSERT INTO `mc_zone` VALUES ('2656', '171', '&Eacute;vora', 'EV', '1');
INSERT INTO `mc_zone` VALUES ('2657', '171', 'Faro', 'FA', '1');
INSERT INTO `mc_zone` VALUES ('2658', '171', 'Guarda', 'GU', '1');
INSERT INTO `mc_zone` VALUES ('2659', '171', 'Leiria', 'LE', '1');
INSERT INTO `mc_zone` VALUES ('2660', '171', 'Lisboa', 'LI', '1');
INSERT INTO `mc_zone` VALUES ('2661', '171', 'Madeira', 'ME', '1');
INSERT INTO `mc_zone` VALUES ('2662', '171', 'Portalegre', 'PO', '1');
INSERT INTO `mc_zone` VALUES ('2663', '171', 'Porto', 'PR', '1');
INSERT INTO `mc_zone` VALUES ('2664', '171', 'Santar&eacute;m', 'SA', '1');
INSERT INTO `mc_zone` VALUES ('2665', '171', 'Set&uacute;bal', 'SE', '1');
INSERT INTO `mc_zone` VALUES ('2666', '171', 'Viana do Castelo', 'VC', '1');
INSERT INTO `mc_zone` VALUES ('2667', '171', 'Vila Real', 'VR', '1');
INSERT INTO `mc_zone` VALUES ('2668', '171', 'Viseu', 'VI', '1');
INSERT INTO `mc_zone` VALUES ('2669', '173', 'Ad Dawhah', 'DW', '1');
INSERT INTO `mc_zone` VALUES ('2670', '173', 'Al Ghuwayriyah', 'GW', '1');
INSERT INTO `mc_zone` VALUES ('2671', '173', 'Al Jumayliyah', 'JM', '1');
INSERT INTO `mc_zone` VALUES ('2672', '173', 'Al Khawr', 'KR', '1');
INSERT INTO `mc_zone` VALUES ('2673', '173', 'Al Wakrah', 'WK', '1');
INSERT INTO `mc_zone` VALUES ('2674', '173', 'Ar Rayyan', 'RN', '1');
INSERT INTO `mc_zone` VALUES ('2675', '173', 'Jarayan al Batinah', 'JB', '1');
INSERT INTO `mc_zone` VALUES ('2676', '173', 'Madinat ash Shamal', 'MS', '1');
INSERT INTO `mc_zone` VALUES ('2677', '173', 'Umm Sa\'id', 'UD', '1');
INSERT INTO `mc_zone` VALUES ('2678', '173', 'Umm Salal', 'UL', '1');
INSERT INTO `mc_zone` VALUES ('2679', '175', 'Alba', 'AB', '1');
INSERT INTO `mc_zone` VALUES ('2680', '175', 'Arad', 'AR', '1');
INSERT INTO `mc_zone` VALUES ('2681', '175', 'Arges', 'AG', '1');
INSERT INTO `mc_zone` VALUES ('2682', '175', 'Bacau', 'BC', '1');
INSERT INTO `mc_zone` VALUES ('2683', '175', 'Bihor', 'BH', '1');
INSERT INTO `mc_zone` VALUES ('2684', '175', 'Bistrita-Nasaud', 'BN', '1');
INSERT INTO `mc_zone` VALUES ('2685', '175', 'Botosani', 'BT', '1');
INSERT INTO `mc_zone` VALUES ('2686', '175', 'Brasov', 'BV', '1');
INSERT INTO `mc_zone` VALUES ('2687', '175', 'Braila', 'BR', '1');
INSERT INTO `mc_zone` VALUES ('2688', '175', 'Bucuresti', 'B', '1');
INSERT INTO `mc_zone` VALUES ('2689', '175', 'Buzau', 'BZ', '1');
INSERT INTO `mc_zone` VALUES ('2690', '175', 'Caras-Severin', 'CS', '1');
INSERT INTO `mc_zone` VALUES ('2691', '175', 'Calarasi', 'CL', '1');
INSERT INTO `mc_zone` VALUES ('2692', '175', 'Cluj', 'CJ', '1');
INSERT INTO `mc_zone` VALUES ('2693', '175', 'Constanta', 'CT', '1');
INSERT INTO `mc_zone` VALUES ('2694', '175', 'Covasna', 'CV', '1');
INSERT INTO `mc_zone` VALUES ('2695', '175', 'Dimbovita', 'DB', '1');
INSERT INTO `mc_zone` VALUES ('2696', '175', 'Dolj', 'DJ', '1');
INSERT INTO `mc_zone` VALUES ('2697', '175', 'Galati', 'GL', '1');
INSERT INTO `mc_zone` VALUES ('2698', '175', 'Giurgiu', 'GR', '1');
INSERT INTO `mc_zone` VALUES ('2699', '175', 'Gorj', 'GJ', '1');
INSERT INTO `mc_zone` VALUES ('2700', '175', 'Harghita', 'HR', '1');
INSERT INTO `mc_zone` VALUES ('2701', '175', 'Hunedoara', 'HD', '1');
INSERT INTO `mc_zone` VALUES ('2702', '175', 'Ialomita', 'IL', '1');
INSERT INTO `mc_zone` VALUES ('2703', '175', 'Iasi', 'IS', '1');
INSERT INTO `mc_zone` VALUES ('2704', '175', 'Ilfov', 'IF', '1');
INSERT INTO `mc_zone` VALUES ('2705', '175', 'Maramures', 'MM', '1');
INSERT INTO `mc_zone` VALUES ('2706', '175', 'Mehedinti', 'MH', '1');
INSERT INTO `mc_zone` VALUES ('2707', '175', 'Mures', 'MS', '1');
INSERT INTO `mc_zone` VALUES ('2708', '175', 'Neamt', 'NT', '1');
INSERT INTO `mc_zone` VALUES ('2709', '175', 'Olt', 'OT', '1');
INSERT INTO `mc_zone` VALUES ('2710', '175', 'Prahova', 'PH', '1');
INSERT INTO `mc_zone` VALUES ('2711', '175', 'Satu-Mare', 'SM', '1');
INSERT INTO `mc_zone` VALUES ('2712', '175', 'Salaj', 'SJ', '1');
INSERT INTO `mc_zone` VALUES ('2713', '175', 'Sibiu', 'SB', '1');
INSERT INTO `mc_zone` VALUES ('2714', '175', 'Suceava', 'SV', '1');
INSERT INTO `mc_zone` VALUES ('2715', '175', 'Teleorman', 'TR', '1');
INSERT INTO `mc_zone` VALUES ('2716', '175', 'Timis', 'TM', '1');
INSERT INTO `mc_zone` VALUES ('2717', '175', 'Tulcea', 'TL', '1');
INSERT INTO `mc_zone` VALUES ('2718', '175', 'Vaslui', 'VS', '1');
INSERT INTO `mc_zone` VALUES ('2719', '175', 'Valcea', 'VL', '1');
INSERT INTO `mc_zone` VALUES ('2720', '175', 'Vrancea', 'VN', '1');
INSERT INTO `mc_zone` VALUES ('2721', '176', 'Abakan', 'AB', '1');
INSERT INTO `mc_zone` VALUES ('2722', '176', 'Aginskoye', 'AG', '1');
INSERT INTO `mc_zone` VALUES ('2723', '176', 'Anadyr', 'AN', '1');
INSERT INTO `mc_zone` VALUES ('2724', '176', 'Arkahangelsk', 'AR', '1');
INSERT INTO `mc_zone` VALUES ('2725', '176', 'Astrakhan', 'AS', '1');
INSERT INTO `mc_zone` VALUES ('2726', '176', 'Barnaul', 'BA', '1');
INSERT INTO `mc_zone` VALUES ('2727', '176', 'Belgorod', 'BE', '1');
INSERT INTO `mc_zone` VALUES ('2728', '176', 'Birobidzhan', 'BI', '1');
INSERT INTO `mc_zone` VALUES ('2729', '176', 'Blagoveshchensk', 'BL', '1');
INSERT INTO `mc_zone` VALUES ('2730', '176', 'Bryansk', 'BR', '1');
INSERT INTO `mc_zone` VALUES ('2731', '176', 'Cheboksary', 'CH', '1');
INSERT INTO `mc_zone` VALUES ('2732', '176', 'Chelyabinsk', 'CL', '1');
INSERT INTO `mc_zone` VALUES ('2733', '176', 'Cherkessk', 'CR', '1');
INSERT INTO `mc_zone` VALUES ('2734', '176', 'Chita', 'CI', '1');
INSERT INTO `mc_zone` VALUES ('2735', '176', 'Dudinka', 'DU', '1');
INSERT INTO `mc_zone` VALUES ('2736', '176', 'Elista', 'EL', '1');
INSERT INTO `mc_zone` VALUES ('2737', '176', 'Gomo-Altaysk', 'GO', '1');
INSERT INTO `mc_zone` VALUES ('2738', '176', 'Gorno-Altaysk', 'GA', '1');
INSERT INTO `mc_zone` VALUES ('2739', '176', 'Groznyy', 'GR', '1');
INSERT INTO `mc_zone` VALUES ('2740', '176', 'Irkutsk', 'IR', '1');
INSERT INTO `mc_zone` VALUES ('2741', '176', 'Ivanovo', 'IV', '1');
INSERT INTO `mc_zone` VALUES ('2742', '176', 'Izhevsk', 'IZ', '1');
INSERT INTO `mc_zone` VALUES ('2743', '176', 'Kalinigrad', 'KA', '1');
INSERT INTO `mc_zone` VALUES ('2744', '176', 'Kaluga', 'KL', '1');
INSERT INTO `mc_zone` VALUES ('2745', '176', 'Kasnodar', 'KS', '1');
INSERT INTO `mc_zone` VALUES ('2746', '176', 'Kazan', 'KZ', '1');
INSERT INTO `mc_zone` VALUES ('2747', '176', 'Kemerovo', 'KE', '1');
INSERT INTO `mc_zone` VALUES ('2748', '176', 'Khabarovsk', 'KH', '1');
INSERT INTO `mc_zone` VALUES ('2749', '176', 'Khanty-Mansiysk', 'KM', '1');
INSERT INTO `mc_zone` VALUES ('2750', '176', 'Kostroma', 'KO', '1');
INSERT INTO `mc_zone` VALUES ('2751', '176', 'Krasnodar', 'KR', '1');
INSERT INTO `mc_zone` VALUES ('2752', '176', 'Krasnoyarsk', 'KN', '1');
INSERT INTO `mc_zone` VALUES ('2753', '176', 'Kudymkar', 'KU', '1');
INSERT INTO `mc_zone` VALUES ('2754', '176', 'Kurgan', 'KG', '1');
INSERT INTO `mc_zone` VALUES ('2755', '176', 'Kursk', 'KK', '1');
INSERT INTO `mc_zone` VALUES ('2756', '176', 'Kyzyl', 'KY', '1');
INSERT INTO `mc_zone` VALUES ('2757', '176', 'Lipetsk', 'LI', '1');
INSERT INTO `mc_zone` VALUES ('2758', '176', 'Magadan', 'MA', '1');
INSERT INTO `mc_zone` VALUES ('2759', '176', 'Makhachkala', 'MK', '1');
INSERT INTO `mc_zone` VALUES ('2760', '176', 'Maykop', 'MY', '1');
INSERT INTO `mc_zone` VALUES ('2761', '176', 'Moscow', 'MO', '1');
INSERT INTO `mc_zone` VALUES ('2762', '176', 'Murmansk', 'MU', '1');
INSERT INTO `mc_zone` VALUES ('2763', '176', 'Nalchik', 'NA', '1');
INSERT INTO `mc_zone` VALUES ('2764', '176', 'Naryan Mar', 'NR', '1');
INSERT INTO `mc_zone` VALUES ('2765', '176', 'Nazran', 'NZ', '1');
INSERT INTO `mc_zone` VALUES ('2766', '176', 'Nizhniy Novgorod', 'NI', '1');
INSERT INTO `mc_zone` VALUES ('2767', '176', 'Novgorod', 'NO', '1');
INSERT INTO `mc_zone` VALUES ('2768', '176', 'Novosibirsk', 'NV', '1');
INSERT INTO `mc_zone` VALUES ('2769', '176', 'Omsk', 'OM', '1');
INSERT INTO `mc_zone` VALUES ('2770', '176', 'Orel', 'OR', '1');
INSERT INTO `mc_zone` VALUES ('2771', '176', 'Orenburg', 'OE', '1');
INSERT INTO `mc_zone` VALUES ('2772', '176', 'Palana', 'PA', '1');
INSERT INTO `mc_zone` VALUES ('2773', '176', 'Penza', 'PE', '1');
INSERT INTO `mc_zone` VALUES ('2774', '176', 'Perm', 'PR', '1');
INSERT INTO `mc_zone` VALUES ('2775', '176', 'Petropavlovsk-Kamchatskiy', 'PK', '1');
INSERT INTO `mc_zone` VALUES ('2776', '176', 'Petrozavodsk', 'PT', '1');
INSERT INTO `mc_zone` VALUES ('2777', '176', 'Pskov', 'PS', '1');
INSERT INTO `mc_zone` VALUES ('2778', '176', 'Rostov-na-Donu', 'RO', '1');
INSERT INTO `mc_zone` VALUES ('2779', '176', 'Ryazan', 'RY', '1');
INSERT INTO `mc_zone` VALUES ('2780', '176', 'Salekhard', 'SL', '1');
INSERT INTO `mc_zone` VALUES ('2781', '176', 'Samara', 'SA', '1');
INSERT INTO `mc_zone` VALUES ('2782', '176', 'Saransk', 'SR', '1');
INSERT INTO `mc_zone` VALUES ('2783', '176', 'Saratov', 'SV', '1');
INSERT INTO `mc_zone` VALUES ('2784', '176', 'Smolensk', 'SM', '1');
INSERT INTO `mc_zone` VALUES ('2785', '176', 'St. Petersburg', 'SP', '1');
INSERT INTO `mc_zone` VALUES ('2786', '176', 'Stavropol', 'ST', '1');
INSERT INTO `mc_zone` VALUES ('2787', '176', 'Syktyvkar', 'SY', '1');
INSERT INTO `mc_zone` VALUES ('2788', '176', 'Tambov', 'TA', '1');
INSERT INTO `mc_zone` VALUES ('2789', '176', 'Tomsk', 'TO', '1');
INSERT INTO `mc_zone` VALUES ('2790', '176', 'Tula', 'TU', '1');
INSERT INTO `mc_zone` VALUES ('2791', '176', 'Tura', 'TR', '1');
INSERT INTO `mc_zone` VALUES ('2792', '176', 'Tver', 'TV', '1');
INSERT INTO `mc_zone` VALUES ('2793', '176', 'Tyumen', 'TY', '1');
INSERT INTO `mc_zone` VALUES ('2794', '176', 'Ufa', 'UF', '1');
INSERT INTO `mc_zone` VALUES ('2795', '176', 'Ul\'yanovsk', 'UL', '1');
INSERT INTO `mc_zone` VALUES ('2796', '176', 'Ulan-Ude', 'UU', '1');
INSERT INTO `mc_zone` VALUES ('2797', '176', 'Ust\'-Ordynskiy', 'US', '1');
INSERT INTO `mc_zone` VALUES ('2798', '176', 'Vladikavkaz', 'VL', '1');
INSERT INTO `mc_zone` VALUES ('2799', '176', 'Vladimir', 'VA', '1');
INSERT INTO `mc_zone` VALUES ('2800', '176', 'Vladivostok', 'VV', '1');
INSERT INTO `mc_zone` VALUES ('2801', '176', 'Volgograd', 'VG', '1');
INSERT INTO `mc_zone` VALUES ('2802', '176', 'Vologda', 'VD', '1');
INSERT INTO `mc_zone` VALUES ('2803', '176', 'Voronezh', 'VO', '1');
INSERT INTO `mc_zone` VALUES ('2804', '176', 'Vyatka', 'VY', '1');
INSERT INTO `mc_zone` VALUES ('2805', '176', 'Yakutsk', 'YA', '1');
INSERT INTO `mc_zone` VALUES ('2806', '176', 'Yaroslavl', 'YR', '1');
INSERT INTO `mc_zone` VALUES ('2807', '176', 'Yekaterinburg', 'YE', '1');
INSERT INTO `mc_zone` VALUES ('2808', '176', 'Yoshkar-Ola', 'YO', '1');
INSERT INTO `mc_zone` VALUES ('2809', '177', 'Butare', 'BU', '1');
INSERT INTO `mc_zone` VALUES ('2810', '177', 'Byumba', 'BY', '1');
INSERT INTO `mc_zone` VALUES ('2811', '177', 'Cyangugu', 'CY', '1');
INSERT INTO `mc_zone` VALUES ('2812', '177', 'Gikongoro', 'GK', '1');
INSERT INTO `mc_zone` VALUES ('2813', '177', 'Gisenyi', 'GS', '1');
INSERT INTO `mc_zone` VALUES ('2814', '177', 'Gitarama', 'GT', '1');
INSERT INTO `mc_zone` VALUES ('2815', '177', 'Kibungo', 'KG', '1');
INSERT INTO `mc_zone` VALUES ('2816', '177', 'Kibuye', 'KY', '1');
INSERT INTO `mc_zone` VALUES ('2817', '177', 'Kigali Rurale', 'KR', '1');
INSERT INTO `mc_zone` VALUES ('2818', '177', 'Kigali-ville', 'KV', '1');
INSERT INTO `mc_zone` VALUES ('2819', '177', 'Ruhengeri', 'RU', '1');
INSERT INTO `mc_zone` VALUES ('2820', '177', 'Umutara', 'UM', '1');
INSERT INTO `mc_zone` VALUES ('2821', '178', 'Christ Church Nichola Town', 'CCN', '1');
INSERT INTO `mc_zone` VALUES ('2822', '178', 'Saint Anne Sandy Point', 'SAS', '1');
INSERT INTO `mc_zone` VALUES ('2823', '178', 'Saint George Basseterre', 'SGB', '1');
INSERT INTO `mc_zone` VALUES ('2824', '178', 'Saint George Gingerland', 'SGG', '1');
INSERT INTO `mc_zone` VALUES ('2825', '178', 'Saint James Windward', 'SJW', '1');
INSERT INTO `mc_zone` VALUES ('2826', '178', 'Saint John Capesterre', 'SJC', '1');
INSERT INTO `mc_zone` VALUES ('2827', '178', 'Saint John Figtree', 'SJF', '1');
INSERT INTO `mc_zone` VALUES ('2828', '178', 'Saint Mary Cayon', 'SMC', '1');
INSERT INTO `mc_zone` VALUES ('2829', '178', 'Saint Paul Capesterre', 'CAP', '1');
INSERT INTO `mc_zone` VALUES ('2830', '178', 'Saint Paul Charlestown', 'CHA', '1');
INSERT INTO `mc_zone` VALUES ('2831', '178', 'Saint Peter Basseterre', 'SPB', '1');
INSERT INTO `mc_zone` VALUES ('2832', '178', 'Saint Thomas Lowland', 'STL', '1');
INSERT INTO `mc_zone` VALUES ('2833', '178', 'Saint Thomas Middle Island', 'STM', '1');
INSERT INTO `mc_zone` VALUES ('2834', '178', 'Trinity Palmetto Point', 'TPP', '1');
INSERT INTO `mc_zone` VALUES ('2835', '179', 'Anse-la-Raye', 'AR', '1');
INSERT INTO `mc_zone` VALUES ('2836', '179', 'Castries', 'CA', '1');
INSERT INTO `mc_zone` VALUES ('2837', '179', 'Choiseul', 'CH', '1');
INSERT INTO `mc_zone` VALUES ('2838', '179', 'Dauphin', 'DA', '1');
INSERT INTO `mc_zone` VALUES ('2839', '179', 'Dennery', 'DE', '1');
INSERT INTO `mc_zone` VALUES ('2840', '179', 'Gros-Islet', 'GI', '1');
INSERT INTO `mc_zone` VALUES ('2841', '179', 'Laborie', 'LA', '1');
INSERT INTO `mc_zone` VALUES ('2842', '179', 'Micoud', 'MI', '1');
INSERT INTO `mc_zone` VALUES ('2843', '179', 'Praslin', 'PR', '1');
INSERT INTO `mc_zone` VALUES ('2844', '179', 'Soufriere', 'SO', '1');
INSERT INTO `mc_zone` VALUES ('2845', '179', 'Vieux-Fort', 'VF', '1');
INSERT INTO `mc_zone` VALUES ('2846', '180', 'Charlotte', 'C', '1');
INSERT INTO `mc_zone` VALUES ('2847', '180', 'Grenadines', 'R', '1');
INSERT INTO `mc_zone` VALUES ('2848', '180', 'Saint Andrew', 'A', '1');
INSERT INTO `mc_zone` VALUES ('2849', '180', 'Saint David', 'D', '1');
INSERT INTO `mc_zone` VALUES ('2850', '180', 'Saint George', 'G', '1');
INSERT INTO `mc_zone` VALUES ('2851', '180', 'Saint Patrick', 'P', '1');
INSERT INTO `mc_zone` VALUES ('2852', '181', 'A\'ana', 'AN', '1');
INSERT INTO `mc_zone` VALUES ('2853', '181', 'Aiga-i-le-Tai', 'AI', '1');
INSERT INTO `mc_zone` VALUES ('2854', '181', 'Atua', 'AT', '1');
INSERT INTO `mc_zone` VALUES ('2855', '181', 'Fa\'asaleleaga', 'FA', '1');
INSERT INTO `mc_zone` VALUES ('2856', '181', 'Gaga\'emauga', 'GE', '1');
INSERT INTO `mc_zone` VALUES ('2857', '181', 'Gagaifomauga', 'GF', '1');
INSERT INTO `mc_zone` VALUES ('2858', '181', 'Palauli', 'PA', '1');
INSERT INTO `mc_zone` VALUES ('2859', '181', 'Satupa\'itea', 'SA', '1');
INSERT INTO `mc_zone` VALUES ('2860', '181', 'Tuamasaga', 'TU', '1');
INSERT INTO `mc_zone` VALUES ('2861', '181', 'Va\'a-o-Fonoti', 'VF', '1');
INSERT INTO `mc_zone` VALUES ('2862', '181', 'Vaisigano', 'VS', '1');
INSERT INTO `mc_zone` VALUES ('2863', '182', 'Acquaviva', 'AC', '1');
INSERT INTO `mc_zone` VALUES ('2864', '182', 'Borgo Maggiore', 'BM', '1');
INSERT INTO `mc_zone` VALUES ('2865', '182', 'Chiesanuova', 'CH', '1');
INSERT INTO `mc_zone` VALUES ('2866', '182', 'Domagnano', 'DO', '1');
INSERT INTO `mc_zone` VALUES ('2867', '182', 'Faetano', 'FA', '1');
INSERT INTO `mc_zone` VALUES ('2868', '182', 'Fiorentino', 'FI', '1');
INSERT INTO `mc_zone` VALUES ('2869', '182', 'Montegiardino', 'MO', '1');
INSERT INTO `mc_zone` VALUES ('2870', '182', 'Citta di San Marino', 'SM', '1');
INSERT INTO `mc_zone` VALUES ('2871', '182', 'Serravalle', 'SE', '1');
INSERT INTO `mc_zone` VALUES ('2872', '183', 'Sao Tome', 'S', '1');
INSERT INTO `mc_zone` VALUES ('2873', '183', 'Principe', 'P', '1');
INSERT INTO `mc_zone` VALUES ('2874', '184', 'Al Bahah', 'BH', '1');
INSERT INTO `mc_zone` VALUES ('2875', '184', 'Al Hudud ash Shamaliyah', 'HS', '1');
INSERT INTO `mc_zone` VALUES ('2876', '184', 'Al Jawf', 'JF', '1');
INSERT INTO `mc_zone` VALUES ('2877', '184', 'Al Madinah', 'MD', '1');
INSERT INTO `mc_zone` VALUES ('2878', '184', 'Al Qasim', 'QS', '1');
INSERT INTO `mc_zone` VALUES ('2879', '184', 'Ar Riyad', 'RD', '1');
INSERT INTO `mc_zone` VALUES ('2880', '184', 'Ash Sharqiyah (Eastern)', 'AQ', '1');
INSERT INTO `mc_zone` VALUES ('2881', '184', '\'Asir', 'AS', '1');
INSERT INTO `mc_zone` VALUES ('2882', '184', 'Ha\'il', 'HL', '1');
INSERT INTO `mc_zone` VALUES ('2883', '184', 'Jizan', 'JZ', '1');
INSERT INTO `mc_zone` VALUES ('2884', '184', 'Makkah', 'ML', '1');
INSERT INTO `mc_zone` VALUES ('2885', '184', 'Najran', 'NR', '1');
INSERT INTO `mc_zone` VALUES ('2886', '184', 'Tabuk', 'TB', '1');
INSERT INTO `mc_zone` VALUES ('2887', '185', 'Dakar', 'DA', '1');
INSERT INTO `mc_zone` VALUES ('2888', '185', 'Diourbel', 'DI', '1');
INSERT INTO `mc_zone` VALUES ('2889', '185', 'Fatick', 'FA', '1');
INSERT INTO `mc_zone` VALUES ('2890', '185', 'Kaolack', 'KA', '1');
INSERT INTO `mc_zone` VALUES ('2891', '185', 'Kolda', 'KO', '1');
INSERT INTO `mc_zone` VALUES ('2892', '185', 'Louga', 'LO', '1');
INSERT INTO `mc_zone` VALUES ('2893', '185', 'Matam', 'MA', '1');
INSERT INTO `mc_zone` VALUES ('2894', '185', 'Saint-Louis', 'SL', '1');
INSERT INTO `mc_zone` VALUES ('2895', '185', 'Tambacounda', 'TA', '1');
INSERT INTO `mc_zone` VALUES ('2896', '185', 'Thies', 'TH', '1');
INSERT INTO `mc_zone` VALUES ('2897', '185', 'Ziguinchor', 'ZI', '1');
INSERT INTO `mc_zone` VALUES ('2898', '186', 'Anse aux Pins', 'AP', '1');
INSERT INTO `mc_zone` VALUES ('2899', '186', 'Anse Boileau', 'AB', '1');
INSERT INTO `mc_zone` VALUES ('2900', '186', 'Anse Etoile', 'AE', '1');
INSERT INTO `mc_zone` VALUES ('2901', '186', 'Anse Louis', 'AL', '1');
INSERT INTO `mc_zone` VALUES ('2902', '186', 'Anse Royale', 'AR', '1');
INSERT INTO `mc_zone` VALUES ('2903', '186', 'Baie Lazare', 'BL', '1');
INSERT INTO `mc_zone` VALUES ('2904', '186', 'Baie Sainte Anne', 'BS', '1');
INSERT INTO `mc_zone` VALUES ('2905', '186', 'Beau Vallon', 'BV', '1');
INSERT INTO `mc_zone` VALUES ('2906', '186', 'Bel Air', 'BA', '1');
INSERT INTO `mc_zone` VALUES ('2907', '186', 'Bel Ombre', 'BO', '1');
INSERT INTO `mc_zone` VALUES ('2908', '186', 'Cascade', 'CA', '1');
INSERT INTO `mc_zone` VALUES ('2909', '186', 'Glacis', 'GL', '1');
INSERT INTO `mc_zone` VALUES ('2910', '186', 'Grand\' Anse (on Mahe)', 'GM', '1');
INSERT INTO `mc_zone` VALUES ('2911', '186', 'Grand\' Anse (on Praslin)', 'GP', '1');
INSERT INTO `mc_zone` VALUES ('2912', '186', 'La Digue', 'DG', '1');
INSERT INTO `mc_zone` VALUES ('2913', '186', 'La Riviere Anglaise', 'RA', '1');
INSERT INTO `mc_zone` VALUES ('2914', '186', 'Mont Buxton', 'MB', '1');
INSERT INTO `mc_zone` VALUES ('2915', '186', 'Mont Fleuri', 'MF', '1');
INSERT INTO `mc_zone` VALUES ('2916', '186', 'Plaisance', 'PL', '1');
INSERT INTO `mc_zone` VALUES ('2917', '186', 'Pointe La Rue', 'PR', '1');
INSERT INTO `mc_zone` VALUES ('2918', '186', 'Port Glaud', 'PG', '1');
INSERT INTO `mc_zone` VALUES ('2919', '186', 'Saint Louis', 'SL', '1');
INSERT INTO `mc_zone` VALUES ('2920', '186', 'Takamaka', 'TA', '1');
INSERT INTO `mc_zone` VALUES ('2921', '187', 'Eastern', 'E', '1');
INSERT INTO `mc_zone` VALUES ('2922', '187', 'Northern', 'N', '1');
INSERT INTO `mc_zone` VALUES ('2923', '187', 'Southern', 'S', '1');
INSERT INTO `mc_zone` VALUES ('2924', '187', 'Western', 'W', '1');
INSERT INTO `mc_zone` VALUES ('2925', '189', 'Banskobystrický', 'BA', '1');
INSERT INTO `mc_zone` VALUES ('2926', '189', 'Bratislavský', 'BR', '1');
INSERT INTO `mc_zone` VALUES ('2927', '189', 'Košický', 'KO', '1');
INSERT INTO `mc_zone` VALUES ('2928', '189', 'Nitriansky', 'NI', '1');
INSERT INTO `mc_zone` VALUES ('2929', '189', 'Prešovský', 'PR', '1');
INSERT INTO `mc_zone` VALUES ('2930', '189', 'Trenčiansky', 'TC', '1');
INSERT INTO `mc_zone` VALUES ('2931', '189', 'Trnavský', 'TV', '1');
INSERT INTO `mc_zone` VALUES ('2932', '189', 'Žilinský', 'ZI', '1');
INSERT INTO `mc_zone` VALUES ('2933', '191', 'Central', 'CE', '1');
INSERT INTO `mc_zone` VALUES ('2934', '191', 'Choiseul', 'CH', '1');
INSERT INTO `mc_zone` VALUES ('2935', '191', 'Guadalcanal', 'GC', '1');
INSERT INTO `mc_zone` VALUES ('2936', '191', 'Honiara', 'HO', '1');
INSERT INTO `mc_zone` VALUES ('2937', '191', 'Isabel', 'IS', '1');
INSERT INTO `mc_zone` VALUES ('2938', '191', 'Makira', 'MK', '1');
INSERT INTO `mc_zone` VALUES ('2939', '191', 'Malaita', 'ML', '1');
INSERT INTO `mc_zone` VALUES ('2940', '191', 'Rennell and Bellona', 'RB', '1');
INSERT INTO `mc_zone` VALUES ('2941', '191', 'Temotu', 'TM', '1');
INSERT INTO `mc_zone` VALUES ('2942', '191', 'Western', 'WE', '1');
INSERT INTO `mc_zone` VALUES ('2943', '192', 'Awdal', 'AW', '1');
INSERT INTO `mc_zone` VALUES ('2944', '192', 'Bakool', 'BK', '1');
INSERT INTO `mc_zone` VALUES ('2945', '192', 'Banaadir', 'BN', '1');
INSERT INTO `mc_zone` VALUES ('2946', '192', 'Bari', 'BR', '1');
INSERT INTO `mc_zone` VALUES ('2947', '192', 'Bay', 'BY', '1');
INSERT INTO `mc_zone` VALUES ('2948', '192', 'Galguduud', 'GA', '1');
INSERT INTO `mc_zone` VALUES ('2949', '192', 'Gedo', 'GE', '1');
INSERT INTO `mc_zone` VALUES ('2950', '192', 'Hiiraan', 'HI', '1');
INSERT INTO `mc_zone` VALUES ('2951', '192', 'Jubbada Dhexe', 'JD', '1');
INSERT INTO `mc_zone` VALUES ('2952', '192', 'Jubbada Hoose', 'JH', '1');
INSERT INTO `mc_zone` VALUES ('2953', '192', 'Mudug', 'MU', '1');
INSERT INTO `mc_zone` VALUES ('2954', '192', 'Nugaal', 'NU', '1');
INSERT INTO `mc_zone` VALUES ('2955', '192', 'Sanaag', 'SA', '1');
INSERT INTO `mc_zone` VALUES ('2956', '192', 'Shabeellaha Dhexe', 'SD', '1');
INSERT INTO `mc_zone` VALUES ('2957', '192', 'Shabeellaha Hoose', 'SH', '1');
INSERT INTO `mc_zone` VALUES ('2958', '192', 'Sool', 'SL', '1');
INSERT INTO `mc_zone` VALUES ('2959', '192', 'Togdheer', 'TO', '1');
INSERT INTO `mc_zone` VALUES ('2960', '192', 'Woqooyi Galbeed', 'WG', '1');
INSERT INTO `mc_zone` VALUES ('2961', '193', 'Eastern Cape', 'EC', '1');
INSERT INTO `mc_zone` VALUES ('2962', '193', 'Free State', 'FS', '1');
INSERT INTO `mc_zone` VALUES ('2963', '193', 'Gauteng', 'GT', '1');
INSERT INTO `mc_zone` VALUES ('2964', '193', 'KwaZulu-Natal', 'KN', '1');
INSERT INTO `mc_zone` VALUES ('2965', '193', 'Limpopo', 'LP', '1');
INSERT INTO `mc_zone` VALUES ('2966', '193', 'Mpumalanga', 'MP', '1');
INSERT INTO `mc_zone` VALUES ('2967', '193', 'North West', 'NW', '1');
INSERT INTO `mc_zone` VALUES ('2968', '193', 'Northern Cape', 'NC', '1');
INSERT INTO `mc_zone` VALUES ('2969', '193', 'Western Cape', 'WC', '1');
INSERT INTO `mc_zone` VALUES ('2970', '195', 'La Coru&ntilde;a', 'CA', '1');
INSERT INTO `mc_zone` VALUES ('2971', '195', '&Aacute;lava', 'AL', '1');
INSERT INTO `mc_zone` VALUES ('2972', '195', 'Albacete', 'AB', '1');
INSERT INTO `mc_zone` VALUES ('2973', '195', 'Alicante', 'AC', '1');
INSERT INTO `mc_zone` VALUES ('2974', '195', 'Almeria', 'AM', '1');
INSERT INTO `mc_zone` VALUES ('2975', '195', 'Asturias', 'AS', '1');
INSERT INTO `mc_zone` VALUES ('2976', '195', '&Aacute;vila', 'AV', '1');
INSERT INTO `mc_zone` VALUES ('2977', '195', 'Badajoz', 'BJ', '1');
INSERT INTO `mc_zone` VALUES ('2978', '195', 'Baleares', 'IB', '1');
INSERT INTO `mc_zone` VALUES ('2979', '195', 'Barcelona', 'BA', '1');
INSERT INTO `mc_zone` VALUES ('2980', '195', 'Burgos', 'BU', '1');
INSERT INTO `mc_zone` VALUES ('2981', '195', 'C&aacute;ceres', 'CC', '1');
INSERT INTO `mc_zone` VALUES ('2982', '195', 'C&aacute;diz', 'CZ', '1');
INSERT INTO `mc_zone` VALUES ('2983', '195', 'Cantabria', 'CT', '1');
INSERT INTO `mc_zone` VALUES ('2984', '195', 'Castell&oacute;n', 'CL', '1');
INSERT INTO `mc_zone` VALUES ('2985', '195', 'Ceuta', 'CE', '1');
INSERT INTO `mc_zone` VALUES ('2986', '195', 'Ciudad Real', 'CR', '1');
INSERT INTO `mc_zone` VALUES ('2987', '195', 'C&oacute;rdoba', 'CD', '1');
INSERT INTO `mc_zone` VALUES ('2988', '195', 'Cuenca', 'CU', '1');
INSERT INTO `mc_zone` VALUES ('2989', '195', 'Girona', 'GI', '1');
INSERT INTO `mc_zone` VALUES ('2990', '195', 'Granada', 'GD', '1');
INSERT INTO `mc_zone` VALUES ('2991', '195', 'Guadalajara', 'GJ', '1');
INSERT INTO `mc_zone` VALUES ('2992', '195', 'Guip&uacute;zcoa', 'GP', '1');
INSERT INTO `mc_zone` VALUES ('2993', '195', 'Huelva', 'HL', '1');
INSERT INTO `mc_zone` VALUES ('2994', '195', 'Huesca', 'HS', '1');
INSERT INTO `mc_zone` VALUES ('2995', '195', 'Ja&eacute;n', 'JN', '1');
INSERT INTO `mc_zone` VALUES ('2996', '195', 'La Rioja', 'RJ', '1');
INSERT INTO `mc_zone` VALUES ('2997', '195', 'Las Palmas', 'PM', '1');
INSERT INTO `mc_zone` VALUES ('2998', '195', 'Leon', 'LE', '1');
INSERT INTO `mc_zone` VALUES ('2999', '195', 'Lleida', 'LL', '1');
INSERT INTO `mc_zone` VALUES ('3000', '195', 'Lugo', 'LG', '1');
INSERT INTO `mc_zone` VALUES ('3001', '195', 'Madrid', 'MD', '1');
INSERT INTO `mc_zone` VALUES ('3002', '195', 'Malaga', 'MA', '1');
INSERT INTO `mc_zone` VALUES ('3003', '195', 'Melilla', 'ML', '1');
INSERT INTO `mc_zone` VALUES ('3004', '195', 'Murcia', 'MU', '1');
INSERT INTO `mc_zone` VALUES ('3005', '195', 'Navarra', 'NV', '1');
INSERT INTO `mc_zone` VALUES ('3006', '195', 'Ourense', 'OU', '1');
INSERT INTO `mc_zone` VALUES ('3007', '195', 'Palencia', 'PL', '1');
INSERT INTO `mc_zone` VALUES ('3008', '195', 'Pontevedra', 'PO', '1');
INSERT INTO `mc_zone` VALUES ('3009', '195', 'Salamanca', 'SL', '1');
INSERT INTO `mc_zone` VALUES ('3010', '195', 'Santa Cruz de Tenerife', 'SC', '1');
INSERT INTO `mc_zone` VALUES ('3011', '195', 'Segovia', 'SG', '1');
INSERT INTO `mc_zone` VALUES ('3012', '195', 'Sevilla', 'SV', '1');
INSERT INTO `mc_zone` VALUES ('3013', '195', 'Soria', 'SO', '1');
INSERT INTO `mc_zone` VALUES ('3014', '195', 'Tarragona', 'TA', '1');
INSERT INTO `mc_zone` VALUES ('3015', '195', 'Teruel', 'TE', '1');
INSERT INTO `mc_zone` VALUES ('3016', '195', 'Toledo', 'TO', '1');
INSERT INTO `mc_zone` VALUES ('3017', '195', 'Valencia', 'VC', '1');
INSERT INTO `mc_zone` VALUES ('3018', '195', 'Valladolid', 'VD', '1');
INSERT INTO `mc_zone` VALUES ('3019', '195', 'Vizcaya', 'VZ', '1');
INSERT INTO `mc_zone` VALUES ('3020', '195', 'Zamora', 'ZM', '1');
INSERT INTO `mc_zone` VALUES ('3021', '195', 'Zaragoza', 'ZR', '1');
INSERT INTO `mc_zone` VALUES ('3022', '196', 'Central', 'CE', '1');
INSERT INTO `mc_zone` VALUES ('3023', '196', 'Eastern', 'EA', '1');
INSERT INTO `mc_zone` VALUES ('3024', '196', 'North Central', 'NC', '1');
INSERT INTO `mc_zone` VALUES ('3025', '196', 'Northern', 'NO', '1');
INSERT INTO `mc_zone` VALUES ('3026', '196', 'North Western', 'NW', '1');
INSERT INTO `mc_zone` VALUES ('3027', '196', 'Sabaragamuwa', 'SA', '1');
INSERT INTO `mc_zone` VALUES ('3028', '196', 'Southern', 'SO', '1');
INSERT INTO `mc_zone` VALUES ('3029', '196', 'Uva', 'UV', '1');
INSERT INTO `mc_zone` VALUES ('3030', '196', 'Western', 'WE', '1');
INSERT INTO `mc_zone` VALUES ('3032', '197', 'Saint Helena', 'S', '1');
INSERT INTO `mc_zone` VALUES ('3034', '199', 'A\'ali an Nil', 'ANL', '1');
INSERT INTO `mc_zone` VALUES ('3035', '199', 'Al Bahr al Ahmar', 'BAM', '1');
INSERT INTO `mc_zone` VALUES ('3036', '199', 'Al Buhayrat', 'BRT', '1');
INSERT INTO `mc_zone` VALUES ('3037', '199', 'Al Jazirah', 'JZR', '1');
INSERT INTO `mc_zone` VALUES ('3038', '199', 'Al Khartum', 'KRT', '1');
INSERT INTO `mc_zone` VALUES ('3039', '199', 'Al Qadarif', 'QDR', '1');
INSERT INTO `mc_zone` VALUES ('3040', '199', 'Al Wahdah', 'WDH', '1');
INSERT INTO `mc_zone` VALUES ('3041', '199', 'An Nil al Abyad', 'ANB', '1');
INSERT INTO `mc_zone` VALUES ('3042', '199', 'An Nil al Azraq', 'ANZ', '1');
INSERT INTO `mc_zone` VALUES ('3043', '199', 'Ash Shamaliyah', 'ASH', '1');
INSERT INTO `mc_zone` VALUES ('3044', '199', 'Bahr al Jabal', 'BJA', '1');
INSERT INTO `mc_zone` VALUES ('3045', '199', 'Gharb al Istiwa\'iyah', 'GIS', '1');
INSERT INTO `mc_zone` VALUES ('3046', '199', 'Gharb Bahr al Ghazal', 'GBG', '1');
INSERT INTO `mc_zone` VALUES ('3047', '199', 'Gharb Darfur', 'GDA', '1');
INSERT INTO `mc_zone` VALUES ('3048', '199', 'Gharb Kurdufan', 'GKU', '1');
INSERT INTO `mc_zone` VALUES ('3049', '199', 'Janub Darfur', 'JDA', '1');
INSERT INTO `mc_zone` VALUES ('3050', '199', 'Janub Kurdufan', 'JKU', '1');
INSERT INTO `mc_zone` VALUES ('3051', '199', 'Junqali', 'JQL', '1');
INSERT INTO `mc_zone` VALUES ('3052', '199', 'Kassala', 'KSL', '1');
INSERT INTO `mc_zone` VALUES ('3053', '199', 'Nahr an Nil', 'NNL', '1');
INSERT INTO `mc_zone` VALUES ('3054', '199', 'Shamal Bahr al Ghazal', 'SBG', '1');
INSERT INTO `mc_zone` VALUES ('3055', '199', 'Shamal Darfur', 'SDA', '1');
INSERT INTO `mc_zone` VALUES ('3056', '199', 'Shamal Kurdufan', 'SKU', '1');
INSERT INTO `mc_zone` VALUES ('3057', '199', 'Sharq al Istiwa\'iyah', 'SIS', '1');
INSERT INTO `mc_zone` VALUES ('3058', '199', 'Sinnar', 'SNR', '1');
INSERT INTO `mc_zone` VALUES ('3059', '199', 'Warab', 'WRB', '1');
INSERT INTO `mc_zone` VALUES ('3060', '200', 'Brokopondo', 'BR', '1');
INSERT INTO `mc_zone` VALUES ('3061', '200', 'Commewijne', 'CM', '1');
INSERT INTO `mc_zone` VALUES ('3062', '200', 'Coronie', 'CR', '1');
INSERT INTO `mc_zone` VALUES ('3063', '200', 'Marowijne', 'MA', '1');
INSERT INTO `mc_zone` VALUES ('3064', '200', 'Nickerie', 'NI', '1');
INSERT INTO `mc_zone` VALUES ('3065', '200', 'Para', 'PA', '1');
INSERT INTO `mc_zone` VALUES ('3066', '200', 'Paramaribo', 'PM', '1');
INSERT INTO `mc_zone` VALUES ('3067', '200', 'Saramacca', 'SA', '1');
INSERT INTO `mc_zone` VALUES ('3068', '200', 'Sipaliwini', 'SI', '1');
INSERT INTO `mc_zone` VALUES ('3069', '200', 'Wanica', 'WA', '1');
INSERT INTO `mc_zone` VALUES ('3070', '202', 'Hhohho', 'H', '1');
INSERT INTO `mc_zone` VALUES ('3071', '202', 'Lubombo', 'L', '1');
INSERT INTO `mc_zone` VALUES ('3072', '202', 'Manzini', 'M', '1');
INSERT INTO `mc_zone` VALUES ('3073', '202', 'Shishelweni', 'S', '1');
INSERT INTO `mc_zone` VALUES ('3074', '203', 'Blekinge', 'K', '1');
INSERT INTO `mc_zone` VALUES ('3075', '203', 'Dalarna', 'W', '1');
INSERT INTO `mc_zone` VALUES ('3076', '203', 'G&auml;vleborg', 'X', '1');
INSERT INTO `mc_zone` VALUES ('3077', '203', 'Gotland', 'I', '1');
INSERT INTO `mc_zone` VALUES ('3078', '203', 'Halland', 'N', '1');
INSERT INTO `mc_zone` VALUES ('3079', '203', 'J&auml;mtland', 'Z', '1');
INSERT INTO `mc_zone` VALUES ('3080', '203', 'J&ouml;nk&ouml;ping', 'F', '1');
INSERT INTO `mc_zone` VALUES ('3081', '203', 'Kalmar', 'H', '1');
INSERT INTO `mc_zone` VALUES ('3082', '203', 'Kronoberg', 'G', '1');
INSERT INTO `mc_zone` VALUES ('3083', '203', 'Norrbotten', 'BD', '1');
INSERT INTO `mc_zone` VALUES ('3084', '203', '&Ouml;rebro', 'T', '1');
INSERT INTO `mc_zone` VALUES ('3085', '203', '&Ouml;sterg&ouml;tland', 'E', '1');
INSERT INTO `mc_zone` VALUES ('3086', '203', 'Sk&aring;ne', 'M', '1');
INSERT INTO `mc_zone` VALUES ('3087', '203', 'S&ouml;dermanland', 'D', '1');
INSERT INTO `mc_zone` VALUES ('3088', '203', 'Stockholm', 'AB', '1');
INSERT INTO `mc_zone` VALUES ('3089', '203', 'Uppsala', 'C', '1');
INSERT INTO `mc_zone` VALUES ('3090', '203', 'V&auml;rmland', 'S', '1');
INSERT INTO `mc_zone` VALUES ('3091', '203', 'V&auml;sterbotten', 'AC', '1');
INSERT INTO `mc_zone` VALUES ('3092', '203', 'V&auml;sternorrland', 'Y', '1');
INSERT INTO `mc_zone` VALUES ('3093', '203', 'V&auml;stmanland', 'U', '1');
INSERT INTO `mc_zone` VALUES ('3094', '203', 'V&auml;stra G&ouml;taland', 'O', '1');
INSERT INTO `mc_zone` VALUES ('3095', '204', 'Aargau', 'AG', '1');
INSERT INTO `mc_zone` VALUES ('3096', '204', 'Appenzell Ausserrhoden', 'AR', '1');
INSERT INTO `mc_zone` VALUES ('3097', '204', 'Appenzell Innerrhoden', 'AI', '1');
INSERT INTO `mc_zone` VALUES ('3098', '204', 'Basel-Stadt', 'BS', '1');
INSERT INTO `mc_zone` VALUES ('3099', '204', 'Basel-Landschaft', 'BL', '1');
INSERT INTO `mc_zone` VALUES ('3100', '204', 'Bern', 'BE', '1');
INSERT INTO `mc_zone` VALUES ('3101', '204', 'Fribourg', 'FR', '1');
INSERT INTO `mc_zone` VALUES ('3102', '204', 'Gen&egrave;ve', 'GE', '1');
INSERT INTO `mc_zone` VALUES ('3103', '204', 'Glarus', 'GL', '1');
INSERT INTO `mc_zone` VALUES ('3104', '204', 'Graub&uuml;nden', 'GR', '1');
INSERT INTO `mc_zone` VALUES ('3105', '204', 'Jura', 'JU', '1');
INSERT INTO `mc_zone` VALUES ('3106', '204', 'Luzern', 'LU', '1');
INSERT INTO `mc_zone` VALUES ('3107', '204', 'Neuch&acirc;tel', 'NE', '1');
INSERT INTO `mc_zone` VALUES ('3108', '204', 'Nidwald', 'NW', '1');
INSERT INTO `mc_zone` VALUES ('3109', '204', 'Obwald', 'OW', '1');
INSERT INTO `mc_zone` VALUES ('3110', '204', 'St. Gallen', 'SG', '1');
INSERT INTO `mc_zone` VALUES ('3111', '204', 'Schaffhausen', 'SH', '1');
INSERT INTO `mc_zone` VALUES ('3112', '204', 'Schwyz', 'SZ', '1');
INSERT INTO `mc_zone` VALUES ('3113', '204', 'Solothurn', 'SO', '1');
INSERT INTO `mc_zone` VALUES ('3114', '204', 'Thurgau', 'TG', '1');
INSERT INTO `mc_zone` VALUES ('3115', '204', 'Ticino', 'TI', '1');
INSERT INTO `mc_zone` VALUES ('3116', '204', 'Uri', 'UR', '1');
INSERT INTO `mc_zone` VALUES ('3117', '204', 'Valais', 'VS', '1');
INSERT INTO `mc_zone` VALUES ('3118', '204', 'Vaud', 'VD', '1');
INSERT INTO `mc_zone` VALUES ('3119', '204', 'Zug', 'ZG', '1');
INSERT INTO `mc_zone` VALUES ('3120', '204', 'Z&uuml;rich', 'ZH', '1');
INSERT INTO `mc_zone` VALUES ('3121', '205', 'Al Hasakah', 'HA', '1');
INSERT INTO `mc_zone` VALUES ('3122', '205', 'Al Ladhiqiyah', 'LA', '1');
INSERT INTO `mc_zone` VALUES ('3123', '205', 'Al Qunaytirah', 'QU', '1');
INSERT INTO `mc_zone` VALUES ('3124', '205', 'Ar Raqqah', 'RQ', '1');
INSERT INTO `mc_zone` VALUES ('3125', '205', 'As Suwayda', 'SU', '1');
INSERT INTO `mc_zone` VALUES ('3126', '205', 'Dara', 'DA', '1');
INSERT INTO `mc_zone` VALUES ('3127', '205', 'Dayr az Zawr', 'DZ', '1');
INSERT INTO `mc_zone` VALUES ('3128', '205', 'Dimashq', 'DI', '1');
INSERT INTO `mc_zone` VALUES ('3129', '205', 'Halab', 'HL', '1');
INSERT INTO `mc_zone` VALUES ('3130', '205', 'Hamah', 'HM', '1');
INSERT INTO `mc_zone` VALUES ('3131', '205', 'Hims', 'HI', '1');
INSERT INTO `mc_zone` VALUES ('3132', '205', 'Idlib', 'ID', '1');
INSERT INTO `mc_zone` VALUES ('3133', '205', 'Rif Dimashq', 'RD', '1');
INSERT INTO `mc_zone` VALUES ('3134', '205', 'Tartus', 'TA', '1');
INSERT INTO `mc_zone` VALUES ('3135', '206', 'Chang-hua', 'CH', '1');
INSERT INTO `mc_zone` VALUES ('3136', '206', 'Chia-i', 'CI', '1');
INSERT INTO `mc_zone` VALUES ('3137', '206', 'Hsin-chu', 'HS', '1');
INSERT INTO `mc_zone` VALUES ('3138', '206', 'Hua-lien', 'HL', '1');
INSERT INTO `mc_zone` VALUES ('3139', '206', 'I-lan', 'IL', '1');
INSERT INTO `mc_zone` VALUES ('3140', '206', 'Kao-hsiung county', 'KH', '1');
INSERT INTO `mc_zone` VALUES ('3141', '206', 'Kin-men', 'KM', '1');
INSERT INTO `mc_zone` VALUES ('3142', '206', 'Lien-chiang', 'LC', '1');
INSERT INTO `mc_zone` VALUES ('3143', '206', 'Miao-li', 'ML', '1');
INSERT INTO `mc_zone` VALUES ('3144', '206', 'Nan-t\'ou', 'NT', '1');
INSERT INTO `mc_zone` VALUES ('3145', '206', 'P\'eng-hu', 'PH', '1');
INSERT INTO `mc_zone` VALUES ('3146', '206', 'P\'ing-tung', 'PT', '1');
INSERT INTO `mc_zone` VALUES ('3147', '206', 'T\'ai-chung', 'TG', '1');
INSERT INTO `mc_zone` VALUES ('3148', '206', 'T\'ai-nan', 'TA', '1');
INSERT INTO `mc_zone` VALUES ('3149', '206', 'T\'ai-pei county', 'TP', '1');
INSERT INTO `mc_zone` VALUES ('3150', '206', 'T\'ai-tung', 'TT', '1');
INSERT INTO `mc_zone` VALUES ('3151', '206', 'T\'ao-yuan', 'TY', '1');
INSERT INTO `mc_zone` VALUES ('3152', '206', 'Yun-lin', 'YL', '1');
INSERT INTO `mc_zone` VALUES ('3153', '206', 'Chia-i city', 'CC', '1');
INSERT INTO `mc_zone` VALUES ('3154', '206', 'Chi-lung', 'CL', '1');
INSERT INTO `mc_zone` VALUES ('3155', '206', 'Hsin-chu', 'HC', '1');
INSERT INTO `mc_zone` VALUES ('3156', '206', 'T\'ai-chung', 'TH', '1');
INSERT INTO `mc_zone` VALUES ('3157', '206', 'T\'ai-nan', 'TN', '1');
INSERT INTO `mc_zone` VALUES ('3158', '206', 'Kao-hsiung city', 'KC', '1');
INSERT INTO `mc_zone` VALUES ('3159', '206', 'T\'ai-pei city', 'TC', '1');
INSERT INTO `mc_zone` VALUES ('3160', '207', 'Gorno-Badakhstan', 'GB', '1');
INSERT INTO `mc_zone` VALUES ('3161', '207', 'Khatlon', 'KT', '1');
INSERT INTO `mc_zone` VALUES ('3162', '207', 'Sughd', 'SU', '1');
INSERT INTO `mc_zone` VALUES ('3163', '208', 'Arusha', 'AR', '1');
INSERT INTO `mc_zone` VALUES ('3164', '208', 'Dar es Salaam', 'DS', '1');
INSERT INTO `mc_zone` VALUES ('3165', '208', 'Dodoma', 'DO', '1');
INSERT INTO `mc_zone` VALUES ('3166', '208', 'Iringa', 'IR', '1');
INSERT INTO `mc_zone` VALUES ('3167', '208', 'Kagera', 'KA', '1');
INSERT INTO `mc_zone` VALUES ('3168', '208', 'Kigoma', 'KI', '1');
INSERT INTO `mc_zone` VALUES ('3169', '208', 'Kilimanjaro', 'KJ', '1');
INSERT INTO `mc_zone` VALUES ('3170', '208', 'Lindi', 'LN', '1');
INSERT INTO `mc_zone` VALUES ('3171', '208', 'Manyara', 'MY', '1');
INSERT INTO `mc_zone` VALUES ('3172', '208', 'Mara', 'MR', '1');
INSERT INTO `mc_zone` VALUES ('3173', '208', 'Mbeya', 'MB', '1');
INSERT INTO `mc_zone` VALUES ('3174', '208', 'Morogoro', 'MO', '1');
INSERT INTO `mc_zone` VALUES ('3175', '208', 'Mtwara', 'MT', '1');
INSERT INTO `mc_zone` VALUES ('3176', '208', 'Mwanza', 'MW', '1');
INSERT INTO `mc_zone` VALUES ('3177', '208', 'Pemba North', 'PN', '1');
INSERT INTO `mc_zone` VALUES ('3178', '208', 'Pemba South', 'PS', '1');
INSERT INTO `mc_zone` VALUES ('3179', '208', 'Pwani', 'PW', '1');
INSERT INTO `mc_zone` VALUES ('3180', '208', 'Rukwa', 'RK', '1');
INSERT INTO `mc_zone` VALUES ('3181', '208', 'Ruvuma', 'RV', '1');
INSERT INTO `mc_zone` VALUES ('3182', '208', 'Shinyanga', 'SH', '1');
INSERT INTO `mc_zone` VALUES ('3183', '208', 'Singida', 'SI', '1');
INSERT INTO `mc_zone` VALUES ('3184', '208', 'Tabora', 'TB', '1');
INSERT INTO `mc_zone` VALUES ('3185', '208', 'Tanga', 'TN', '1');
INSERT INTO `mc_zone` VALUES ('3186', '208', 'Zanzibar Central/South', 'ZC', '1');
INSERT INTO `mc_zone` VALUES ('3187', '208', 'Zanzibar North', 'ZN', '1');
INSERT INTO `mc_zone` VALUES ('3188', '208', 'Zanzibar Urban/West', 'ZU', '1');
INSERT INTO `mc_zone` VALUES ('3189', '209', 'Amnat Charoen', 'Amnat Charoen', '1');
INSERT INTO `mc_zone` VALUES ('3190', '209', 'Ang Thong', 'Ang Thong', '1');
INSERT INTO `mc_zone` VALUES ('3191', '209', 'Ayutthaya', 'Ayutthaya', '1');
INSERT INTO `mc_zone` VALUES ('3192', '209', 'Bangkok', 'Bangkok', '1');
INSERT INTO `mc_zone` VALUES ('3193', '209', 'Buriram', 'Buriram', '1');
INSERT INTO `mc_zone` VALUES ('3194', '209', 'Chachoengsao', 'Chachoengsao', '1');
INSERT INTO `mc_zone` VALUES ('3195', '209', 'Chai Nat', 'Chai Nat', '1');
INSERT INTO `mc_zone` VALUES ('3196', '209', 'Chaiyaphum', 'Chaiyaphum', '1');
INSERT INTO `mc_zone` VALUES ('3197', '209', 'Chanthaburi', 'Chanthaburi', '1');
INSERT INTO `mc_zone` VALUES ('3198', '209', 'Chiang Mai', 'Chiang Mai', '1');
INSERT INTO `mc_zone` VALUES ('3199', '209', 'Chiang Rai', 'Chiang Rai', '1');
INSERT INTO `mc_zone` VALUES ('3200', '209', 'Chon Buri', 'Chon Buri', '1');
INSERT INTO `mc_zone` VALUES ('3201', '209', 'Chumphon', 'Chumphon', '1');
INSERT INTO `mc_zone` VALUES ('3202', '209', 'Kalasin', 'Kalasin', '1');
INSERT INTO `mc_zone` VALUES ('3203', '209', 'Kamphaeng Phet', 'Kamphaeng Phet', '1');
INSERT INTO `mc_zone` VALUES ('3204', '209', 'Kanchanaburi', 'Kanchanaburi', '1');
INSERT INTO `mc_zone` VALUES ('3205', '209', 'Khon Kaen', 'Khon Kaen', '1');
INSERT INTO `mc_zone` VALUES ('3206', '209', 'Krabi', 'Krabi', '1');
INSERT INTO `mc_zone` VALUES ('3207', '209', 'Lampang', 'Lampang', '1');
INSERT INTO `mc_zone` VALUES ('3208', '209', 'Lamphun', 'Lamphun', '1');
INSERT INTO `mc_zone` VALUES ('3209', '209', 'Loei', 'Loei', '1');
INSERT INTO `mc_zone` VALUES ('3210', '209', 'Lop Buri', 'Lop Buri', '1');
INSERT INTO `mc_zone` VALUES ('3211', '209', 'Mae Hong Son', 'Mae Hong Son', '1');
INSERT INTO `mc_zone` VALUES ('3212', '209', 'Maha Sarakham', 'Maha Sarakham', '1');
INSERT INTO `mc_zone` VALUES ('3213', '209', 'Mukdahan', 'Mukdahan', '1');
INSERT INTO `mc_zone` VALUES ('3214', '209', 'Nakhon Nayok', 'Nakhon Nayok', '1');
INSERT INTO `mc_zone` VALUES ('3215', '209', 'Nakhon Pathom', 'Nakhon Pathom', '1');
INSERT INTO `mc_zone` VALUES ('3216', '209', 'Nakhon Phanom', 'Nakhon Phanom', '1');
INSERT INTO `mc_zone` VALUES ('3217', '209', 'Nakhon Ratchasima', 'Nakhon Ratchasima', '1');
INSERT INTO `mc_zone` VALUES ('3218', '209', 'Nakhon Sawan', 'Nakhon Sawan', '1');
INSERT INTO `mc_zone` VALUES ('3219', '209', 'Nakhon Si Thammarat', 'Nakhon Si Thammarat', '1');
INSERT INTO `mc_zone` VALUES ('3220', '209', 'Nan', 'Nan', '1');
INSERT INTO `mc_zone` VALUES ('3221', '209', 'Narathiwat', 'Narathiwat', '1');
INSERT INTO `mc_zone` VALUES ('3222', '209', 'Nong Bua Lamphu', 'Nong Bua Lamphu', '1');
INSERT INTO `mc_zone` VALUES ('3223', '209', 'Nong Khai', 'Nong Khai', '1');
INSERT INTO `mc_zone` VALUES ('3224', '209', 'Nonthaburi', 'Nonthaburi', '1');
INSERT INTO `mc_zone` VALUES ('3225', '209', 'Pathum Thani', 'Pathum Thani', '1');
INSERT INTO `mc_zone` VALUES ('3226', '209', 'Pattani', 'Pattani', '1');
INSERT INTO `mc_zone` VALUES ('3227', '209', 'Phangnga', 'Phangnga', '1');
INSERT INTO `mc_zone` VALUES ('3228', '209', 'Phatthalung', 'Phatthalung', '1');
INSERT INTO `mc_zone` VALUES ('3229', '209', 'Phayao', 'Phayao', '1');
INSERT INTO `mc_zone` VALUES ('3230', '209', 'Phetchabun', 'Phetchabun', '1');
INSERT INTO `mc_zone` VALUES ('3231', '209', 'Phetchaburi', 'Phetchaburi', '1');
INSERT INTO `mc_zone` VALUES ('3232', '209', 'Phichit', 'Phichit', '1');
INSERT INTO `mc_zone` VALUES ('3233', '209', 'Phitsanulok', 'Phitsanulok', '1');
INSERT INTO `mc_zone` VALUES ('3234', '209', 'Phrae', 'Phrae', '1');
INSERT INTO `mc_zone` VALUES ('3235', '209', 'Phuket', 'Phuket', '1');
INSERT INTO `mc_zone` VALUES ('3236', '209', 'Prachin Buri', 'Prachin Buri', '1');
INSERT INTO `mc_zone` VALUES ('3237', '209', 'Prachuap Khiri Khan', 'Prachuap Khiri Khan', '1');
INSERT INTO `mc_zone` VALUES ('3238', '209', 'Ranong', 'Ranong', '1');
INSERT INTO `mc_zone` VALUES ('3239', '209', 'Ratchaburi', 'Ratchaburi', '1');
INSERT INTO `mc_zone` VALUES ('3240', '209', 'Rayong', 'Rayong', '1');
INSERT INTO `mc_zone` VALUES ('3241', '209', 'Roi Et', 'Roi Et', '1');
INSERT INTO `mc_zone` VALUES ('3242', '209', 'Sa Kaeo', 'Sa Kaeo', '1');
INSERT INTO `mc_zone` VALUES ('3243', '209', 'Sakon Nakhon', 'Sakon Nakhon', '1');
INSERT INTO `mc_zone` VALUES ('3244', '209', 'Samut Prakan', 'Samut Prakan', '1');
INSERT INTO `mc_zone` VALUES ('3245', '209', 'Samut Sakhon', 'Samut Sakhon', '1');
INSERT INTO `mc_zone` VALUES ('3246', '209', 'Samut Songkhram', 'Samut Songkhram', '1');
INSERT INTO `mc_zone` VALUES ('3247', '209', 'Sara Buri', 'Sara Buri', '1');
INSERT INTO `mc_zone` VALUES ('3248', '209', 'Satun', 'Satun', '1');
INSERT INTO `mc_zone` VALUES ('3249', '209', 'Sing Buri', 'Sing Buri', '1');
INSERT INTO `mc_zone` VALUES ('3250', '209', 'Sisaket', 'Sisaket', '1');
INSERT INTO `mc_zone` VALUES ('3251', '209', 'Songkhla', 'Songkhla', '1');
INSERT INTO `mc_zone` VALUES ('3252', '209', 'Sukhothai', 'Sukhothai', '1');
INSERT INTO `mc_zone` VALUES ('3253', '209', 'Suphan Buri', 'Suphan Buri', '1');
INSERT INTO `mc_zone` VALUES ('3254', '209', 'Surat Thani', 'Surat Thani', '1');
INSERT INTO `mc_zone` VALUES ('3255', '209', 'Surin', 'Surin', '1');
INSERT INTO `mc_zone` VALUES ('3256', '209', 'Tak', 'Tak', '1');
INSERT INTO `mc_zone` VALUES ('3257', '209', 'Trang', 'Trang', '1');
INSERT INTO `mc_zone` VALUES ('3258', '209', 'Trat', 'Trat', '1');
INSERT INTO `mc_zone` VALUES ('3259', '209', 'Ubon Ratchathani', 'Ubon Ratchathani', '1');
INSERT INTO `mc_zone` VALUES ('3260', '209', 'Udon Thani', 'Udon Thani', '1');
INSERT INTO `mc_zone` VALUES ('3261', '209', 'Uthai Thani', 'Uthai Thani', '1');
INSERT INTO `mc_zone` VALUES ('3262', '209', 'Uttaradit', 'Uttaradit', '1');
INSERT INTO `mc_zone` VALUES ('3263', '209', 'Yala', 'Yala', '1');
INSERT INTO `mc_zone` VALUES ('3264', '209', 'Yasothon', 'Yasothon', '1');
INSERT INTO `mc_zone` VALUES ('3265', '210', 'Kara', 'K', '1');
INSERT INTO `mc_zone` VALUES ('3266', '210', 'Plateaux', 'P', '1');
INSERT INTO `mc_zone` VALUES ('3267', '210', 'Savanes', 'S', '1');
INSERT INTO `mc_zone` VALUES ('3268', '210', 'Centrale', 'C', '1');
INSERT INTO `mc_zone` VALUES ('3269', '210', 'Maritime', 'M', '1');
INSERT INTO `mc_zone` VALUES ('3270', '211', 'Atafu', 'A', '1');
INSERT INTO `mc_zone` VALUES ('3271', '211', 'Fakaofo', 'F', '1');
INSERT INTO `mc_zone` VALUES ('3272', '211', 'Nukunonu', 'N', '1');
INSERT INTO `mc_zone` VALUES ('3273', '212', 'Ha\'apai', 'H', '1');
INSERT INTO `mc_zone` VALUES ('3274', '212', 'Tongatapu', 'T', '1');
INSERT INTO `mc_zone` VALUES ('3275', '212', 'Vava\'u', 'V', '1');
INSERT INTO `mc_zone` VALUES ('3276', '213', 'Couva/Tabaquite/Talparo', 'CT', '1');
INSERT INTO `mc_zone` VALUES ('3277', '213', 'Diego Martin', 'DM', '1');
INSERT INTO `mc_zone` VALUES ('3278', '213', 'Mayaro/Rio Claro', 'MR', '1');
INSERT INTO `mc_zone` VALUES ('3279', '213', 'Penal/Debe', 'PD', '1');
INSERT INTO `mc_zone` VALUES ('3280', '213', 'Princes Town', 'PT', '1');
INSERT INTO `mc_zone` VALUES ('3281', '213', 'Sangre Grande', 'SG', '1');
INSERT INTO `mc_zone` VALUES ('3282', '213', 'San Juan/Laventille', 'SL', '1');
INSERT INTO `mc_zone` VALUES ('3283', '213', 'Siparia', 'SI', '1');
INSERT INTO `mc_zone` VALUES ('3284', '213', 'Tunapuna/Piarco', 'TP', '1');
INSERT INTO `mc_zone` VALUES ('3285', '213', 'Port of Spain', 'PS', '1');
INSERT INTO `mc_zone` VALUES ('3286', '213', 'San Fernando', 'SF', '1');
INSERT INTO `mc_zone` VALUES ('3287', '213', 'Arima', 'AR', '1');
INSERT INTO `mc_zone` VALUES ('3288', '213', 'Point Fortin', 'PF', '1');
INSERT INTO `mc_zone` VALUES ('3289', '213', 'Chaguanas', 'CH', '1');
INSERT INTO `mc_zone` VALUES ('3290', '213', 'Tobago', 'TO', '1');
INSERT INTO `mc_zone` VALUES ('3291', '214', 'Ariana', 'AR', '1');
INSERT INTO `mc_zone` VALUES ('3292', '214', 'Beja', 'BJ', '1');
INSERT INTO `mc_zone` VALUES ('3293', '214', 'Ben Arous', 'BA', '1');
INSERT INTO `mc_zone` VALUES ('3294', '214', 'Bizerte', 'BI', '1');
INSERT INTO `mc_zone` VALUES ('3295', '214', 'Gabes', 'GB', '1');
INSERT INTO `mc_zone` VALUES ('3296', '214', 'Gafsa', 'GF', '1');
INSERT INTO `mc_zone` VALUES ('3297', '214', 'Jendouba', 'JE', '1');
INSERT INTO `mc_zone` VALUES ('3298', '214', 'Kairouan', 'KR', '1');
INSERT INTO `mc_zone` VALUES ('3299', '214', 'Kasserine', 'KS', '1');
INSERT INTO `mc_zone` VALUES ('3300', '214', 'Kebili', 'KB', '1');
INSERT INTO `mc_zone` VALUES ('3301', '214', 'Kef', 'KF', '1');
INSERT INTO `mc_zone` VALUES ('3302', '214', 'Mahdia', 'MH', '1');
INSERT INTO `mc_zone` VALUES ('3303', '214', 'Manouba', 'MN', '1');
INSERT INTO `mc_zone` VALUES ('3304', '214', 'Medenine', 'ME', '1');
INSERT INTO `mc_zone` VALUES ('3305', '214', 'Monastir', 'MO', '1');
INSERT INTO `mc_zone` VALUES ('3306', '214', 'Nabeul', 'NA', '1');
INSERT INTO `mc_zone` VALUES ('3307', '214', 'Sfax', 'SF', '1');
INSERT INTO `mc_zone` VALUES ('3308', '214', 'Sidi', 'SD', '1');
INSERT INTO `mc_zone` VALUES ('3309', '214', 'Siliana', 'SL', '1');
INSERT INTO `mc_zone` VALUES ('3310', '214', 'Sousse', 'SO', '1');
INSERT INTO `mc_zone` VALUES ('3311', '214', 'Tataouine', 'TA', '1');
INSERT INTO `mc_zone` VALUES ('3312', '214', 'Tozeur', 'TO', '1');
INSERT INTO `mc_zone` VALUES ('3313', '214', 'Tunis', 'TU', '1');
INSERT INTO `mc_zone` VALUES ('3314', '214', 'Zaghouan', 'ZA', '1');
INSERT INTO `mc_zone` VALUES ('3315', '215', 'Adana', 'ADA', '1');
INSERT INTO `mc_zone` VALUES ('3316', '215', 'Adıyaman', 'ADI', '1');
INSERT INTO `mc_zone` VALUES ('3317', '215', 'Afyonkarahisar', 'AFY', '1');
INSERT INTO `mc_zone` VALUES ('3318', '215', 'Ağrı', 'AGR', '1');
INSERT INTO `mc_zone` VALUES ('3319', '215', 'Aksaray', 'AKS', '1');
INSERT INTO `mc_zone` VALUES ('3320', '215', 'Amasya', 'AMA', '1');
INSERT INTO `mc_zone` VALUES ('3321', '215', 'Ankara', 'ANK', '1');
INSERT INTO `mc_zone` VALUES ('3322', '215', 'Antalya', 'ANT', '1');
INSERT INTO `mc_zone` VALUES ('3323', '215', 'Ardahan', 'ARD', '1');
INSERT INTO `mc_zone` VALUES ('3324', '215', 'Artvin', 'ART', '1');
INSERT INTO `mc_zone` VALUES ('3325', '215', 'Aydın', 'AYI', '1');
INSERT INTO `mc_zone` VALUES ('3326', '215', 'Balıkesir', 'BAL', '1');
INSERT INTO `mc_zone` VALUES ('3327', '215', 'Bartın', 'BAR', '1');
INSERT INTO `mc_zone` VALUES ('3328', '215', 'Batman', 'BAT', '1');
INSERT INTO `mc_zone` VALUES ('3329', '215', 'Bayburt', 'BAY', '1');
INSERT INTO `mc_zone` VALUES ('3330', '215', 'Bilecik', 'BIL', '1');
INSERT INTO `mc_zone` VALUES ('3331', '215', 'Bingöl', 'BIN', '1');
INSERT INTO `mc_zone` VALUES ('3332', '215', 'Bitlis', 'BIT', '1');
INSERT INTO `mc_zone` VALUES ('3333', '215', 'Bolu', 'BOL', '1');
INSERT INTO `mc_zone` VALUES ('3334', '215', 'Burdur', 'BRD', '1');
INSERT INTO `mc_zone` VALUES ('3335', '215', 'Bursa', 'BRS', '1');
INSERT INTO `mc_zone` VALUES ('3336', '215', 'Çanakkale', 'CKL', '1');
INSERT INTO `mc_zone` VALUES ('3337', '215', 'Çankırı', 'CKR', '1');
INSERT INTO `mc_zone` VALUES ('3338', '215', 'Çorum', 'COR', '1');
INSERT INTO `mc_zone` VALUES ('3339', '215', 'Denizli', 'DEN', '1');
INSERT INTO `mc_zone` VALUES ('3340', '215', 'Diyarbakır', 'DIY', '1');
INSERT INTO `mc_zone` VALUES ('3341', '215', 'Düzce', 'DUZ', '1');
INSERT INTO `mc_zone` VALUES ('3342', '215', 'Edirne', 'EDI', '1');
INSERT INTO `mc_zone` VALUES ('3343', '215', 'Elazığ', 'ELA', '1');
INSERT INTO `mc_zone` VALUES ('3344', '215', 'Erzincan', 'EZC', '1');
INSERT INTO `mc_zone` VALUES ('3345', '215', 'Erzurum', 'EZR', '1');
INSERT INTO `mc_zone` VALUES ('3346', '215', 'Eskişehir', 'ESK', '1');
INSERT INTO `mc_zone` VALUES ('3347', '215', 'Gaziantep', 'GAZ', '1');
INSERT INTO `mc_zone` VALUES ('3348', '215', 'Giresun', 'GIR', '1');
INSERT INTO `mc_zone` VALUES ('3349', '215', 'Gümüşhane', 'GMS', '1');
INSERT INTO `mc_zone` VALUES ('3350', '215', 'Hakkari', 'HKR', '1');
INSERT INTO `mc_zone` VALUES ('3351', '215', 'Hatay', 'HTY', '1');
INSERT INTO `mc_zone` VALUES ('3352', '215', 'Iğdır', 'IGD', '1');
INSERT INTO `mc_zone` VALUES ('3353', '215', 'Isparta', 'ISP', '1');
INSERT INTO `mc_zone` VALUES ('3354', '215', 'İstanbul', 'IST', '1');
INSERT INTO `mc_zone` VALUES ('3355', '215', 'İzmir', 'IZM', '1');
INSERT INTO `mc_zone` VALUES ('3356', '215', 'Kahramanmaraş', 'KAH', '1');
INSERT INTO `mc_zone` VALUES ('3357', '215', 'Karabük', 'KRB', '1');
INSERT INTO `mc_zone` VALUES ('3358', '215', 'Karaman', 'KRM', '1');
INSERT INTO `mc_zone` VALUES ('3359', '215', 'Kars', 'KRS', '1');
INSERT INTO `mc_zone` VALUES ('3360', '215', 'Kastamonu', 'KAS', '1');
INSERT INTO `mc_zone` VALUES ('3361', '215', 'Kayseri', 'KAY', '1');
INSERT INTO `mc_zone` VALUES ('3362', '215', 'Kilis', 'KLS', '1');
INSERT INTO `mc_zone` VALUES ('3363', '215', 'Kırıkkale', 'KRK', '1');
INSERT INTO `mc_zone` VALUES ('3364', '215', 'Kırklareli', 'KLR', '1');
INSERT INTO `mc_zone` VALUES ('3365', '215', 'Kırşehir', 'KRH', '1');
INSERT INTO `mc_zone` VALUES ('3366', '215', 'Kocaeli', 'KOC', '1');
INSERT INTO `mc_zone` VALUES ('3367', '215', 'Konya', 'KON', '1');
INSERT INTO `mc_zone` VALUES ('3368', '215', 'Kütahya', 'KUT', '1');
INSERT INTO `mc_zone` VALUES ('3369', '215', 'Malatya', 'MAL', '1');
INSERT INTO `mc_zone` VALUES ('3370', '215', 'Manisa', 'MAN', '1');
INSERT INTO `mc_zone` VALUES ('3371', '215', 'Mardin', 'MAR', '1');
INSERT INTO `mc_zone` VALUES ('3372', '215', 'Mersin', 'MER', '1');
INSERT INTO `mc_zone` VALUES ('3373', '215', 'Muğla', 'MUG', '1');
INSERT INTO `mc_zone` VALUES ('3374', '215', 'Muş', 'MUS', '1');
INSERT INTO `mc_zone` VALUES ('3375', '215', 'Nevşehir', 'NEV', '1');
INSERT INTO `mc_zone` VALUES ('3376', '215', 'Niğde', 'NIG', '1');
INSERT INTO `mc_zone` VALUES ('3377', '215', 'Ordu', 'ORD', '1');
INSERT INTO `mc_zone` VALUES ('3378', '215', 'Osmaniye', 'OSM', '1');
INSERT INTO `mc_zone` VALUES ('3379', '215', 'Rize', 'RIZ', '1');
INSERT INTO `mc_zone` VALUES ('3380', '215', 'Sakarya', 'SAK', '1');
INSERT INTO `mc_zone` VALUES ('3381', '215', 'Samsun', 'SAM', '1');
INSERT INTO `mc_zone` VALUES ('3382', '215', 'Şanlıurfa', 'SAN', '1');
INSERT INTO `mc_zone` VALUES ('3383', '215', 'Siirt', 'SII', '1');
INSERT INTO `mc_zone` VALUES ('3384', '215', 'Sinop', 'SIN', '1');
INSERT INTO `mc_zone` VALUES ('3385', '215', 'Şırnak', 'SIR', '1');
INSERT INTO `mc_zone` VALUES ('3386', '215', 'Sivas', 'SIV', '1');
INSERT INTO `mc_zone` VALUES ('3387', '215', 'Tekirdağ', 'TEL', '1');
INSERT INTO `mc_zone` VALUES ('3388', '215', 'Tokat', 'TOK', '1');
INSERT INTO `mc_zone` VALUES ('3389', '215', 'Trabzon', 'TRA', '1');
INSERT INTO `mc_zone` VALUES ('3390', '215', 'Tunceli', 'TUN', '1');
INSERT INTO `mc_zone` VALUES ('3391', '215', 'Uşak', 'USK', '1');
INSERT INTO `mc_zone` VALUES ('3392', '215', 'Van', 'VAN', '1');
INSERT INTO `mc_zone` VALUES ('3393', '215', 'Yalova', 'YAL', '1');
INSERT INTO `mc_zone` VALUES ('3394', '215', 'Yozgat', 'YOZ', '1');
INSERT INTO `mc_zone` VALUES ('3395', '215', 'Zonguldak', 'ZON', '1');
INSERT INTO `mc_zone` VALUES ('3396', '216', 'Ahal Welayaty', 'A', '1');
INSERT INTO `mc_zone` VALUES ('3397', '216', 'Balkan Welayaty', 'B', '1');
INSERT INTO `mc_zone` VALUES ('3398', '216', 'Dashhowuz Welayaty', 'D', '1');
INSERT INTO `mc_zone` VALUES ('3399', '216', 'Lebap Welayaty', 'L', '1');
INSERT INTO `mc_zone` VALUES ('3400', '216', 'Mary Welayaty', 'M', '1');
INSERT INTO `mc_zone` VALUES ('3401', '217', 'Ambergris Cays', 'AC', '1');
INSERT INTO `mc_zone` VALUES ('3402', '217', 'Dellis Cay', 'DC', '1');
INSERT INTO `mc_zone` VALUES ('3403', '217', 'French Cay', 'FC', '1');
INSERT INTO `mc_zone` VALUES ('3404', '217', 'Little Water Cay', 'LW', '1');
INSERT INTO `mc_zone` VALUES ('3405', '217', 'Parrot Cay', 'RC', '1');
INSERT INTO `mc_zone` VALUES ('3406', '217', 'Pine Cay', 'PN', '1');
INSERT INTO `mc_zone` VALUES ('3407', '217', 'Salt Cay', 'SL', '1');
INSERT INTO `mc_zone` VALUES ('3408', '217', 'Grand Turk', 'GT', '1');
INSERT INTO `mc_zone` VALUES ('3409', '217', 'South Caicos', 'SC', '1');
INSERT INTO `mc_zone` VALUES ('3410', '217', 'East Caicos', 'EC', '1');
INSERT INTO `mc_zone` VALUES ('3411', '217', 'Middle Caicos', 'MC', '1');
INSERT INTO `mc_zone` VALUES ('3412', '217', 'North Caicos', 'NC', '1');
INSERT INTO `mc_zone` VALUES ('3413', '217', 'Providenciales', 'PR', '1');
INSERT INTO `mc_zone` VALUES ('3414', '217', 'West Caicos', 'WC', '1');
INSERT INTO `mc_zone` VALUES ('3415', '218', 'Nanumanga', 'NMG', '1');
INSERT INTO `mc_zone` VALUES ('3416', '218', 'Niulakita', 'NLK', '1');
INSERT INTO `mc_zone` VALUES ('3417', '218', 'Niutao', 'NTO', '1');
INSERT INTO `mc_zone` VALUES ('3418', '218', 'Funafuti', 'FUN', '1');
INSERT INTO `mc_zone` VALUES ('3419', '218', 'Nanumea', 'NME', '1');
INSERT INTO `mc_zone` VALUES ('3420', '218', 'Nui', 'NUI', '1');
INSERT INTO `mc_zone` VALUES ('3421', '218', 'Nukufetau', 'NFT', '1');
INSERT INTO `mc_zone` VALUES ('3422', '218', 'Nukulaelae', 'NLL', '1');
INSERT INTO `mc_zone` VALUES ('3423', '218', 'Vaitupu', 'VAI', '1');
INSERT INTO `mc_zone` VALUES ('3424', '219', 'Kalangala', 'KAL', '1');
INSERT INTO `mc_zone` VALUES ('3425', '219', 'Kampala', 'KMP', '1');
INSERT INTO `mc_zone` VALUES ('3426', '219', 'Kayunga', 'KAY', '1');
INSERT INTO `mc_zone` VALUES ('3427', '219', 'Kiboga', 'KIB', '1');
INSERT INTO `mc_zone` VALUES ('3428', '219', 'Luwero', 'LUW', '1');
INSERT INTO `mc_zone` VALUES ('3429', '219', 'Masaka', 'MAS', '1');
INSERT INTO `mc_zone` VALUES ('3430', '219', 'Mpigi', 'MPI', '1');
INSERT INTO `mc_zone` VALUES ('3431', '219', 'Mubende', 'MUB', '1');
INSERT INTO `mc_zone` VALUES ('3432', '219', 'Mukono', 'MUK', '1');
INSERT INTO `mc_zone` VALUES ('3433', '219', 'Nakasongola', 'NKS', '1');
INSERT INTO `mc_zone` VALUES ('3434', '219', 'Rakai', 'RAK', '1');
INSERT INTO `mc_zone` VALUES ('3435', '219', 'Sembabule', 'SEM', '1');
INSERT INTO `mc_zone` VALUES ('3436', '219', 'Wakiso', 'WAK', '1');
INSERT INTO `mc_zone` VALUES ('3437', '219', 'Bugiri', 'BUG', '1');
INSERT INTO `mc_zone` VALUES ('3438', '219', 'Busia', 'BUS', '1');
INSERT INTO `mc_zone` VALUES ('3439', '219', 'Iganga', 'IGA', '1');
INSERT INTO `mc_zone` VALUES ('3440', '219', 'Jinja', 'JIN', '1');
INSERT INTO `mc_zone` VALUES ('3441', '219', 'Kaberamaido', 'KAB', '1');
INSERT INTO `mc_zone` VALUES ('3442', '219', 'Kamuli', 'KML', '1');
INSERT INTO `mc_zone` VALUES ('3443', '219', 'Kapchorwa', 'KPC', '1');
INSERT INTO `mc_zone` VALUES ('3444', '219', 'Katakwi', 'KTK', '1');
INSERT INTO `mc_zone` VALUES ('3445', '219', 'Kumi', 'KUM', '1');
INSERT INTO `mc_zone` VALUES ('3446', '219', 'Mayuge', 'MAY', '1');
INSERT INTO `mc_zone` VALUES ('3447', '219', 'Mbale', 'MBA', '1');
INSERT INTO `mc_zone` VALUES ('3448', '219', 'Pallisa', 'PAL', '1');
INSERT INTO `mc_zone` VALUES ('3449', '219', 'Sironko', 'SIR', '1');
INSERT INTO `mc_zone` VALUES ('3450', '219', 'Soroti', 'SOR', '1');
INSERT INTO `mc_zone` VALUES ('3451', '219', 'Tororo', 'TOR', '1');
INSERT INTO `mc_zone` VALUES ('3452', '219', 'Adjumani', 'ADJ', '1');
INSERT INTO `mc_zone` VALUES ('3453', '219', 'Apac', 'APC', '1');
INSERT INTO `mc_zone` VALUES ('3454', '219', 'Arua', 'ARU', '1');
INSERT INTO `mc_zone` VALUES ('3455', '219', 'Gulu', 'GUL', '1');
INSERT INTO `mc_zone` VALUES ('3456', '219', 'Kitgum', 'KIT', '1');
INSERT INTO `mc_zone` VALUES ('3457', '219', 'Kotido', 'KOT', '1');
INSERT INTO `mc_zone` VALUES ('3458', '219', 'Lira', 'LIR', '1');
INSERT INTO `mc_zone` VALUES ('3459', '219', 'Moroto', 'MRT', '1');
INSERT INTO `mc_zone` VALUES ('3460', '219', 'Moyo', 'MOY', '1');
INSERT INTO `mc_zone` VALUES ('3461', '219', 'Nakapiripirit', 'NAK', '1');
INSERT INTO `mc_zone` VALUES ('3462', '219', 'Nebbi', 'NEB', '1');
INSERT INTO `mc_zone` VALUES ('3463', '219', 'Pader', 'PAD', '1');
INSERT INTO `mc_zone` VALUES ('3464', '219', 'Yumbe', 'YUM', '1');
INSERT INTO `mc_zone` VALUES ('3465', '219', 'Bundibugyo', 'BUN', '1');
INSERT INTO `mc_zone` VALUES ('3466', '219', 'Bushenyi', 'BSH', '1');
INSERT INTO `mc_zone` VALUES ('3467', '219', 'Hoima', 'HOI', '1');
INSERT INTO `mc_zone` VALUES ('3468', '219', 'Kabale', 'KBL', '1');
INSERT INTO `mc_zone` VALUES ('3469', '219', 'Kabarole', 'KAR', '1');
INSERT INTO `mc_zone` VALUES ('3470', '219', 'Kamwenge', 'KAM', '1');
INSERT INTO `mc_zone` VALUES ('3471', '219', 'Kanungu', 'KAN', '1');
INSERT INTO `mc_zone` VALUES ('3472', '219', 'Kasese', 'KAS', '1');
INSERT INTO `mc_zone` VALUES ('3473', '219', 'Kibaale', 'KBA', '1');
INSERT INTO `mc_zone` VALUES ('3474', '219', 'Kisoro', 'KIS', '1');
INSERT INTO `mc_zone` VALUES ('3475', '219', 'Kyenjojo', 'KYE', '1');
INSERT INTO `mc_zone` VALUES ('3476', '219', 'Masindi', 'MSN', '1');
INSERT INTO `mc_zone` VALUES ('3477', '219', 'Mbarara', 'MBR', '1');
INSERT INTO `mc_zone` VALUES ('3478', '219', 'Ntungamo', 'NTU', '1');
INSERT INTO `mc_zone` VALUES ('3479', '219', 'Rukungiri', 'RUK', '1');
INSERT INTO `mc_zone` VALUES ('3480', '220', 'Cherkas\'ka Oblast\'', '71', '1');
INSERT INTO `mc_zone` VALUES ('3481', '220', 'Chernihivs\'ka Oblast\'', '74', '1');
INSERT INTO `mc_zone` VALUES ('3482', '220', 'Chernivets\'ka Oblast\'', '77', '1');
INSERT INTO `mc_zone` VALUES ('3483', '220', 'Crimea', '43', '1');
INSERT INTO `mc_zone` VALUES ('3484', '220', 'Dnipropetrovs\'ka Oblast\'', '12', '1');
INSERT INTO `mc_zone` VALUES ('3485', '220', 'Donets\'ka Oblast\'', '14', '1');
INSERT INTO `mc_zone` VALUES ('3486', '220', 'Ivano-Frankivs\'ka Oblast\'', '26', '1');
INSERT INTO `mc_zone` VALUES ('3487', '220', 'Khersons\'ka Oblast\'', '65', '1');
INSERT INTO `mc_zone` VALUES ('3488', '220', 'Khmel\'nyts\'ka Oblast\'', '68', '1');
INSERT INTO `mc_zone` VALUES ('3489', '220', 'Kirovohrads\'ka Oblast\'', '35', '1');
INSERT INTO `mc_zone` VALUES ('3490', '220', 'Kyiv', '30', '1');
INSERT INTO `mc_zone` VALUES ('3491', '220', 'Kyivs\'ka Oblast\'', '32', '1');
INSERT INTO `mc_zone` VALUES ('3492', '220', 'Luhans\'ka Oblast\'', '09', '1');
INSERT INTO `mc_zone` VALUES ('3493', '220', 'L\'vivs\'ka Oblast\'', '46', '1');
INSERT INTO `mc_zone` VALUES ('3494', '220', 'Mykolayivs\'ka Oblast\'', '48', '1');
INSERT INTO `mc_zone` VALUES ('3495', '220', 'Odes\'ka Oblast\'', '51', '1');
INSERT INTO `mc_zone` VALUES ('3496', '220', 'Poltavs\'ka Oblast\'', '53', '1');
INSERT INTO `mc_zone` VALUES ('3497', '220', 'Rivnens\'ka Oblast\'', '56', '1');
INSERT INTO `mc_zone` VALUES ('3498', '220', 'Sevastopol\'', '40', '1');
INSERT INTO `mc_zone` VALUES ('3499', '220', 'Sums\'ka Oblast\'', '59', '1');
INSERT INTO `mc_zone` VALUES ('3500', '220', 'Ternopil\'s\'ka Oblast\'', '61', '1');
INSERT INTO `mc_zone` VALUES ('3501', '220', 'Vinnyts\'ka Oblast\'', '05', '1');
INSERT INTO `mc_zone` VALUES ('3502', '220', 'Volyns\'ka Oblast\'', '07', '1');
INSERT INTO `mc_zone` VALUES ('3503', '220', 'Zakarpats\'ka Oblast\'', '21', '1');
INSERT INTO `mc_zone` VALUES ('3504', '220', 'Zaporiz\'ka Oblast\'', '23', '1');
INSERT INTO `mc_zone` VALUES ('3505', '220', 'Zhytomyrs\'ka oblast\'', '18', '1');
INSERT INTO `mc_zone` VALUES ('3506', '221', 'Abu Zaby', 'AZ', '1');
INSERT INTO `mc_zone` VALUES ('3507', '221', '\'Ajman', 'AJ', '1');
INSERT INTO `mc_zone` VALUES ('3508', '221', 'Al Fujayrah', 'FU', '1');
INSERT INTO `mc_zone` VALUES ('3509', '221', 'Ash Shariqah', 'SH', '1');
INSERT INTO `mc_zone` VALUES ('3510', '221', 'Dubayy', 'DU', '1');
INSERT INTO `mc_zone` VALUES ('3511', '221', 'R\'as al Khaymah', 'RK', '1');
INSERT INTO `mc_zone` VALUES ('3512', '221', 'Umm al Qaywayn', 'UQ', '1');
INSERT INTO `mc_zone` VALUES ('3513', '222', 'Aberdeen', 'ABN', '1');
INSERT INTO `mc_zone` VALUES ('3514', '222', 'Aberdeenshire', 'ABNS', '1');
INSERT INTO `mc_zone` VALUES ('3515', '222', 'Anglesey', 'ANG', '1');
INSERT INTO `mc_zone` VALUES ('3516', '222', 'Angus', 'AGS', '1');
INSERT INTO `mc_zone` VALUES ('3517', '222', 'Argyll and Bute', 'ARY', '1');
INSERT INTO `mc_zone` VALUES ('3518', '222', 'Bedfordshire', 'BEDS', '1');
INSERT INTO `mc_zone` VALUES ('3519', '222', 'Berkshire', 'BERKS', '1');
INSERT INTO `mc_zone` VALUES ('3520', '222', 'Blaenau Gwent', 'BLA', '1');
INSERT INTO `mc_zone` VALUES ('3521', '222', 'Bridgend', 'BRI', '1');
INSERT INTO `mc_zone` VALUES ('3522', '222', 'Bristol', 'BSTL', '1');
INSERT INTO `mc_zone` VALUES ('3523', '222', 'Buckinghamshire', 'BUCKS', '1');
INSERT INTO `mc_zone` VALUES ('3524', '222', 'Caerphilly', 'CAE', '1');
INSERT INTO `mc_zone` VALUES ('3525', '222', 'Cambridgeshire', 'CAMBS', '1');
INSERT INTO `mc_zone` VALUES ('3526', '222', 'Cardiff', 'CDF', '1');
INSERT INTO `mc_zone` VALUES ('3527', '222', 'Carmarthenshire', 'CARM', '1');
INSERT INTO `mc_zone` VALUES ('3528', '222', 'Ceredigion', 'CDGN', '1');
INSERT INTO `mc_zone` VALUES ('3529', '222', 'Cheshire', 'CHES', '1');
INSERT INTO `mc_zone` VALUES ('3530', '222', 'Clackmannanshire', 'CLACK', '1');
INSERT INTO `mc_zone` VALUES ('3531', '222', 'Conwy', 'CON', '1');
INSERT INTO `mc_zone` VALUES ('3532', '222', 'Cornwall', 'CORN', '1');
INSERT INTO `mc_zone` VALUES ('3533', '222', 'Denbighshire', 'DNBG', '1');
INSERT INTO `mc_zone` VALUES ('3534', '222', 'Derbyshire', 'DERBY', '1');
INSERT INTO `mc_zone` VALUES ('3535', '222', 'Devon', 'DVN', '1');
INSERT INTO `mc_zone` VALUES ('3536', '222', 'Dorset', 'DOR', '1');
INSERT INTO `mc_zone` VALUES ('3537', '222', 'Dumfries and Galloway', 'DGL', '1');
INSERT INTO `mc_zone` VALUES ('3538', '222', 'Dundee', 'DUND', '1');
INSERT INTO `mc_zone` VALUES ('3539', '222', 'Durham', 'DHM', '1');
INSERT INTO `mc_zone` VALUES ('3540', '222', 'East Ayrshire', 'ARYE', '1');
INSERT INTO `mc_zone` VALUES ('3541', '222', 'East Dunbartonshire', 'DUNBE', '1');
INSERT INTO `mc_zone` VALUES ('3542', '222', 'East Lothian', 'LOTE', '1');
INSERT INTO `mc_zone` VALUES ('3543', '222', 'East Renfrewshire', 'RENE', '1');
INSERT INTO `mc_zone` VALUES ('3544', '222', 'East Riding of Yorkshire', 'ERYS', '1');
INSERT INTO `mc_zone` VALUES ('3545', '222', 'East Sussex', 'SXE', '1');
INSERT INTO `mc_zone` VALUES ('3546', '222', 'Edinburgh', 'EDIN', '1');
INSERT INTO `mc_zone` VALUES ('3547', '222', 'Essex', 'ESX', '1');
INSERT INTO `mc_zone` VALUES ('3548', '222', 'Falkirk', 'FALK', '1');
INSERT INTO `mc_zone` VALUES ('3549', '222', 'Fife', 'FFE', '1');
INSERT INTO `mc_zone` VALUES ('3550', '222', 'Flintshire', 'FLINT', '1');
INSERT INTO `mc_zone` VALUES ('3551', '222', 'Glasgow', 'GLAS', '1');
INSERT INTO `mc_zone` VALUES ('3552', '222', 'Gloucestershire', 'GLOS', '1');
INSERT INTO `mc_zone` VALUES ('3553', '222', 'Greater London', 'LDN', '1');
INSERT INTO `mc_zone` VALUES ('3554', '222', 'Greater Manchester', 'MCH', '1');
INSERT INTO `mc_zone` VALUES ('3555', '222', 'Gwynedd', 'GDD', '1');
INSERT INTO `mc_zone` VALUES ('3556', '222', 'Hampshire', 'HANTS', '1');
INSERT INTO `mc_zone` VALUES ('3557', '222', 'Herefordshire', 'HWR', '1');
INSERT INTO `mc_zone` VALUES ('3558', '222', 'Hertfordshire', 'HERTS', '1');
INSERT INTO `mc_zone` VALUES ('3559', '222', 'Highlands', 'HLD', '1');
INSERT INTO `mc_zone` VALUES ('3560', '222', 'Inverclyde', 'IVER', '1');
INSERT INTO `mc_zone` VALUES ('3561', '222', 'Isle of Wight', 'IOW', '1');
INSERT INTO `mc_zone` VALUES ('3562', '222', 'Kent', 'KNT', '1');
INSERT INTO `mc_zone` VALUES ('3563', '222', 'Lancashire', 'LANCS', '1');
INSERT INTO `mc_zone` VALUES ('3564', '222', 'Leicestershire', 'LEICS', '1');
INSERT INTO `mc_zone` VALUES ('3565', '222', 'Lincolnshire', 'LINCS', '1');
INSERT INTO `mc_zone` VALUES ('3566', '222', 'Merseyside', 'MSY', '1');
INSERT INTO `mc_zone` VALUES ('3567', '222', 'Merthyr Tydfil', 'MERT', '1');
INSERT INTO `mc_zone` VALUES ('3568', '222', 'Midlothian', 'MLOT', '1');
INSERT INTO `mc_zone` VALUES ('3569', '222', 'Monmouthshire', 'MMOUTH', '1');
INSERT INTO `mc_zone` VALUES ('3570', '222', 'Moray', 'MORAY', '1');
INSERT INTO `mc_zone` VALUES ('3571', '222', 'Neath Port Talbot', 'NPRTAL', '1');
INSERT INTO `mc_zone` VALUES ('3572', '222', 'Newport', 'NEWPT', '1');
INSERT INTO `mc_zone` VALUES ('3573', '222', 'Norfolk', 'NOR', '1');
INSERT INTO `mc_zone` VALUES ('3574', '222', 'North Ayrshire', 'ARYN', '1');
INSERT INTO `mc_zone` VALUES ('3575', '222', 'North Lanarkshire', 'LANN', '1');
INSERT INTO `mc_zone` VALUES ('3576', '222', 'North Yorkshire', 'YSN', '1');
INSERT INTO `mc_zone` VALUES ('3577', '222', 'Northamptonshire', 'NHM', '1');
INSERT INTO `mc_zone` VALUES ('3578', '222', 'Northumberland', 'NLD', '1');
INSERT INTO `mc_zone` VALUES ('3579', '222', 'Nottinghamshire', 'NOT', '1');
INSERT INTO `mc_zone` VALUES ('3580', '222', 'Orkney Islands', 'ORK', '1');
INSERT INTO `mc_zone` VALUES ('3581', '222', 'Oxfordshire', 'OFE', '1');
INSERT INTO `mc_zone` VALUES ('3582', '222', 'Pembrokeshire', 'PEM', '1');
INSERT INTO `mc_zone` VALUES ('3583', '222', 'Perth and Kinross', 'PERTH', '1');
INSERT INTO `mc_zone` VALUES ('3584', '222', 'Powys', 'PWS', '1');
INSERT INTO `mc_zone` VALUES ('3585', '222', 'Renfrewshire', 'REN', '1');
INSERT INTO `mc_zone` VALUES ('3586', '222', 'Rhondda Cynon Taff', 'RHON', '1');
INSERT INTO `mc_zone` VALUES ('3587', '222', 'Rutland', 'RUT', '1');
INSERT INTO `mc_zone` VALUES ('3588', '222', 'Scottish Borders', 'BOR', '1');
INSERT INTO `mc_zone` VALUES ('3589', '222', 'Shetland Islands', 'SHET', '1');
INSERT INTO `mc_zone` VALUES ('3590', '222', 'Shropshire', 'SPE', '1');
INSERT INTO `mc_zone` VALUES ('3591', '222', 'Somerset', 'SOM', '1');
INSERT INTO `mc_zone` VALUES ('3592', '222', 'South Ayrshire', 'ARYS', '1');
INSERT INTO `mc_zone` VALUES ('3593', '222', 'South Lanarkshire', 'LANS', '1');
INSERT INTO `mc_zone` VALUES ('3594', '222', 'South Yorkshire', 'YSS', '1');
INSERT INTO `mc_zone` VALUES ('3595', '222', 'Staffordshire', 'SFD', '1');
INSERT INTO `mc_zone` VALUES ('3596', '222', 'Stirling', 'STIR', '1');
INSERT INTO `mc_zone` VALUES ('3597', '222', 'Suffolk', 'SFK', '1');
INSERT INTO `mc_zone` VALUES ('3598', '222', 'Surrey', 'SRY', '1');
INSERT INTO `mc_zone` VALUES ('3599', '222', 'Swansea', 'SWAN', '1');
INSERT INTO `mc_zone` VALUES ('3600', '222', 'Torfaen', 'TORF', '1');
INSERT INTO `mc_zone` VALUES ('3601', '222', 'Tyne and Wear', 'TWR', '1');
INSERT INTO `mc_zone` VALUES ('3602', '222', 'Vale of Glamorgan', 'VGLAM', '1');
INSERT INTO `mc_zone` VALUES ('3603', '222', 'Warwickshire', 'WARKS', '1');
INSERT INTO `mc_zone` VALUES ('3604', '222', 'West Dunbartonshire', 'WDUN', '1');
INSERT INTO `mc_zone` VALUES ('3605', '222', 'West Lothian', 'WLOT', '1');
INSERT INTO `mc_zone` VALUES ('3606', '222', 'West Midlands', 'WMD', '1');
INSERT INTO `mc_zone` VALUES ('3607', '222', 'West Sussex', 'SXW', '1');
INSERT INTO `mc_zone` VALUES ('3608', '222', 'West Yorkshire', 'YSW', '1');
INSERT INTO `mc_zone` VALUES ('3609', '222', 'Western Isles', 'WIL', '1');
INSERT INTO `mc_zone` VALUES ('3610', '222', 'Wiltshire', 'WLT', '1');
INSERT INTO `mc_zone` VALUES ('3611', '222', 'Worcestershire', 'WORCS', '1');
INSERT INTO `mc_zone` VALUES ('3612', '222', 'Wrexham', 'WRX', '1');
INSERT INTO `mc_zone` VALUES ('3613', '223', 'Alabama', 'AL', '1');
INSERT INTO `mc_zone` VALUES ('3614', '223', 'Alaska', 'AK', '1');
INSERT INTO `mc_zone` VALUES ('3615', '223', 'American Samoa', 'AS', '1');
INSERT INTO `mc_zone` VALUES ('3616', '223', 'Arizona', 'AZ', '1');
INSERT INTO `mc_zone` VALUES ('3617', '223', 'Arkansas', 'AR', '1');
INSERT INTO `mc_zone` VALUES ('3618', '223', 'Armed Forces Africa', 'AF', '1');
INSERT INTO `mc_zone` VALUES ('3619', '223', 'Armed Forces Americas', 'AA', '1');
INSERT INTO `mc_zone` VALUES ('3620', '223', 'Armed Forces Canada', 'AC', '1');
INSERT INTO `mc_zone` VALUES ('3621', '223', 'Armed Forces Europe', 'AE', '1');
INSERT INTO `mc_zone` VALUES ('3622', '223', 'Armed Forces Middle East', 'AM', '1');
INSERT INTO `mc_zone` VALUES ('3623', '223', 'Armed Forces Pacific', 'AP', '1');
INSERT INTO `mc_zone` VALUES ('3624', '223', 'California', 'CA', '1');
INSERT INTO `mc_zone` VALUES ('3625', '223', 'Colorado', 'CO', '1');
INSERT INTO `mc_zone` VALUES ('3626', '223', 'Connecticut', 'CT', '1');
INSERT INTO `mc_zone` VALUES ('3627', '223', 'Delaware', 'DE', '1');
INSERT INTO `mc_zone` VALUES ('3628', '223', 'District of Columbia', 'DC', '1');
INSERT INTO `mc_zone` VALUES ('3629', '223', 'Federated States Of Micronesia', 'FM', '1');
INSERT INTO `mc_zone` VALUES ('3630', '223', 'Florida', 'FL', '1');
INSERT INTO `mc_zone` VALUES ('3631', '223', 'Georgia', 'GA', '1');
INSERT INTO `mc_zone` VALUES ('3632', '223', 'Guam', 'GU', '1');
INSERT INTO `mc_zone` VALUES ('3633', '223', 'Hawaii', 'HI', '1');
INSERT INTO `mc_zone` VALUES ('3634', '223', 'Idaho', 'ID', '1');
INSERT INTO `mc_zone` VALUES ('3635', '223', 'Illinois', 'IL', '1');
INSERT INTO `mc_zone` VALUES ('3636', '223', 'Indiana', 'IN', '1');
INSERT INTO `mc_zone` VALUES ('3637', '223', 'Iowa', 'IA', '1');
INSERT INTO `mc_zone` VALUES ('3638', '223', 'Kansas', 'KS', '1');
INSERT INTO `mc_zone` VALUES ('3639', '223', 'Kentucky', 'KY', '1');
INSERT INTO `mc_zone` VALUES ('3640', '223', 'Louisiana', 'LA', '1');
INSERT INTO `mc_zone` VALUES ('3641', '223', 'Maine', 'ME', '1');
INSERT INTO `mc_zone` VALUES ('3642', '223', 'Marshall Islands', 'MH', '1');
INSERT INTO `mc_zone` VALUES ('3643', '223', 'Maryland', 'MD', '1');
INSERT INTO `mc_zone` VALUES ('3644', '223', 'Massachusetts', 'MA', '1');
INSERT INTO `mc_zone` VALUES ('3645', '223', 'Michigan', 'MI', '1');
INSERT INTO `mc_zone` VALUES ('3646', '223', 'Minnesota', 'MN', '1');
INSERT INTO `mc_zone` VALUES ('3647', '223', 'Mississippi', 'MS', '1');
INSERT INTO `mc_zone` VALUES ('3648', '223', 'Missouri', 'MO', '1');
INSERT INTO `mc_zone` VALUES ('3649', '223', 'Montana', 'MT', '1');
INSERT INTO `mc_zone` VALUES ('3650', '223', 'Nebraska', 'NE', '1');
INSERT INTO `mc_zone` VALUES ('3651', '223', 'Nevada', 'NV', '1');
INSERT INTO `mc_zone` VALUES ('3652', '223', 'New Hampshire', 'NH', '1');
INSERT INTO `mc_zone` VALUES ('3653', '223', 'New Jersey', 'NJ', '1');
INSERT INTO `mc_zone` VALUES ('3654', '223', 'New Mexico', 'NM', '1');
INSERT INTO `mc_zone` VALUES ('3655', '223', 'New York', 'NY', '1');
INSERT INTO `mc_zone` VALUES ('3656', '223', 'North Carolina', 'NC', '1');
INSERT INTO `mc_zone` VALUES ('3657', '223', 'North Dakota', 'ND', '1');
INSERT INTO `mc_zone` VALUES ('3658', '223', 'Northern Mariana Islands', 'MP', '1');
INSERT INTO `mc_zone` VALUES ('3659', '223', 'Ohio', 'OH', '1');
INSERT INTO `mc_zone` VALUES ('3660', '223', 'Oklahoma', 'OK', '1');
INSERT INTO `mc_zone` VALUES ('3661', '223', 'Oregon', 'OR', '1');
INSERT INTO `mc_zone` VALUES ('3662', '223', 'Palau', 'PW', '1');
INSERT INTO `mc_zone` VALUES ('3663', '223', 'Pennsylvania', 'PA', '1');
INSERT INTO `mc_zone` VALUES ('3664', '223', 'Puerto Rico', 'PR', '1');
INSERT INTO `mc_zone` VALUES ('3665', '223', 'Rhode Island', 'RI', '1');
INSERT INTO `mc_zone` VALUES ('3666', '223', 'South Carolina', 'SC', '1');
INSERT INTO `mc_zone` VALUES ('3667', '223', 'South Dakota', 'SD', '1');
INSERT INTO `mc_zone` VALUES ('3668', '223', 'Tennessee', 'TN', '1');
INSERT INTO `mc_zone` VALUES ('3669', '223', 'Texas', 'TX', '1');
INSERT INTO `mc_zone` VALUES ('3670', '223', 'Utah', 'UT', '1');
INSERT INTO `mc_zone` VALUES ('3671', '223', 'Vermont', 'VT', '1');
INSERT INTO `mc_zone` VALUES ('3672', '223', 'Virgin Islands', 'VI', '1');
INSERT INTO `mc_zone` VALUES ('3673', '223', 'Virginia', 'VA', '1');
INSERT INTO `mc_zone` VALUES ('3674', '223', 'Washington', 'WA', '1');
INSERT INTO `mc_zone` VALUES ('3675', '223', 'West Virginia', 'WV', '1');
INSERT INTO `mc_zone` VALUES ('3676', '223', 'Wisconsin', 'WI', '1');
INSERT INTO `mc_zone` VALUES ('3677', '223', 'Wyoming', 'WY', '1');
INSERT INTO `mc_zone` VALUES ('3678', '224', 'Baker Island', 'BI', '1');
INSERT INTO `mc_zone` VALUES ('3679', '224', 'Howland Island', 'HI', '1');
INSERT INTO `mc_zone` VALUES ('3680', '224', 'Jarvis Island', 'JI', '1');
INSERT INTO `mc_zone` VALUES ('3681', '224', 'Johnston Atoll', 'JA', '1');
INSERT INTO `mc_zone` VALUES ('3682', '224', 'Kingman Reef', 'KR', '1');
INSERT INTO `mc_zone` VALUES ('3683', '224', 'Midway Atoll', 'MA', '1');
INSERT INTO `mc_zone` VALUES ('3684', '224', 'Navassa Island', 'NI', '1');
INSERT INTO `mc_zone` VALUES ('3685', '224', 'Palmyra Atoll', 'PA', '1');
INSERT INTO `mc_zone` VALUES ('3686', '224', 'Wake Island', 'WI', '1');
INSERT INTO `mc_zone` VALUES ('3687', '225', 'Artigas', 'AR', '1');
INSERT INTO `mc_zone` VALUES ('3688', '225', 'Canelones', 'CA', '1');
INSERT INTO `mc_zone` VALUES ('3689', '225', 'Cerro Largo', 'CL', '1');
INSERT INTO `mc_zone` VALUES ('3690', '225', 'Colonia', 'CO', '1');
INSERT INTO `mc_zone` VALUES ('3691', '225', 'Durazno', 'DU', '1');
INSERT INTO `mc_zone` VALUES ('3692', '225', 'Flores', 'FS', '1');
INSERT INTO `mc_zone` VALUES ('3693', '225', 'Florida', 'FA', '1');
INSERT INTO `mc_zone` VALUES ('3694', '225', 'Lavalleja', 'LA', '1');
INSERT INTO `mc_zone` VALUES ('3695', '225', 'Maldonado', 'MA', '1');
INSERT INTO `mc_zone` VALUES ('3696', '225', 'Montevideo', 'MO', '1');
INSERT INTO `mc_zone` VALUES ('3697', '225', 'Paysandu', 'PA', '1');
INSERT INTO `mc_zone` VALUES ('3698', '225', 'Rio Negro', 'RN', '1');
INSERT INTO `mc_zone` VALUES ('3699', '225', 'Rivera', 'RV', '1');
INSERT INTO `mc_zone` VALUES ('3700', '225', 'Rocha', 'RO', '1');
INSERT INTO `mc_zone` VALUES ('3701', '225', 'Salto', 'SL', '1');
INSERT INTO `mc_zone` VALUES ('3702', '225', 'San Jose', 'SJ', '1');
INSERT INTO `mc_zone` VALUES ('3703', '225', 'Soriano', 'SO', '1');
INSERT INTO `mc_zone` VALUES ('3704', '225', 'Tacuarembo', 'TA', '1');
INSERT INTO `mc_zone` VALUES ('3705', '225', 'Treinta y Tres', 'TT', '1');
INSERT INTO `mc_zone` VALUES ('3706', '226', 'Andijon', 'AN', '1');
INSERT INTO `mc_zone` VALUES ('3707', '226', 'Buxoro', 'BU', '1');
INSERT INTO `mc_zone` VALUES ('3708', '226', 'Farg\'ona', 'FA', '1');
INSERT INTO `mc_zone` VALUES ('3709', '226', 'Jizzax', 'JI', '1');
INSERT INTO `mc_zone` VALUES ('3710', '226', 'Namangan', 'NG', '1');
INSERT INTO `mc_zone` VALUES ('3711', '226', 'Navoiy', 'NW', '1');
INSERT INTO `mc_zone` VALUES ('3712', '226', 'Qashqadaryo', 'QA', '1');
INSERT INTO `mc_zone` VALUES ('3713', '226', 'Qoraqalpog\'iston Republikasi', 'QR', '1');
INSERT INTO `mc_zone` VALUES ('3714', '226', 'Samarqand', 'SA', '1');
INSERT INTO `mc_zone` VALUES ('3715', '226', 'Sirdaryo', 'SI', '1');
INSERT INTO `mc_zone` VALUES ('3716', '226', 'Surxondaryo', 'SU', '1');
INSERT INTO `mc_zone` VALUES ('3717', '226', 'Toshkent City', 'TK', '1');
INSERT INTO `mc_zone` VALUES ('3718', '226', 'Toshkent Region', 'TO', '1');
INSERT INTO `mc_zone` VALUES ('3719', '226', 'Xorazm', 'XO', '1');
INSERT INTO `mc_zone` VALUES ('3720', '227', 'Malampa', 'MA', '1');
INSERT INTO `mc_zone` VALUES ('3721', '227', 'Penama', 'PE', '1');
INSERT INTO `mc_zone` VALUES ('3722', '227', 'Sanma', 'SA', '1');
INSERT INTO `mc_zone` VALUES ('3723', '227', 'Shefa', 'SH', '1');
INSERT INTO `mc_zone` VALUES ('3724', '227', 'Tafea', 'TA', '1');
INSERT INTO `mc_zone` VALUES ('3725', '227', 'Torba', 'TO', '1');
INSERT INTO `mc_zone` VALUES ('3726', '229', 'Amazonas', 'AM', '1');
INSERT INTO `mc_zone` VALUES ('3727', '229', 'Anzoategui', 'AN', '1');
INSERT INTO `mc_zone` VALUES ('3728', '229', 'Apure', 'AP', '1');
INSERT INTO `mc_zone` VALUES ('3729', '229', 'Aragua', 'AR', '1');
INSERT INTO `mc_zone` VALUES ('3730', '229', 'Barinas', 'BA', '1');
INSERT INTO `mc_zone` VALUES ('3731', '229', 'Bolivar', 'BO', '1');
INSERT INTO `mc_zone` VALUES ('3732', '229', 'Carabobo', 'CA', '1');
INSERT INTO `mc_zone` VALUES ('3733', '229', 'Cojedes', 'CO', '1');
INSERT INTO `mc_zone` VALUES ('3734', '229', 'Delta Amacuro', 'DA', '1');
INSERT INTO `mc_zone` VALUES ('3735', '229', 'Dependencias Federales', 'DF', '1');
INSERT INTO `mc_zone` VALUES ('3736', '229', 'Distrito Federal', 'DI', '1');
INSERT INTO `mc_zone` VALUES ('3737', '229', 'Falcon', 'FA', '1');
INSERT INTO `mc_zone` VALUES ('3738', '229', 'Guarico', 'GU', '1');
INSERT INTO `mc_zone` VALUES ('3739', '229', 'Lara', 'LA', '1');
INSERT INTO `mc_zone` VALUES ('3740', '229', 'Merida', 'ME', '1');
INSERT INTO `mc_zone` VALUES ('3741', '229', 'Miranda', 'MI', '1');
INSERT INTO `mc_zone` VALUES ('3742', '229', 'Monagas', 'MO', '1');
INSERT INTO `mc_zone` VALUES ('3743', '229', 'Nueva Esparta', 'NE', '1');
INSERT INTO `mc_zone` VALUES ('3744', '229', 'Portuguesa', 'PO', '1');
INSERT INTO `mc_zone` VALUES ('3745', '229', 'Sucre', 'SU', '1');
INSERT INTO `mc_zone` VALUES ('3746', '229', 'Tachira', 'TA', '1');
INSERT INTO `mc_zone` VALUES ('3747', '229', 'Trujillo', 'TR', '1');
INSERT INTO `mc_zone` VALUES ('3748', '229', 'Vargas', 'VA', '1');
INSERT INTO `mc_zone` VALUES ('3749', '229', 'Yaracuy', 'YA', '1');
INSERT INTO `mc_zone` VALUES ('3750', '229', 'Zulia', 'ZU', '1');
INSERT INTO `mc_zone` VALUES ('3751', '230', 'An Giang', 'AG', '1');
INSERT INTO `mc_zone` VALUES ('3752', '230', 'Bac Giang', 'BG', '1');
INSERT INTO `mc_zone` VALUES ('3753', '230', 'Bac Kan', 'BK', '1');
INSERT INTO `mc_zone` VALUES ('3754', '230', 'Bac Lieu', 'BL', '1');
INSERT INTO `mc_zone` VALUES ('3755', '230', 'Bac Ninh', 'BC', '1');
INSERT INTO `mc_zone` VALUES ('3756', '230', 'Ba Ria-Vung Tau', 'BR', '1');
INSERT INTO `mc_zone` VALUES ('3757', '230', 'Ben Tre', 'BN', '1');
INSERT INTO `mc_zone` VALUES ('3758', '230', 'Binh Dinh', 'BH', '1');
INSERT INTO `mc_zone` VALUES ('3759', '230', 'Binh Duong', 'BU', '1');
INSERT INTO `mc_zone` VALUES ('3760', '230', 'Binh Phuoc', 'BP', '1');
INSERT INTO `mc_zone` VALUES ('3761', '230', 'Binh Thuan', 'BT', '1');
INSERT INTO `mc_zone` VALUES ('3762', '230', 'Ca Mau', 'CM', '1');
INSERT INTO `mc_zone` VALUES ('3763', '230', 'Can Tho', 'CT', '1');
INSERT INTO `mc_zone` VALUES ('3764', '230', 'Cao Bang', 'CB', '1');
INSERT INTO `mc_zone` VALUES ('3765', '230', 'Dak Lak', 'DL', '1');
INSERT INTO `mc_zone` VALUES ('3766', '230', 'Dak Nong', 'DG', '1');
INSERT INTO `mc_zone` VALUES ('3767', '230', 'Da Nang', 'DN', '1');
INSERT INTO `mc_zone` VALUES ('3768', '230', 'Dien Bien', 'DB', '1');
INSERT INTO `mc_zone` VALUES ('3769', '230', 'Dong Nai', 'DI', '1');
INSERT INTO `mc_zone` VALUES ('3770', '230', 'Dong Thap', 'DT', '1');
INSERT INTO `mc_zone` VALUES ('3771', '230', 'Gia Lai', 'GL', '1');
INSERT INTO `mc_zone` VALUES ('3772', '230', 'Ha Giang', 'HG', '1');
INSERT INTO `mc_zone` VALUES ('3773', '230', 'Hai Duong', 'HD', '1');
INSERT INTO `mc_zone` VALUES ('3774', '230', 'Hai Phong', 'HP', '1');
INSERT INTO `mc_zone` VALUES ('3775', '230', 'Ha Nam', 'HM', '1');
INSERT INTO `mc_zone` VALUES ('3776', '230', 'Ha Noi', 'HI', '1');
INSERT INTO `mc_zone` VALUES ('3777', '230', 'Ha Tay', 'HT', '1');
INSERT INTO `mc_zone` VALUES ('3778', '230', 'Ha Tinh', 'HH', '1');
INSERT INTO `mc_zone` VALUES ('3779', '230', 'Hoa Binh', 'HB', '1');
INSERT INTO `mc_zone` VALUES ('3780', '230', 'Ho Chi Minh City', 'HC', '1');
INSERT INTO `mc_zone` VALUES ('3781', '230', 'Hau Giang', 'HU', '1');
INSERT INTO `mc_zone` VALUES ('3782', '230', 'Hung Yen', 'HY', '1');
INSERT INTO `mc_zone` VALUES ('3783', '232', 'Saint Croix', 'C', '1');
INSERT INTO `mc_zone` VALUES ('3784', '232', 'Saint John', 'J', '1');
INSERT INTO `mc_zone` VALUES ('3785', '232', 'Saint Thomas', 'T', '1');
INSERT INTO `mc_zone` VALUES ('3786', '233', 'Alo', 'A', '1');
INSERT INTO `mc_zone` VALUES ('3787', '233', 'Sigave', 'S', '1');
INSERT INTO `mc_zone` VALUES ('3788', '233', 'Wallis', 'W', '1');
INSERT INTO `mc_zone` VALUES ('3789', '235', 'Abyan', 'AB', '1');
INSERT INTO `mc_zone` VALUES ('3790', '235', 'Adan', 'AD', '1');
INSERT INTO `mc_zone` VALUES ('3791', '235', 'Amran', 'AM', '1');
INSERT INTO `mc_zone` VALUES ('3792', '235', 'Al Bayda', 'BA', '1');
INSERT INTO `mc_zone` VALUES ('3793', '235', 'Ad Dali', 'DA', '1');
INSERT INTO `mc_zone` VALUES ('3794', '235', 'Dhamar', 'DH', '1');
INSERT INTO `mc_zone` VALUES ('3795', '235', 'Hadramawt', 'HD', '1');
INSERT INTO `mc_zone` VALUES ('3796', '235', 'Hajjah', 'HJ', '1');
INSERT INTO `mc_zone` VALUES ('3797', '235', 'Al Hudaydah', 'HU', '1');
INSERT INTO `mc_zone` VALUES ('3798', '235', 'Ibb', 'IB', '1');
INSERT INTO `mc_zone` VALUES ('3799', '235', 'Al Jawf', 'JA', '1');
INSERT INTO `mc_zone` VALUES ('3800', '235', 'Lahij', 'LA', '1');
INSERT INTO `mc_zone` VALUES ('3801', '235', 'Ma\'rib', 'MA', '1');
INSERT INTO `mc_zone` VALUES ('3802', '235', 'Al Mahrah', 'MR', '1');
INSERT INTO `mc_zone` VALUES ('3803', '235', 'Al Mahwit', 'MW', '1');
INSERT INTO `mc_zone` VALUES ('3804', '235', 'Sa\'dah', 'SD', '1');
INSERT INTO `mc_zone` VALUES ('3805', '235', 'San\'a', 'SN', '1');
INSERT INTO `mc_zone` VALUES ('3806', '235', 'Shabwah', 'SH', '1');
INSERT INTO `mc_zone` VALUES ('3807', '235', 'Ta\'izz', 'TA', '1');
INSERT INTO `mc_zone` VALUES ('3812', '237', 'Bas-Congo', 'BC', '1');
INSERT INTO `mc_zone` VALUES ('3813', '237', 'Bandundu', 'BN', '1');
INSERT INTO `mc_zone` VALUES ('3814', '237', 'Equateur', 'EQ', '1');
INSERT INTO `mc_zone` VALUES ('3815', '237', 'Katanga', 'KA', '1');
INSERT INTO `mc_zone` VALUES ('3816', '237', 'Kasai-Oriental', 'KE', '1');
INSERT INTO `mc_zone` VALUES ('3817', '237', 'Kinshasa', 'KN', '1');
INSERT INTO `mc_zone` VALUES ('3818', '237', 'Kasai-Occidental', 'KW', '1');
INSERT INTO `mc_zone` VALUES ('3819', '237', 'Maniema', 'MA', '1');
INSERT INTO `mc_zone` VALUES ('3820', '237', 'Nord-Kivu', 'NK', '1');
INSERT INTO `mc_zone` VALUES ('3821', '237', 'Orientale', 'OR', '1');
INSERT INTO `mc_zone` VALUES ('3822', '237', 'Sud-Kivu', 'SK', '1');
INSERT INTO `mc_zone` VALUES ('3823', '238', 'Central', 'CE', '1');
INSERT INTO `mc_zone` VALUES ('3824', '238', 'Copperbelt', 'CB', '1');
INSERT INTO `mc_zone` VALUES ('3825', '238', 'Eastern', 'EA', '1');
INSERT INTO `mc_zone` VALUES ('3826', '238', 'Luapula', 'LP', '1');
INSERT INTO `mc_zone` VALUES ('3827', '238', 'Lusaka', 'LK', '1');
INSERT INTO `mc_zone` VALUES ('3828', '238', 'Northern', 'NO', '1');
INSERT INTO `mc_zone` VALUES ('3829', '238', 'North-Western', 'NW', '1');
INSERT INTO `mc_zone` VALUES ('3830', '238', 'Southern', 'SO', '1');
INSERT INTO `mc_zone` VALUES ('3831', '238', 'Western', 'WE', '1');
INSERT INTO `mc_zone` VALUES ('3832', '239', 'Bulawayo', 'BU', '1');
INSERT INTO `mc_zone` VALUES ('3833', '239', 'Harare', 'HA', '1');
INSERT INTO `mc_zone` VALUES ('3834', '239', 'Manicaland', 'ML', '1');
INSERT INTO `mc_zone` VALUES ('3835', '239', 'Mashonaland Central', 'MC', '1');
INSERT INTO `mc_zone` VALUES ('3836', '239', 'Mashonaland East', 'ME', '1');
INSERT INTO `mc_zone` VALUES ('3837', '239', 'Mashonaland West', 'MW', '1');
INSERT INTO `mc_zone` VALUES ('3838', '239', 'Masvingo', 'MV', '1');
INSERT INTO `mc_zone` VALUES ('3839', '239', 'Matabeleland North', 'MN', '1');
INSERT INTO `mc_zone` VALUES ('3840', '239', 'Matabeleland South', 'MS', '1');
INSERT INTO `mc_zone` VALUES ('3841', '239', 'Midlands', 'MD', '1');
INSERT INTO `mc_zone` VALUES ('3861', '105', 'Campobasso', 'CB', '1');
INSERT INTO `mc_zone` VALUES ('3862', '105', 'Carbonia-Iglesias', 'CI', '1');
INSERT INTO `mc_zone` VALUES ('3863', '105', 'Caserta', 'CE', '1');
INSERT INTO `mc_zone` VALUES ('3864', '105', 'Catania', 'CT', '1');
INSERT INTO `mc_zone` VALUES ('3865', '105', 'Catanzaro', 'CZ', '1');
INSERT INTO `mc_zone` VALUES ('3866', '105', 'Chieti', 'CH', '1');
INSERT INTO `mc_zone` VALUES ('3867', '105', 'Como', 'CO', '1');
INSERT INTO `mc_zone` VALUES ('3868', '105', 'Cosenza', 'CS', '1');
INSERT INTO `mc_zone` VALUES ('3869', '105', 'Cremona', 'CR', '1');
INSERT INTO `mc_zone` VALUES ('3870', '105', 'Crotone', 'KR', '1');
INSERT INTO `mc_zone` VALUES ('3871', '105', 'Cuneo', 'CN', '1');
INSERT INTO `mc_zone` VALUES ('3872', '105', 'Enna', 'EN', '1');
INSERT INTO `mc_zone` VALUES ('3873', '105', 'Ferrara', 'FE', '1');
INSERT INTO `mc_zone` VALUES ('3874', '105', 'Firenze', 'FI', '1');
INSERT INTO `mc_zone` VALUES ('3875', '105', 'Foggia', 'FG', '1');
INSERT INTO `mc_zone` VALUES ('3876', '105', 'Forli-Cesena', 'FC', '1');
INSERT INTO `mc_zone` VALUES ('3877', '105', 'Frosinone', 'FR', '1');
INSERT INTO `mc_zone` VALUES ('3878', '105', 'Genova', 'GE', '1');
INSERT INTO `mc_zone` VALUES ('3879', '105', 'Gorizia', 'GO', '1');
INSERT INTO `mc_zone` VALUES ('3880', '105', 'Grosseto', 'GR', '1');
INSERT INTO `mc_zone` VALUES ('3881', '105', 'Imperia', 'IM', '1');
INSERT INTO `mc_zone` VALUES ('3882', '105', 'Isernia', 'IS', '1');
INSERT INTO `mc_zone` VALUES ('3883', '105', 'L&#39;Aquila', 'AQ', '1');
INSERT INTO `mc_zone` VALUES ('3884', '105', 'La Spezia', 'SP', '1');
INSERT INTO `mc_zone` VALUES ('3885', '105', 'Latina', 'LT', '1');
INSERT INTO `mc_zone` VALUES ('3886', '105', 'Lecce', 'LE', '1');
INSERT INTO `mc_zone` VALUES ('3887', '105', 'Lecco', 'LC', '1');
INSERT INTO `mc_zone` VALUES ('3888', '105', 'Livorno', 'LI', '1');
INSERT INTO `mc_zone` VALUES ('3889', '105', 'Lodi', 'LO', '1');
INSERT INTO `mc_zone` VALUES ('3890', '105', 'Lucca', 'LU', '1');
INSERT INTO `mc_zone` VALUES ('3891', '105', 'Macerata', 'MC', '1');
INSERT INTO `mc_zone` VALUES ('3892', '105', 'Mantova', 'MN', '1');
INSERT INTO `mc_zone` VALUES ('3893', '105', 'Massa-Carrara', 'MS', '1');
INSERT INTO `mc_zone` VALUES ('3894', '105', 'Matera', 'MT', '1');
INSERT INTO `mc_zone` VALUES ('3895', '105', 'Medio Campidano', 'VS', '1');
INSERT INTO `mc_zone` VALUES ('3896', '105', 'Messina', 'ME', '1');
INSERT INTO `mc_zone` VALUES ('3897', '105', 'Milano', 'MI', '1');
INSERT INTO `mc_zone` VALUES ('3898', '105', 'Modena', 'MO', '1');
INSERT INTO `mc_zone` VALUES ('3899', '105', 'Napoli', 'NA', '1');
INSERT INTO `mc_zone` VALUES ('3900', '105', 'Novara', 'NO', '1');
INSERT INTO `mc_zone` VALUES ('3901', '105', 'Nuoro', 'NU', '1');
INSERT INTO `mc_zone` VALUES ('3902', '105', 'Ogliastra', 'OG', '1');
INSERT INTO `mc_zone` VALUES ('3903', '105', 'Olbia-Tempio', 'OT', '1');
INSERT INTO `mc_zone` VALUES ('3904', '105', 'Oristano', 'OR', '1');
INSERT INTO `mc_zone` VALUES ('3905', '105', 'Padova', 'PD', '1');
INSERT INTO `mc_zone` VALUES ('3906', '105', 'Palermo', 'PA', '1');
INSERT INTO `mc_zone` VALUES ('3907', '105', 'Parma', 'PR', '1');
INSERT INTO `mc_zone` VALUES ('3908', '105', 'Pavia', 'PV', '1');
INSERT INTO `mc_zone` VALUES ('3909', '105', 'Perugia', 'PG', '1');
INSERT INTO `mc_zone` VALUES ('3910', '105', 'Pesaro e Urbino', 'PU', '1');
INSERT INTO `mc_zone` VALUES ('3911', '105', 'Pescara', 'PE', '1');
INSERT INTO `mc_zone` VALUES ('3912', '105', 'Piacenza', 'PC', '1');
INSERT INTO `mc_zone` VALUES ('3913', '105', 'Pisa', 'PI', '1');
INSERT INTO `mc_zone` VALUES ('3914', '105', 'Pistoia', 'PT', '1');
INSERT INTO `mc_zone` VALUES ('3915', '105', 'Pordenone', 'PN', '1');
INSERT INTO `mc_zone` VALUES ('3916', '105', 'Potenza', 'PZ', '1');
INSERT INTO `mc_zone` VALUES ('3917', '105', 'Prato', 'PO', '1');
INSERT INTO `mc_zone` VALUES ('3918', '105', 'Ragusa', 'RG', '1');
INSERT INTO `mc_zone` VALUES ('3919', '105', 'Ravenna', 'RA', '1');
INSERT INTO `mc_zone` VALUES ('3920', '105', 'Reggio Calabria', 'RC', '1');
INSERT INTO `mc_zone` VALUES ('3921', '105', 'Reggio Emilia', 'RE', '1');
INSERT INTO `mc_zone` VALUES ('3922', '105', 'Rieti', 'RI', '1');
INSERT INTO `mc_zone` VALUES ('3923', '105', 'Rimini', 'RN', '1');
INSERT INTO `mc_zone` VALUES ('3924', '105', 'Roma', 'RM', '1');
INSERT INTO `mc_zone` VALUES ('3925', '105', 'Rovigo', 'RO', '1');
INSERT INTO `mc_zone` VALUES ('3926', '105', 'Salerno', 'SA', '1');
INSERT INTO `mc_zone` VALUES ('3927', '105', 'Sassari', 'SS', '1');
INSERT INTO `mc_zone` VALUES ('3928', '105', 'Savona', 'SV', '1');
INSERT INTO `mc_zone` VALUES ('3929', '105', 'Siena', 'SI', '1');
INSERT INTO `mc_zone` VALUES ('3930', '105', 'Siracusa', 'SR', '1');
INSERT INTO `mc_zone` VALUES ('3931', '105', 'Sondrio', 'SO', '1');
INSERT INTO `mc_zone` VALUES ('3932', '105', 'Taranto', 'TA', '1');
INSERT INTO `mc_zone` VALUES ('3933', '105', 'Teramo', 'TE', '1');
INSERT INTO `mc_zone` VALUES ('3934', '105', 'Terni', 'TR', '1');
INSERT INTO `mc_zone` VALUES ('3935', '105', 'Torino', 'TO', '1');
INSERT INTO `mc_zone` VALUES ('3936', '105', 'Trapani', 'TP', '1');
INSERT INTO `mc_zone` VALUES ('3937', '105', 'Trento', 'TN', '1');
INSERT INTO `mc_zone` VALUES ('3938', '105', 'Treviso', 'TV', '1');
INSERT INTO `mc_zone` VALUES ('3939', '105', 'Trieste', 'TS', '1');
INSERT INTO `mc_zone` VALUES ('3940', '105', 'Udine', 'UD', '1');
INSERT INTO `mc_zone` VALUES ('3941', '105', 'Varese', 'VA', '1');
INSERT INTO `mc_zone` VALUES ('3942', '105', 'Venezia', 'VE', '1');
INSERT INTO `mc_zone` VALUES ('3943', '105', 'Verbano-Cusio-Ossola', 'VB', '1');
INSERT INTO `mc_zone` VALUES ('3944', '105', 'Vercelli', 'VC', '1');
INSERT INTO `mc_zone` VALUES ('3945', '105', 'Verona', 'VR', '1');
INSERT INTO `mc_zone` VALUES ('3946', '105', 'Vibo Valentia', 'VV', '1');
INSERT INTO `mc_zone` VALUES ('3947', '105', 'Vicenza', 'VI', '1');
INSERT INTO `mc_zone` VALUES ('3948', '105', 'Viterbo', 'VT', '1');
INSERT INTO `mc_zone` VALUES ('3949', '222', 'County Antrim', 'ANT', '1');
INSERT INTO `mc_zone` VALUES ('3950', '222', 'County Armagh', 'ARM', '1');
INSERT INTO `mc_zone` VALUES ('3951', '222', 'County Down', 'DOW', '1');
INSERT INTO `mc_zone` VALUES ('3952', '222', 'County Fermanagh', 'FER', '1');
INSERT INTO `mc_zone` VALUES ('3953', '222', 'County Londonderry', 'LDY', '1');
INSERT INTO `mc_zone` VALUES ('3954', '222', 'County Tyrone', 'TYR', '1');
INSERT INTO `mc_zone` VALUES ('3955', '222', 'Cumbria', 'CMA', '1');
INSERT INTO `mc_zone` VALUES ('3956', '190', 'Pomurska', '1', '1');
INSERT INTO `mc_zone` VALUES ('3957', '190', 'Podravska', '2', '1');
INSERT INTO `mc_zone` VALUES ('3958', '190', 'Koroška', '3', '1');
INSERT INTO `mc_zone` VALUES ('3959', '190', 'Savinjska', '4', '1');
INSERT INTO `mc_zone` VALUES ('3960', '190', 'Zasavska', '5', '1');
INSERT INTO `mc_zone` VALUES ('3961', '190', 'Spodnjeposavska', '6', '1');
INSERT INTO `mc_zone` VALUES ('3962', '190', 'Jugovzhodna Slovenija', '7', '1');
INSERT INTO `mc_zone` VALUES ('3963', '190', 'Osrednjeslovenska', '8', '1');
INSERT INTO `mc_zone` VALUES ('3964', '190', 'Gorenjska', '9', '1');
INSERT INTO `mc_zone` VALUES ('3965', '190', 'Notranjsko-kraška', '10', '1');
INSERT INTO `mc_zone` VALUES ('3966', '190', 'Goriška', '11', '1');
INSERT INTO `mc_zone` VALUES ('3967', '190', 'Obalno-kraška', '12', '1');
INSERT INTO `mc_zone` VALUES ('3968', '33', 'Ruse', '', '1');
INSERT INTO `mc_zone` VALUES ('3969', '101', 'Alborz', 'ALB', '1');
INSERT INTO `mc_zone` VALUES ('3970', '21', 'Brussels-Capital Region', 'BRU', '1');
INSERT INTO `mc_zone` VALUES ('3971', '138', 'Aguascalientes', 'AG', '1');
INSERT INTO `mc_zone` VALUES ('3973', '242', 'Andrijevica', '01', '1');
INSERT INTO `mc_zone` VALUES ('3974', '242', 'Bar', '02', '1');
INSERT INTO `mc_zone` VALUES ('3975', '242', 'Berane', '03', '1');
INSERT INTO `mc_zone` VALUES ('3976', '242', 'Bijelo Polje', '04', '1');
INSERT INTO `mc_zone` VALUES ('3977', '242', 'Budva', '05', '1');
INSERT INTO `mc_zone` VALUES ('3978', '242', 'Cetinje', '06', '1');
INSERT INTO `mc_zone` VALUES ('3979', '242', 'Danilovgrad', '07', '1');
INSERT INTO `mc_zone` VALUES ('3980', '242', 'Herceg-Novi', '08', '1');
INSERT INTO `mc_zone` VALUES ('3981', '242', 'Kolašin', '09', '1');
INSERT INTO `mc_zone` VALUES ('3982', '242', 'Kotor', '10', '1');
INSERT INTO `mc_zone` VALUES ('3983', '242', 'Mojkovac', '11', '1');
INSERT INTO `mc_zone` VALUES ('3984', '242', 'Nikšić', '12', '1');
INSERT INTO `mc_zone` VALUES ('3985', '242', 'Plav', '13', '1');
INSERT INTO `mc_zone` VALUES ('3986', '242', 'Pljevlja', '14', '1');
INSERT INTO `mc_zone` VALUES ('3987', '242', 'Plužine', '15', '1');
INSERT INTO `mc_zone` VALUES ('3988', '242', 'Podgorica', '16', '1');
INSERT INTO `mc_zone` VALUES ('3989', '242', 'Rožaje', '17', '1');
INSERT INTO `mc_zone` VALUES ('3990', '242', 'Šavnik', '18', '1');
INSERT INTO `mc_zone` VALUES ('3991', '242', 'Tivat', '19', '1');
INSERT INTO `mc_zone` VALUES ('3992', '242', 'Ulcinj', '20', '1');
INSERT INTO `mc_zone` VALUES ('3993', '242', 'Žabljak', '21', '1');
INSERT INTO `mc_zone` VALUES ('3994', '243', 'Belgrade', '00', '1');
INSERT INTO `mc_zone` VALUES ('3995', '243', 'North Bačka', '01', '1');
INSERT INTO `mc_zone` VALUES ('3996', '243', 'Central Banat', '02', '1');
INSERT INTO `mc_zone` VALUES ('3997', '243', 'North Banat', '03', '1');
INSERT INTO `mc_zone` VALUES ('3998', '243', 'South Banat', '04', '1');
INSERT INTO `mc_zone` VALUES ('3999', '243', 'West Bačka', '05', '1');
INSERT INTO `mc_zone` VALUES ('4000', '243', 'South Bačka', '06', '1');
INSERT INTO `mc_zone` VALUES ('4001', '243', 'Srem', '07', '1');
INSERT INTO `mc_zone` VALUES ('4002', '243', 'Mačva', '08', '1');
INSERT INTO `mc_zone` VALUES ('4003', '243', 'Kolubara', '09', '1');
INSERT INTO `mc_zone` VALUES ('4004', '243', 'Podunavlje', '10', '1');
INSERT INTO `mc_zone` VALUES ('4005', '243', 'Braničevo', '11', '1');
INSERT INTO `mc_zone` VALUES ('4006', '243', 'Šumadija', '12', '1');
INSERT INTO `mc_zone` VALUES ('4007', '243', 'Pomoravlje', '13', '1');
INSERT INTO `mc_zone` VALUES ('4008', '243', 'Bor', '14', '1');
INSERT INTO `mc_zone` VALUES ('4009', '243', 'Zaječar', '15', '1');
INSERT INTO `mc_zone` VALUES ('4010', '243', 'Zlatibor', '16', '1');
INSERT INTO `mc_zone` VALUES ('4011', '243', 'Moravica', '17', '1');
INSERT INTO `mc_zone` VALUES ('4012', '243', 'Raška', '18', '1');
INSERT INTO `mc_zone` VALUES ('4013', '243', 'Rasina', '19', '1');
INSERT INTO `mc_zone` VALUES ('4014', '243', 'Nišava', '20', '1');
INSERT INTO `mc_zone` VALUES ('4015', '243', 'Toplica', '21', '1');
INSERT INTO `mc_zone` VALUES ('4016', '243', 'Pirot', '22', '1');
INSERT INTO `mc_zone` VALUES ('4017', '243', 'Jablanica', '23', '1');
INSERT INTO `mc_zone` VALUES ('4018', '243', 'Pčinja', '24', '1');
INSERT INTO `mc_zone` VALUES ('4020', '245', 'Bonaire', 'BO', '1');
INSERT INTO `mc_zone` VALUES ('4021', '245', 'Saba', 'SA', '1');
INSERT INTO `mc_zone` VALUES ('4022', '245', 'Sint Eustatius', 'SE', '1');
INSERT INTO `mc_zone` VALUES ('4023', '248', 'Central Equatoria', 'EC', '1');
INSERT INTO `mc_zone` VALUES ('4024', '248', 'Eastern Equatoria', 'EE', '1');
INSERT INTO `mc_zone` VALUES ('4025', '248', 'Jonglei', 'JG', '1');
INSERT INTO `mc_zone` VALUES ('4026', '248', 'Lakes', 'LK', '1');
INSERT INTO `mc_zone` VALUES ('4027', '248', 'Northern Bahr el-Ghazal', 'BN', '1');
INSERT INTO `mc_zone` VALUES ('4028', '248', 'Unity', 'UY', '1');
INSERT INTO `mc_zone` VALUES ('4029', '248', 'Upper Nile', 'NU', '1');
INSERT INTO `mc_zone` VALUES ('4030', '248', 'Warrap', 'WR', '1');
INSERT INTO `mc_zone` VALUES ('4031', '248', 'Western Bahr el-Ghazal', 'BW', '1');
INSERT INTO `mc_zone` VALUES ('4032', '248', 'Western Equatoria', 'EW', '1');
INSERT INTO `mc_zone` VALUES ('4036', '117', 'Ainaži, Salacgrīvas novads', '0661405', '1');
INSERT INTO `mc_zone` VALUES ('4037', '117', 'Aizkraukle, Aizkraukles novads', '0320201', '1');
INSERT INTO `mc_zone` VALUES ('4038', '117', 'Aizkraukles novads', '0320200', '1');
INSERT INTO `mc_zone` VALUES ('4039', '117', 'Aizpute, Aizputes novads', '0640605', '1');
INSERT INTO `mc_zone` VALUES ('4040', '117', 'Aizputes novads', '0640600', '1');
INSERT INTO `mc_zone` VALUES ('4041', '117', 'Aknīste, Aknīstes novads', '0560805', '1');
INSERT INTO `mc_zone` VALUES ('4042', '117', 'Aknīstes novads', '0560800', '1');
INSERT INTO `mc_zone` VALUES ('4043', '117', 'Aloja, Alojas novads', '0661007', '1');
INSERT INTO `mc_zone` VALUES ('4044', '117', 'Alojas novads', '0661000', '1');
INSERT INTO `mc_zone` VALUES ('4045', '117', 'Alsungas novads', '0624200', '1');
INSERT INTO `mc_zone` VALUES ('4046', '117', 'Alūksne, Alūksnes novads', '0360201', '1');
INSERT INTO `mc_zone` VALUES ('4047', '117', 'Alūksnes novads', '0360200', '1');
INSERT INTO `mc_zone` VALUES ('4048', '117', 'Amatas novads', '0424701', '1');
INSERT INTO `mc_zone` VALUES ('4049', '117', 'Ape, Apes novads', '0360805', '1');
INSERT INTO `mc_zone` VALUES ('4050', '117', 'Apes novads', '0360800', '1');
INSERT INTO `mc_zone` VALUES ('4051', '117', 'Auce, Auces novads', '0460805', '1');
INSERT INTO `mc_zone` VALUES ('4052', '117', 'Auces novads', '0460800', '1');
INSERT INTO `mc_zone` VALUES ('4053', '117', 'Ādažu novads', '0804400', '1');
INSERT INTO `mc_zone` VALUES ('4054', '117', 'Babītes novads', '0804900', '1');
INSERT INTO `mc_zone` VALUES ('4055', '117', 'Baldone, Baldones novads', '0800605', '1');
INSERT INTO `mc_zone` VALUES ('4056', '117', 'Baldones novads', '0800600', '1');
INSERT INTO `mc_zone` VALUES ('4057', '117', 'Baloži, Ķekavas novads', '0800807', '1');
INSERT INTO `mc_zone` VALUES ('4058', '117', 'Baltinavas novads', '0384400', '1');
INSERT INTO `mc_zone` VALUES ('4059', '117', 'Balvi, Balvu novads', '0380201', '1');
INSERT INTO `mc_zone` VALUES ('4060', '117', 'Balvu novads', '0380200', '1');
INSERT INTO `mc_zone` VALUES ('4061', '117', 'Bauska, Bauskas novads', '0400201', '1');
INSERT INTO `mc_zone` VALUES ('4062', '117', 'Bauskas novads', '0400200', '1');
INSERT INTO `mc_zone` VALUES ('4063', '117', 'Beverīnas novads', '0964700', '1');
INSERT INTO `mc_zone` VALUES ('4064', '117', 'Brocēni, Brocēnu novads', '0840605', '1');
INSERT INTO `mc_zone` VALUES ('4065', '117', 'Brocēnu novads', '0840601', '1');
INSERT INTO `mc_zone` VALUES ('4066', '117', 'Burtnieku novads', '0967101', '1');
INSERT INTO `mc_zone` VALUES ('4067', '117', 'Carnikavas novads', '0805200', '1');
INSERT INTO `mc_zone` VALUES ('4068', '117', 'Cesvaine, Cesvaines novads', '0700807', '1');
INSERT INTO `mc_zone` VALUES ('4069', '117', 'Cesvaines novads', '0700800', '1');
INSERT INTO `mc_zone` VALUES ('4070', '117', 'Cēsis, Cēsu novads', '0420201', '1');
INSERT INTO `mc_zone` VALUES ('4071', '117', 'Cēsu novads', '0420200', '1');
INSERT INTO `mc_zone` VALUES ('4072', '117', 'Ciblas novads', '0684901', '1');
INSERT INTO `mc_zone` VALUES ('4073', '117', 'Dagda, Dagdas novads', '0601009', '1');
INSERT INTO `mc_zone` VALUES ('4074', '117', 'Dagdas novads', '0601000', '1');
INSERT INTO `mc_zone` VALUES ('4075', '117', 'Daugavpils', '0050000', '1');
INSERT INTO `mc_zone` VALUES ('4076', '117', 'Daugavpils novads', '0440200', '1');
INSERT INTO `mc_zone` VALUES ('4077', '117', 'Dobele, Dobeles novads', '0460201', '1');
INSERT INTO `mc_zone` VALUES ('4078', '117', 'Dobeles novads', '0460200', '1');
INSERT INTO `mc_zone` VALUES ('4079', '117', 'Dundagas novads', '0885100', '1');
INSERT INTO `mc_zone` VALUES ('4080', '117', 'Durbe, Durbes novads', '0640807', '1');
INSERT INTO `mc_zone` VALUES ('4081', '117', 'Durbes novads', '0640801', '1');
INSERT INTO `mc_zone` VALUES ('4082', '117', 'Engures novads', '0905100', '1');
INSERT INTO `mc_zone` VALUES ('4083', '117', 'Ērgļu novads', '0705500', '1');
INSERT INTO `mc_zone` VALUES ('4084', '117', 'Garkalnes novads', '0806000', '1');
INSERT INTO `mc_zone` VALUES ('4085', '117', 'Grobiņa, Grobiņas novads', '0641009', '1');
INSERT INTO `mc_zone` VALUES ('4086', '117', 'Grobiņas novads', '0641000', '1');
INSERT INTO `mc_zone` VALUES ('4087', '117', 'Gulbene, Gulbenes novads', '0500201', '1');
INSERT INTO `mc_zone` VALUES ('4088', '117', 'Gulbenes novads', '0500200', '1');
INSERT INTO `mc_zone` VALUES ('4089', '117', 'Iecavas novads', '0406400', '1');
INSERT INTO `mc_zone` VALUES ('4090', '117', 'Ikšķile, Ikšķiles novads', '0740605', '1');
INSERT INTO `mc_zone` VALUES ('4091', '117', 'Ikšķiles novads', '0740600', '1');
INSERT INTO `mc_zone` VALUES ('4092', '117', 'Ilūkste, Ilūkstes novads', '0440807', '1');
INSERT INTO `mc_zone` VALUES ('4093', '117', 'Ilūkstes novads', '0440801', '1');
INSERT INTO `mc_zone` VALUES ('4094', '117', 'Inčukalna novads', '0801800', '1');
INSERT INTO `mc_zone` VALUES ('4095', '117', 'Jaunjelgava, Jaunjelgavas novads', '0321007', '1');
INSERT INTO `mc_zone` VALUES ('4096', '117', 'Jaunjelgavas novads', '0321000', '1');
INSERT INTO `mc_zone` VALUES ('4097', '117', 'Jaunpiebalgas novads', '0425700', '1');
INSERT INTO `mc_zone` VALUES ('4098', '117', 'Jaunpils novads', '0905700', '1');
INSERT INTO `mc_zone` VALUES ('4099', '117', 'Jelgava', '0090000', '1');
INSERT INTO `mc_zone` VALUES ('4100', '117', 'Jelgavas novads', '0540200', '1');
INSERT INTO `mc_zone` VALUES ('4101', '117', 'Jēkabpils', '0110000', '1');
INSERT INTO `mc_zone` VALUES ('4102', '117', 'Jēkabpils novads', '0560200', '1');
INSERT INTO `mc_zone` VALUES ('4103', '117', 'Jūrmala', '0130000', '1');
INSERT INTO `mc_zone` VALUES ('4104', '117', 'Kalnciems, Jelgavas novads', '0540211', '1');
INSERT INTO `mc_zone` VALUES ('4105', '117', 'Kandava, Kandavas novads', '0901211', '1');
INSERT INTO `mc_zone` VALUES ('4106', '117', 'Kandavas novads', '0901201', '1');
INSERT INTO `mc_zone` VALUES ('4107', '117', 'Kārsava, Kārsavas novads', '0681009', '1');
INSERT INTO `mc_zone` VALUES ('4108', '117', 'Kārsavas novads', '0681000', '1');
INSERT INTO `mc_zone` VALUES ('4109', '117', 'Kocēnu novads ,bij. Valmieras)', '0960200', '1');
INSERT INTO `mc_zone` VALUES ('4110', '117', 'Kokneses novads', '0326100', '1');
INSERT INTO `mc_zone` VALUES ('4111', '117', 'Krāslava, Krāslavas novads', '0600201', '1');
INSERT INTO `mc_zone` VALUES ('4112', '117', 'Krāslavas novads', '0600202', '1');
INSERT INTO `mc_zone` VALUES ('4113', '117', 'Krimuldas novads', '0806900', '1');
INSERT INTO `mc_zone` VALUES ('4114', '117', 'Krustpils novads', '0566900', '1');
INSERT INTO `mc_zone` VALUES ('4115', '117', 'Kuldīga, Kuldīgas novads', '0620201', '1');
INSERT INTO `mc_zone` VALUES ('4116', '117', 'Kuldīgas novads', '0620200', '1');
INSERT INTO `mc_zone` VALUES ('4117', '117', 'Ķeguma novads', '0741001', '1');
INSERT INTO `mc_zone` VALUES ('4118', '117', 'Ķegums, Ķeguma novads', '0741009', '1');
INSERT INTO `mc_zone` VALUES ('4119', '117', 'Ķekavas novads', '0800800', '1');
INSERT INTO `mc_zone` VALUES ('4120', '117', 'Lielvārde, Lielvārdes novads', '0741413', '1');
INSERT INTO `mc_zone` VALUES ('4121', '117', 'Lielvārdes novads', '0741401', '1');
INSERT INTO `mc_zone` VALUES ('4122', '117', 'Liepāja', '0170000', '1');
INSERT INTO `mc_zone` VALUES ('4123', '117', 'Limbaži, Limbažu novads', '0660201', '1');
INSERT INTO `mc_zone` VALUES ('4124', '117', 'Limbažu novads', '0660200', '1');
INSERT INTO `mc_zone` VALUES ('4125', '117', 'Līgatne, Līgatnes novads', '0421211', '1');
INSERT INTO `mc_zone` VALUES ('4126', '117', 'Līgatnes novads', '0421200', '1');
INSERT INTO `mc_zone` VALUES ('4127', '117', 'Līvāni, Līvānu novads', '0761211', '1');
INSERT INTO `mc_zone` VALUES ('4128', '117', 'Līvānu novads', '0761201', '1');
INSERT INTO `mc_zone` VALUES ('4129', '117', 'Lubāna, Lubānas novads', '0701413', '1');
INSERT INTO `mc_zone` VALUES ('4130', '117', 'Lubānas novads', '0701400', '1');
INSERT INTO `mc_zone` VALUES ('4131', '117', 'Ludza, Ludzas novads', '0680201', '1');
INSERT INTO `mc_zone` VALUES ('4132', '117', 'Ludzas novads', '0680200', '1');
INSERT INTO `mc_zone` VALUES ('4133', '117', 'Madona, Madonas novads', '0700201', '1');
INSERT INTO `mc_zone` VALUES ('4134', '117', 'Madonas novads', '0700200', '1');
INSERT INTO `mc_zone` VALUES ('4135', '117', 'Mazsalaca, Mazsalacas novads', '0961011', '1');
INSERT INTO `mc_zone` VALUES ('4136', '117', 'Mazsalacas novads', '0961000', '1');
INSERT INTO `mc_zone` VALUES ('4137', '117', 'Mālpils novads', '0807400', '1');
INSERT INTO `mc_zone` VALUES ('4138', '117', 'Mārupes novads', '0807600', '1');
INSERT INTO `mc_zone` VALUES ('4139', '117', 'Mērsraga novads', '0887600', '1');
INSERT INTO `mc_zone` VALUES ('4140', '117', 'Naukšēnu novads', '0967300', '1');
INSERT INTO `mc_zone` VALUES ('4141', '117', 'Neretas novads', '0327100', '1');
INSERT INTO `mc_zone` VALUES ('4142', '117', 'Nīcas novads', '0647900', '1');
INSERT INTO `mc_zone` VALUES ('4143', '117', 'Ogre, Ogres novads', '0740201', '1');
INSERT INTO `mc_zone` VALUES ('4144', '117', 'Ogres novads', '0740202', '1');
INSERT INTO `mc_zone` VALUES ('4145', '117', 'Olaine, Olaines novads', '0801009', '1');
INSERT INTO `mc_zone` VALUES ('4146', '117', 'Olaines novads', '0801000', '1');
INSERT INTO `mc_zone` VALUES ('4147', '117', 'Ozolnieku novads', '0546701', '1');
INSERT INTO `mc_zone` VALUES ('4148', '117', 'Pārgaujas novads', '0427500', '1');
INSERT INTO `mc_zone` VALUES ('4149', '117', 'Pāvilosta, Pāvilostas novads', '0641413', '1');
INSERT INTO `mc_zone` VALUES ('4150', '117', 'Pāvilostas novads', '0641401', '1');
INSERT INTO `mc_zone` VALUES ('4151', '117', 'Piltene, Ventspils novads', '0980213', '1');
INSERT INTO `mc_zone` VALUES ('4152', '117', 'Pļaviņas, Pļaviņu novads', '0321413', '1');
INSERT INTO `mc_zone` VALUES ('4153', '117', 'Pļaviņu novads', '0321400', '1');
INSERT INTO `mc_zone` VALUES ('4154', '117', 'Preiļi, Preiļu novads', '0760201', '1');
INSERT INTO `mc_zone` VALUES ('4155', '117', 'Preiļu novads', '0760202', '1');
INSERT INTO `mc_zone` VALUES ('4156', '117', 'Priekule, Priekules novads', '0641615', '1');
INSERT INTO `mc_zone` VALUES ('4157', '117', 'Priekules novads', '0641600', '1');
INSERT INTO `mc_zone` VALUES ('4158', '117', 'Priekuļu novads', '0427300', '1');
INSERT INTO `mc_zone` VALUES ('4159', '117', 'Raunas novads', '0427700', '1');
INSERT INTO `mc_zone` VALUES ('4160', '117', 'Rēzekne', '0210000', '1');
INSERT INTO `mc_zone` VALUES ('4161', '117', 'Rēzeknes novads', '0780200', '1');
INSERT INTO `mc_zone` VALUES ('4162', '117', 'Riebiņu novads', '0766300', '1');
INSERT INTO `mc_zone` VALUES ('4163', '117', 'Rīga', '0010000', '1');
INSERT INTO `mc_zone` VALUES ('4164', '117', 'Rojas novads', '0888300', '1');
INSERT INTO `mc_zone` VALUES ('4165', '117', 'Ropažu novads', '0808400', '1');
INSERT INTO `mc_zone` VALUES ('4166', '117', 'Rucavas novads', '0648500', '1');
INSERT INTO `mc_zone` VALUES ('4167', '117', 'Rugāju novads', '0387500', '1');
INSERT INTO `mc_zone` VALUES ('4168', '117', 'Rundāles novads', '0407700', '1');
INSERT INTO `mc_zone` VALUES ('4169', '117', 'Rūjiena, Rūjienas novads', '0961615', '1');
INSERT INTO `mc_zone` VALUES ('4170', '117', 'Rūjienas novads', '0961600', '1');
INSERT INTO `mc_zone` VALUES ('4171', '117', 'Sabile, Talsu novads', '0880213', '1');
INSERT INTO `mc_zone` VALUES ('4172', '117', 'Salacgrīva, Salacgrīvas novads', '0661415', '1');
INSERT INTO `mc_zone` VALUES ('4173', '117', 'Salacgrīvas novads', '0661400', '1');
INSERT INTO `mc_zone` VALUES ('4174', '117', 'Salas novads', '0568700', '1');
INSERT INTO `mc_zone` VALUES ('4175', '117', 'Salaspils novads', '0801200', '1');
INSERT INTO `mc_zone` VALUES ('4176', '117', 'Salaspils, Salaspils novads', '0801211', '1');
INSERT INTO `mc_zone` VALUES ('4177', '117', 'Saldus novads', '0840200', '1');
INSERT INTO `mc_zone` VALUES ('4178', '117', 'Saldus, Saldus novads', '0840201', '1');
INSERT INTO `mc_zone` VALUES ('4179', '117', 'Saulkrasti, Saulkrastu novads', '0801413', '1');
INSERT INTO `mc_zone` VALUES ('4180', '117', 'Saulkrastu novads', '0801400', '1');
INSERT INTO `mc_zone` VALUES ('4181', '117', 'Seda, Strenču novads', '0941813', '1');
INSERT INTO `mc_zone` VALUES ('4182', '117', 'Sējas novads', '0809200', '1');
INSERT INTO `mc_zone` VALUES ('4183', '117', 'Sigulda, Siguldas novads', '0801615', '1');
INSERT INTO `mc_zone` VALUES ('4184', '117', 'Siguldas novads', '0801601', '1');
INSERT INTO `mc_zone` VALUES ('4185', '117', 'Skrīveru novads', '0328200', '1');
INSERT INTO `mc_zone` VALUES ('4186', '117', 'Skrunda, Skrundas novads', '0621209', '1');
INSERT INTO `mc_zone` VALUES ('4187', '117', 'Skrundas novads', '0621200', '1');
INSERT INTO `mc_zone` VALUES ('4188', '117', 'Smiltene, Smiltenes novads', '0941615', '1');
INSERT INTO `mc_zone` VALUES ('4189', '117', 'Smiltenes novads', '0941600', '1');
INSERT INTO `mc_zone` VALUES ('4190', '117', 'Staicele, Alojas novads', '0661017', '1');
INSERT INTO `mc_zone` VALUES ('4191', '117', 'Stende, Talsu novads', '0880215', '1');
INSERT INTO `mc_zone` VALUES ('4192', '117', 'Stopiņu novads', '0809600', '1');
INSERT INTO `mc_zone` VALUES ('4193', '117', 'Strenči, Strenču novads', '0941817', '1');
INSERT INTO `mc_zone` VALUES ('4194', '117', 'Strenču novads', '0941800', '1');
INSERT INTO `mc_zone` VALUES ('4195', '117', 'Subate, Ilūkstes novads', '0440815', '1');
INSERT INTO `mc_zone` VALUES ('4196', '117', 'Talsi, Talsu novads', '0880201', '1');
INSERT INTO `mc_zone` VALUES ('4197', '117', 'Talsu novads', '0880200', '1');
INSERT INTO `mc_zone` VALUES ('4198', '117', 'Tērvetes novads', '0468900', '1');
INSERT INTO `mc_zone` VALUES ('4199', '117', 'Tukuma novads', '0900200', '1');
INSERT INTO `mc_zone` VALUES ('4200', '117', 'Tukums, Tukuma novads', '0900201', '1');
INSERT INTO `mc_zone` VALUES ('4201', '117', 'Vaiņodes novads', '0649300', '1');
INSERT INTO `mc_zone` VALUES ('4202', '117', 'Valdemārpils, Talsu novads', '0880217', '1');
INSERT INTO `mc_zone` VALUES ('4203', '117', 'Valka, Valkas novads', '0940201', '1');
INSERT INTO `mc_zone` VALUES ('4204', '117', 'Valkas novads', '0940200', '1');
INSERT INTO `mc_zone` VALUES ('4205', '117', 'Valmiera', '0250000', '1');
INSERT INTO `mc_zone` VALUES ('4206', '117', 'Vangaži, Inčukalna novads', '0801817', '1');
INSERT INTO `mc_zone` VALUES ('4207', '117', 'Varakļāni, Varakļānu novads', '0701817', '1');
INSERT INTO `mc_zone` VALUES ('4208', '117', 'Varakļānu novads', '0701800', '1');
INSERT INTO `mc_zone` VALUES ('4209', '117', 'Vārkavas novads', '0769101', '1');
INSERT INTO `mc_zone` VALUES ('4210', '117', 'Vecpiebalgas novads', '0429300', '1');
INSERT INTO `mc_zone` VALUES ('4211', '117', 'Vecumnieku novads', '0409500', '1');
INSERT INTO `mc_zone` VALUES ('4212', '117', 'Ventspils', '0270000', '1');
INSERT INTO `mc_zone` VALUES ('4213', '117', 'Ventspils novads', '0980200', '1');
INSERT INTO `mc_zone` VALUES ('4214', '117', 'Viesīte, Viesītes novads', '0561815', '1');
INSERT INTO `mc_zone` VALUES ('4215', '117', 'Viesītes novads', '0561800', '1');
INSERT INTO `mc_zone` VALUES ('4216', '117', 'Viļaka, Viļakas novads', '0381615', '1');
INSERT INTO `mc_zone` VALUES ('4217', '117', 'Viļakas novads', '0381600', '1');
INSERT INTO `mc_zone` VALUES ('4218', '117', 'Viļāni, Viļānu novads', '0781817', '1');
INSERT INTO `mc_zone` VALUES ('4219', '117', 'Viļānu novads', '0781800', '1');
INSERT INTO `mc_zone` VALUES ('4220', '117', 'Zilupe, Zilupes novads', '0681817', '1');
INSERT INTO `mc_zone` VALUES ('4221', '117', 'Zilupes novads', '0681801', '1');
INSERT INTO `mc_zone` VALUES ('4222', '43', 'Arica y Parinacota', 'AP', '1');
INSERT INTO `mc_zone` VALUES ('4223', '43', 'Los Rios', 'LR', '1');
INSERT INTO `mc_zone` VALUES ('4224', '220', 'Kharkivs\'ka Oblast\'', '63', '1');
INSERT INTO `mc_zone` VALUES ('4225', '44', '西藏自治区', 'TB', '1');
INSERT INTO `mc_zone` VALUES ('4226', '44', '台湾省', 'TW', '1');
INSERT INTO `mc_zone` VALUES ('4227', '44', '青海省', 'QH', '1');

-- ----------------------------
-- Table structure for mc_zone_to_geo_zone
-- ----------------------------
DROP TABLE IF EXISTS `mc_zone_to_geo_zone`;
CREATE TABLE `mc_zone_to_geo_zone` (
  `zone_to_geo_zone_id` int(11) NOT NULL AUTO_INCREMENT,
  `country_id` int(11) NOT NULL,
  `zone_id` int(11) NOT NULL DEFAULT '0',
  `city_id` int(11) NOT NULL,
  `district_id` int(11) NOT NULL,
  `geo_zone_id` int(11) NOT NULL,
  `date_added` datetime NOT NULL,
  `date_modified` datetime NOT NULL,
  PRIMARY KEY (`zone_to_geo_zone_id`)
) ENGINE=MyISAM AUTO_INCREMENT=175 DEFAULT CHARSET=utf8;

-- ----------------------------
-- Records of mc_zone_to_geo_zone
-- ----------------------------
INSERT INTO `mc_zone_to_geo_zone` VALUES ('110', '44', '712', '0', '0', '4', '2015-04-01 22:11:53', '2015-04-01 22:23:18');
INSERT INTO `mc_zone_to_geo_zone` VALUES ('141', '44', '4226', '0', '0', '5', '2015-04-01 22:24:09', '2015-04-01 22:23:18');
INSERT INTO `mc_zone_to_geo_zone` VALUES ('140', '44', '696', '0', '0', '5', '2015-04-01 22:24:09', '2015-04-01 22:23:18');
INSERT INTO `mc_zone_to_geo_zone` VALUES ('139', '44', '704', '0', '0', '5', '2015-04-01 22:24:09', '2015-04-01 22:23:18');
INSERT INTO `mc_zone_to_geo_zone` VALUES ('138', '44', '694', '0', '0', '3', '2015-04-01 22:23:18', '2015-04-01 22:23:18');
INSERT INTO `mc_zone_to_geo_zone` VALUES ('137', '44', '706', '0', '0', '3', '2015-04-01 22:23:18', '2015-04-01 22:23:18');
INSERT INTO `mc_zone_to_geo_zone` VALUES ('136', '44', '686', '0', '0', '3', '2015-04-01 22:23:18', '2015-04-01 22:23:18');
INSERT INTO `mc_zone_to_geo_zone` VALUES ('135', '44', '703', '0', '0', '3', '2015-04-01 22:23:18', '2015-04-01 22:23:18');
INSERT INTO `mc_zone_to_geo_zone` VALUES ('134', '44', '691', '0', '0', '3', '2015-04-01 22:23:18', '2015-04-01 22:23:18');
INSERT INTO `mc_zone_to_geo_zone` VALUES ('133', '44', '687', '0', '0', '3', '2015-04-01 22:23:18', '2015-04-01 22:23:18');
INSERT INTO `mc_zone_to_geo_zone` VALUES ('132', '44', '688', '0', '0', '3', '2015-04-01 22:23:18', '2015-04-01 22:23:18');
INSERT INTO `mc_zone_to_geo_zone` VALUES ('131', '44', '698', '0', '0', '3', '2015-04-01 22:23:18', '2015-04-01 22:23:18');
INSERT INTO `mc_zone_to_geo_zone` VALUES ('130', '44', '697', '0', '0', '3', '2015-04-01 22:23:18', '2015-04-01 22:23:18');
INSERT INTO `mc_zone_to_geo_zone` VALUES ('129', '44', '692', '0', '0', '3', '2015-04-01 22:23:18', '2015-04-01 22:23:18');
INSERT INTO `mc_zone_to_geo_zone` VALUES ('128', '44', '714', '0', '0', '3', '2015-04-01 22:23:18', '2015-04-01 22:23:18');
INSERT INTO `mc_zone_to_geo_zone` VALUES ('127', '44', '695', '0', '0', '3', '2015-04-01 22:23:18', '2015-04-01 22:23:18');
INSERT INTO `mc_zone_to_geo_zone` VALUES ('126', '44', '693', '0', '0', '3', '2015-04-01 22:23:18', '2015-04-01 22:23:18');
INSERT INTO `mc_zone_to_geo_zone` VALUES ('125', '44', '701', '0', '0', '3', '2015-04-01 22:23:18', '2015-04-01 22:23:18');
INSERT INTO `mc_zone_to_geo_zone` VALUES ('124', '44', '700', '0', '0', '3', '2015-04-01 22:23:18', '2015-04-01 22:23:18');
INSERT INTO `mc_zone_to_geo_zone` VALUES ('123', '44', '690', '0', '0', '3', '2015-04-01 22:23:18', '2015-04-01 22:23:18');
INSERT INTO `mc_zone_to_geo_zone` VALUES ('122', '44', '689', '0', '0', '3', '2015-04-01 22:23:18', '2015-04-01 22:23:18');
INSERT INTO `mc_zone_to_geo_zone` VALUES ('121', '44', '709', '0', '0', '3', '2015-04-01 22:23:18', '2015-04-01 22:23:18');
INSERT INTO `mc_zone_to_geo_zone` VALUES ('120', '44', '707', '0', '0', '3', '2015-04-01 22:23:18', '2015-04-01 22:23:18');
INSERT INTO `mc_zone_to_geo_zone` VALUES ('119', '44', '684', '0', '0', '3', '2015-04-01 22:23:18', '2015-04-01 22:23:18');
INSERT INTO `mc_zone_to_geo_zone` VALUES ('118', '44', '711', '0', '0', '3', '2015-04-01 22:23:18', '2015-04-01 22:23:18');
INSERT INTO `mc_zone_to_geo_zone` VALUES ('117', '44', '710', '0', '0', '3', '2015-04-01 22:23:18', '2015-04-01 22:23:18');
INSERT INTO `mc_zone_to_geo_zone` VALUES ('116', '44', '702', '0', '0', '3', '2015-04-01 22:23:18', '2015-04-01 22:23:18');
INSERT INTO `mc_zone_to_geo_zone` VALUES ('115', '44', '685', '0', '0', '3', '2015-04-01 22:23:18', '2015-04-01 22:23:18');
INSERT INTO `mc_zone_to_geo_zone` VALUES ('114', '44', '713', '0', '0', '3', '2015-04-01 22:23:18', '2015-04-01 22:23:18');
INSERT INTO `mc_zone_to_geo_zone` VALUES ('113', '44', '708', '0', '0', '3', '2015-04-01 22:23:18', '2015-04-01 22:23:18');
INSERT INTO `mc_zone_to_geo_zone` VALUES ('111', '44', '4225', '0', '0', '4', '2015-04-01 22:11:53', '2015-04-01 22:23:18');
INSERT INTO `mc_zone_to_geo_zone` VALUES ('112', '44', '705', '0', '0', '4', '2015-04-01 22:11:53', '2015-04-01 22:23:18');
INSERT INTO `mc_zone_to_geo_zone` VALUES ('174', '44', '685', '18', '127', '6', '2017-08-19 15:58:20', '0000-00-00 00:00:00');
INSERT INTO `mc_zone_to_geo_zone` VALUES ('173', '44', '685', '18', '124', '6', '2017-08-19 15:58:20', '0000-00-00 00:00:00');
INSERT INTO `mc_zone_to_geo_zone` VALUES ('172', '44', '685', '18', '123', '6', '2017-08-19 15:58:20', '0000-00-00 00:00:00');
